ISO-10303-21;
HEADER;
FILE_DESCRIPTION(('Open CASCADE Model'),'2;1');
FILE_NAME('Open CASCADE Shape Model','2026-07-23T14:37:01',('Author'),(
    'Open CASCADE'),'Open CASCADE STEP processor 7.9','build123d',
  'Unknown');
FILE_SCHEMA(('AUTOMOTIVE_DESIGN { 1 0 10303 214 1 1 1 1 }'));
ENDSEC;
DATA;
#1 = APPLICATION_PROTOCOL_DEFINITION('international standard',
  'automotive_design',2000,#2);
#2 = APPLICATION_CONTEXT(
  'core data for automotive mechanical design processes');
#3 = SHAPE_DEFINITION_REPRESENTATION(#4,#10);
#4 = PRODUCT_DEFINITION_SHAPE('','',#5);
#5 = PRODUCT_DEFINITION('design','',#6,#9);
#6 = PRODUCT_DEFINITION_FORMATION('','',#7);
#7 = PRODUCT('COMPOUND','COMPOUND','',(#8));
#8 = PRODUCT_CONTEXT('',#2,'mechanical');
#9 = PRODUCT_DEFINITION_CONTEXT('part definition',#2,'design');
#10 = ADVANCED_BREP_SHAPE_REPRESENTATION('',(#11,#15),#11305);
#11 = AXIS2_PLACEMENT_3D('',#12,#13,#14);
#12 = CARTESIAN_POINT('',(0.,0.,0.));
#13 = DIRECTION('',(0.,0.,1.));
#14 = DIRECTION('',(1.,0.,-0.));
#15 = MANIFOLD_SOLID_BREP('',#16);
#16 = CLOSED_SHELL('',(#17,#137,#218,#299,#800,#847,#901,#950,#1142,
    #1169,#1218,#1267,#1314,#1341,#1417,#1466,#1515,#1564,#1613,#1640,
    #1716,#1765,#1814,#1863,#1912,#1939,#1966,#1993,#2020,#2047,#2054,
    #2460,#2469,#2478,#2555,#2610,#2967,#3617,#3670,#4746,#4799,#4805,
    #5108,#5161,#5167,#5172,#5177,#5182,#5187,#5192,#5898,#7041,#7046,
    #7051,#7056,#7061,#7066,#7071,#7119,#7377,#7382,#7387,#7392,#7397,
    #7402,#7407,#8100,#9244,#9249,#9254,#9259,#9264,#9269,#9274,#9322,
    #9580,#9585,#10291,#10296,#10301,#10306,#10311,#10316,#10321,#10326,
    #10331,#10336,#10341,#10346,#10935,#10983,#11038,#11043,#11048,
    #11053,#11058,#11063,#11068,#11123,#11192,#11237,#11269,#11273,
    #11298));
#17 = ADVANCED_FACE('',(#18),#32,.F.);
#18 = FACE_BOUND('',#19,.F.);
#19 = EDGE_LOOP('',(#20,#55,#83,#111));
#20 = ORIENTED_EDGE('',*,*,#21,.F.);
#21 = EDGE_CURVE('',#22,#24,#26,.T.);
#22 = VERTEX_POINT('',#23);
#23 = CARTESIAN_POINT('',(-28.,-14.5,0.4));
#24 = VERTEX_POINT('',#25);
#25 = CARTESIAN_POINT('',(-28.,-14.5,10.));
#26 = SURFACE_CURVE('',#27,(#31,#43),.PCURVE_S1.);
#27 = LINE('',#28,#29);
#28 = CARTESIAN_POINT('',(-28.,-14.5,0.));
#29 = VECTOR('',#30,1.);
#30 = DIRECTION('',(0.,0.,1.));
#31 = PCURVE('',#32,#37);
#32 = PLANE('',#33);
#33 = AXIS2_PLACEMENT_3D('',#34,#35,#36);
#34 = CARTESIAN_POINT('',(-28.,-14.5,0.));
#35 = DIRECTION('',(1.,0.,-0.));
#36 = DIRECTION('',(0.,0.,1.));
#37 = DEFINITIONAL_REPRESENTATION('',(#38),#42);
#38 = LINE('',#39,#40);
#39 = CARTESIAN_POINT('',(0.,0.));
#40 = VECTOR('',#41,1.);
#41 = DIRECTION('',(1.,0.));
#42 = ( GEOMETRIC_REPRESENTATION_CONTEXT(2) 
PARAMETRIC_REPRESENTATION_CONTEXT() REPRESENTATION_CONTEXT('2D SPACE',''
  ) );
#43 = PCURVE('',#44,#49);
#44 = PLANE('',#45);
#45 = AXIS2_PLACEMENT_3D('',#46,#47,#48);
#46 = CARTESIAN_POINT('',(-28.,-14.5,0.));
#47 = DIRECTION('',(-0.,1.,0.));
#48 = DIRECTION('',(0.,0.,1.));
#49 = DEFINITIONAL_REPRESENTATION('',(#50),#54);
#50 = LINE('',#51,#52);
#51 = CARTESIAN_POINT('',(0.,0.));
#52 = VECTOR('',#53,1.);
#53 = DIRECTION('',(1.,0.));
#54 = ( GEOMETRIC_REPRESENTATION_CONTEXT(2) 
PARAMETRIC_REPRESENTATION_CONTEXT() REPRESENTATION_CONTEXT('2D SPACE',''
  ) );
#55 = ORIENTED_EDGE('',*,*,#56,.T.);
#56 = EDGE_CURVE('',#22,#57,#59,.T.);
#57 = VERTEX_POINT('',#58);
#58 = CARTESIAN_POINT('',(-28.,23.5,0.4));
#59 = SURFACE_CURVE('',#60,(#64,#71),.PCURVE_S1.);
#60 = LINE('',#61,#62);
#61 = CARTESIAN_POINT('',(-28.,-14.5,0.4));
#62 = VECTOR('',#63,1.);
#63 = DIRECTION('',(-0.,1.,0.));
#64 = PCURVE('',#32,#65);
#65 = DEFINITIONAL_REPRESENTATION('',(#66),#70);
#66 = LINE('',#67,#68);
#67 = CARTESIAN_POINT('',(0.4,0.));
#68 = VECTOR('',#69,1.);
#69 = DIRECTION('',(0.,-1.));
#70 = ( GEOMETRIC_REPRESENTATION_CONTEXT(2) 
PARAMETRIC_REPRESENTATION_CONTEXT() REPRESENTATION_CONTEXT('2D SPACE',''
  ) );
#71 = PCURVE('',#72,#77);
#72 = PLANE('',#73);
#73 = AXIS2_PLACEMENT_3D('',#74,#75,#76);
#74 = CARTESIAN_POINT('',(-27.8,-14.5,0.2));
#75 = DIRECTION('',(-0.707106781187,-5.332783484717E-18,-0.707106781187)
  );
#76 = DIRECTION('',(-3.770847364643E-18,1.,-3.770847364643E-18));
#77 = DEFINITIONAL_REPRESENTATION('',(#78),#82);
#78 = LINE('',#79,#80);
#79 = CARTESIAN_POINT('',(0.,-0.282842712475));
#80 = VECTOR('',#81,1.);
#81 = DIRECTION('',(1.,0.));
#82 = ( GEOMETRIC_REPRESENTATION_CONTEXT(2) 
PARAMETRIC_REPRESENTATION_CONTEXT() REPRESENTATION_CONTEXT('2D SPACE',''
  ) );
#83 = ORIENTED_EDGE('',*,*,#84,.T.);
#84 = EDGE_CURVE('',#57,#85,#87,.T.);
#85 = VERTEX_POINT('',#86);
#86 = CARTESIAN_POINT('',(-28.,23.5,10.));
#87 = SURFACE_CURVE('',#88,(#92,#99),.PCURVE_S1.);
#88 = LINE('',#89,#90);
#89 = CARTESIAN_POINT('',(-28.,23.5,0.));
#90 = VECTOR('',#91,1.);
#91 = DIRECTION('',(0.,0.,1.));
#92 = PCURVE('',#32,#93);
#93 = DEFINITIONAL_REPRESENTATION('',(#94),#98);
#94 = LINE('',#95,#96);
#95 = CARTESIAN_POINT('',(0.,-38.));
#96 = VECTOR('',#97,1.);
#97 = DIRECTION('',(1.,0.));
#98 = ( GEOMETRIC_REPRESENTATION_CONTEXT(2) 
PARAMETRIC_REPRESENTATION_CONTEXT() REPRESENTATION_CONTEXT('2D SPACE',''
  ) );
#99 = PCURVE('',#100,#105);
#100 = PLANE('',#101);
#101 = AXIS2_PLACEMENT_3D('',#102,#103,#104);
#102 = CARTESIAN_POINT('',(-28.,23.5,0.));
#103 = DIRECTION('',(-0.,1.,0.));
#104 = DIRECTION('',(0.,0.,1.));
#105 = DEFINITIONAL_REPRESENTATION('',(#106),#110);
#106 = LINE('',#107,#108);
#107 = CARTESIAN_POINT('',(0.,0.));
#108 = VECTOR('',#109,1.);
#109 = DIRECTION('',(1.,0.));
#110 = ( GEOMETRIC_REPRESENTATION_CONTEXT(2) 
PARAMETRIC_REPRESENTATION_CONTEXT() REPRESENTATION_CONTEXT('2D SPACE',''
  ) );
#111 = ORIENTED_EDGE('',*,*,#112,.F.);
#112 = EDGE_CURVE('',#24,#85,#113,.T.);
#113 = SURFACE_CURVE('',#114,(#118,#125),.PCURVE_S1.);
#114 = LINE('',#115,#116);
#115 = CARTESIAN_POINT('',(-28.,-14.5,10.));
#116 = VECTOR('',#117,1.);
#117 = DIRECTION('',(-0.,1.,0.));
#118 = PCURVE('',#32,#119);
#119 = DEFINITIONAL_REPRESENTATION('',(#120),#124);
#120 = LINE('',#121,#122);
#121 = CARTESIAN_POINT('',(10.,0.));
#122 = VECTOR('',#123,1.);
#123 = DIRECTION('',(0.,-1.));
#124 = ( GEOMETRIC_REPRESENTATION_CONTEXT(2) 
PARAMETRIC_REPRESENTATION_CONTEXT() REPRESENTATION_CONTEXT('2D SPACE',''
  ) );
#125 = PCURVE('',#126,#131);
#126 = PLANE('',#127);
#127 = AXIS2_PLACEMENT_3D('',#128,#129,#130);
#128 = CARTESIAN_POINT('',(-28.,-14.5,10.));
#129 = DIRECTION('',(0.,0.,1.));
#130 = DIRECTION('',(1.,0.,-0.));
#131 = DEFINITIONAL_REPRESENTATION('',(#132),#136);
#132 = LINE('',#133,#134);
#133 = CARTESIAN_POINT('',(0.,0.));
#134 = VECTOR('',#135,1.);
#135 = DIRECTION('',(0.,1.));
#136 = ( GEOMETRIC_REPRESENTATION_CONTEXT(2) 
PARAMETRIC_REPRESENTATION_CONTEXT() REPRESENTATION_CONTEXT('2D SPACE',''
  ) );
#137 = ADVANCED_FACE('',(#138),#44,.F.);
#138 = FACE_BOUND('',#139,.F.);
#139 = EDGE_LOOP('',(#140,#170,#196,#197));
#140 = ORIENTED_EDGE('',*,*,#141,.F.);
#141 = EDGE_CURVE('',#142,#144,#146,.T.);
#142 = VERTEX_POINT('',#143);
#143 = CARTESIAN_POINT('',(28.,-14.5,0.4));
#144 = VERTEX_POINT('',#145);
#145 = CARTESIAN_POINT('',(28.,-14.5,10.));
#146 = SURFACE_CURVE('',#147,(#151,#158),.PCURVE_S1.);
#147 = LINE('',#148,#149);
#148 = CARTESIAN_POINT('',(28.,-14.5,0.));
#149 = VECTOR('',#150,1.);
#150 = DIRECTION('',(0.,0.,1.));
#151 = PCURVE('',#44,#152);
#152 = DEFINITIONAL_REPRESENTATION('',(#153),#157);
#153 = LINE('',#154,#155);
#154 = CARTESIAN_POINT('',(0.,56.));
#155 = VECTOR('',#156,1.);
#156 = DIRECTION('',(1.,0.));
#157 = ( GEOMETRIC_REPRESENTATION_CONTEXT(2) 
PARAMETRIC_REPRESENTATION_CONTEXT() REPRESENTATION_CONTEXT('2D SPACE',''
  ) );
#158 = PCURVE('',#159,#164);
#159 = PLANE('',#160);
#160 = AXIS2_PLACEMENT_3D('',#161,#162,#163);
#161 = CARTESIAN_POINT('',(28.,-14.5,0.));
#162 = DIRECTION('',(1.,0.,-0.));
#163 = DIRECTION('',(0.,0.,1.));
#164 = DEFINITIONAL_REPRESENTATION('',(#165),#169);
#165 = LINE('',#166,#167);
#166 = CARTESIAN_POINT('',(0.,0.));
#167 = VECTOR('',#168,1.);
#168 = DIRECTION('',(1.,0.));
#169 = ( GEOMETRIC_REPRESENTATION_CONTEXT(2) 
PARAMETRIC_REPRESENTATION_CONTEXT() REPRESENTATION_CONTEXT('2D SPACE',''
  ) );
#170 = ORIENTED_EDGE('',*,*,#171,.F.);
#171 = EDGE_CURVE('',#22,#142,#172,.T.);
#172 = SURFACE_CURVE('',#173,(#177,#184),.PCURVE_S1.);
#173 = LINE('',#174,#175);
#174 = CARTESIAN_POINT('',(-28.,-14.5,0.4));
#175 = VECTOR('',#176,1.);
#176 = DIRECTION('',(1.,0.,-0.));
#177 = PCURVE('',#44,#178);
#178 = DEFINITIONAL_REPRESENTATION('',(#179),#183);
#179 = LINE('',#180,#181);
#180 = CARTESIAN_POINT('',(0.4,0.));
#181 = VECTOR('',#182,1.);
#182 = DIRECTION('',(0.,1.));
#183 = ( GEOMETRIC_REPRESENTATION_CONTEXT(2) 
PARAMETRIC_REPRESENTATION_CONTEXT() REPRESENTATION_CONTEXT('2D SPACE',''
  ) );
#184 = PCURVE('',#185,#190);
#185 = PLANE('',#186);
#186 = AXIS2_PLACEMENT_3D('',#187,#188,#189);
#187 = CARTESIAN_POINT('',(-28.,-14.3,0.2));
#188 = DIRECTION('',(-2.068430171249E-18,-0.707106781187,-0.707106781187
    ));
#189 = DIRECTION('',(-1.,1.462601000501E-18,1.462601000501E-18));
#190 = DEFINITIONAL_REPRESENTATION('',(#191),#195);
#191 = LINE('',#192,#193);
#192 = CARTESIAN_POINT('',(-0.,-0.282842712475));
#193 = VECTOR('',#194,1.);
#194 = DIRECTION('',(-1.,0.));
#195 = ( GEOMETRIC_REPRESENTATION_CONTEXT(2) 
PARAMETRIC_REPRESENTATION_CONTEXT() REPRESENTATION_CONTEXT('2D SPACE',''
  ) );
#196 = ORIENTED_EDGE('',*,*,#21,.T.);
#197 = ORIENTED_EDGE('',*,*,#198,.T.);
#198 = EDGE_CURVE('',#24,#144,#199,.T.);
#199 = SURFACE_CURVE('',#200,(#204,#211),.PCURVE_S1.);
#200 = LINE('',#201,#202);
#201 = CARTESIAN_POINT('',(-28.,-14.5,10.));
#202 = VECTOR('',#203,1.);
#203 = DIRECTION('',(1.,0.,-0.));
#204 = PCURVE('',#44,#205);
#205 = DEFINITIONAL_REPRESENTATION('',(#206),#210);
#206 = LINE('',#207,#208);
#207 = CARTESIAN_POINT('',(10.,0.));
#208 = VECTOR('',#209,1.);
#209 = DIRECTION('',(0.,1.));
#210 = ( GEOMETRIC_REPRESENTATION_CONTEXT(2) 
PARAMETRIC_REPRESENTATION_CONTEXT() REPRESENTATION_CONTEXT('2D SPACE',''
  ) );
#211 = PCURVE('',#126,#212);
#212 = DEFINITIONAL_REPRESENTATION('',(#213),#217);
#213 = LINE('',#214,#215);
#214 = CARTESIAN_POINT('',(0.,0.));
#215 = VECTOR('',#216,1.);
#216 = DIRECTION('',(1.,0.));
#217 = ( GEOMETRIC_REPRESENTATION_CONTEXT(2) 
PARAMETRIC_REPRESENTATION_CONTEXT() REPRESENTATION_CONTEXT('2D SPACE',''
  ) );
#218 = ADVANCED_FACE('',(#219),#72,.T.);
#219 = FACE_BOUND('',#220,.T.);
#220 = EDGE_LOOP('',(#221,#244,#245,#273));
#221 = ORIENTED_EDGE('',*,*,#222,.F.);
#222 = EDGE_CURVE('',#22,#223,#225,.T.);
#223 = VERTEX_POINT('',#224);
#224 = CARTESIAN_POINT('',(-27.6,-14.1,5.551115123126E-17));
#225 = SURFACE_CURVE('',#226,(#230,#237),.PCURVE_S1.);
#226 = LINE('',#227,#228);
#227 = CARTESIAN_POINT('',(-27.86666666666,-14.36666666666,
    0.266666666667));
#228 = VECTOR('',#229,1.);
#229 = DIRECTION('',(0.57735026919,0.57735026919,-0.57735026919));
#230 = PCURVE('',#72,#231);
#231 = DEFINITIONAL_REPRESENTATION('',(#232),#236);
#232 = LINE('',#233,#234);
#233 = CARTESIAN_POINT('',(0.133333333333,-9.428090415821E-02));
#234 = VECTOR('',#235,1.);
#235 = DIRECTION('',(0.57735026919,0.816496580928));
#236 = ( GEOMETRIC_REPRESENTATION_CONTEXT(2) 
PARAMETRIC_REPRESENTATION_CONTEXT() REPRESENTATION_CONTEXT('2D SPACE',''
  ) );
#237 = PCURVE('',#185,#238);
#238 = DEFINITIONAL_REPRESENTATION('',(#239),#243);
#239 = LINE('',#240,#241);
#240 = CARTESIAN_POINT('',(-0.133333333333,-9.428090415821E-02));
#241 = VECTOR('',#242,1.);
#242 = DIRECTION('',(-0.57735026919,0.816496580928));
#243 = ( GEOMETRIC_REPRESENTATION_CONTEXT(2) 
PARAMETRIC_REPRESENTATION_CONTEXT() REPRESENTATION_CONTEXT('2D SPACE',''
  ) );
#244 = ORIENTED_EDGE('',*,*,#56,.T.);
#245 = ORIENTED_EDGE('',*,*,#246,.T.);
#246 = EDGE_CURVE('',#57,#247,#249,.T.);
#247 = VERTEX_POINT('',#248);
#248 = CARTESIAN_POINT('',(-27.6,23.1,5.551115123126E-17));
#249 = SURFACE_CURVE('',#250,(#254,#261),.PCURVE_S1.);
#250 = LINE('',#251,#252);
#251 = CARTESIAN_POINT('',(-21.53333333333,17.033333333333,
    -6.066666666667));
#252 = VECTOR('',#253,1.);
#253 = DIRECTION('',(0.57735026919,-0.57735026919,-0.57735026919));
#254 = PCURVE('',#72,#255);
#255 = DEFINITIONAL_REPRESENTATION('',(#256),#260);
#256 = LINE('',#257,#258);
#257 = CARTESIAN_POINT('',(31.533333333333,8.862404990871));
#258 = VECTOR('',#259,1.);
#259 = DIRECTION('',(-0.57735026919,0.816496580928));
#260 = ( GEOMETRIC_REPRESENTATION_CONTEXT(2) 
PARAMETRIC_REPRESENTATION_CONTEXT() REPRESENTATION_CONTEXT('2D SPACE',''
  ) );
#261 = PCURVE('',#262,#267);
#262 = PLANE('',#263);
#263 = AXIS2_PLACEMENT_3D('',#264,#265,#266);
#264 = CARTESIAN_POINT('',(-28.,23.3,0.2));
#265 = DIRECTION('',(-5.47005954057E-18,-0.707106781187,0.707106781187)
  );
#266 = DIRECTION('',(-1.,3.867916194631E-18,-3.867916194631E-18));
#267 = DEFINITIONAL_REPRESENTATION('',(#268),#272);
#268 = LINE('',#269,#270);
#269 = CARTESIAN_POINT('',(-6.466666666667,8.862404990871));
#270 = VECTOR('',#271,1.);
#271 = DIRECTION('',(-0.57735026919,0.816496580928));
#272 = ( GEOMETRIC_REPRESENTATION_CONTEXT(2) 
PARAMETRIC_REPRESENTATION_CONTEXT() REPRESENTATION_CONTEXT('2D SPACE',''
  ) );
#273 = ORIENTED_EDGE('',*,*,#274,.F.);
#274 = EDGE_CURVE('',#223,#247,#275,.T.);
#275 = SURFACE_CURVE('',#276,(#280,#287),.PCURVE_S1.);
#276 = LINE('',#277,#278);
#277 = CARTESIAN_POINT('',(-27.6,-14.5,0.));
#278 = VECTOR('',#279,1.);
#279 = DIRECTION('',(-0.,1.,0.));
#280 = PCURVE('',#72,#281);
#281 = DEFINITIONAL_REPRESENTATION('',(#282),#286);
#282 = LINE('',#283,#284);
#283 = CARTESIAN_POINT('',(0.,0.282842712475));
#284 = VECTOR('',#285,1.);
#285 = DIRECTION('',(1.,0.));
#286 = ( GEOMETRIC_REPRESENTATION_CONTEXT(2) 
PARAMETRIC_REPRESENTATION_CONTEXT() REPRESENTATION_CONTEXT('2D SPACE',''
  ) );
#287 = PCURVE('',#288,#293);
#288 = PLANE('',#289);
#289 = AXIS2_PLACEMENT_3D('',#290,#291,#292);
#290 = CARTESIAN_POINT('',(-28.,-14.5,0.));
#291 = DIRECTION('',(0.,0.,1.));
#292 = DIRECTION('',(1.,0.,-0.));
#293 = DEFINITIONAL_REPRESENTATION('',(#294),#298);
#294 = LINE('',#295,#296);
#295 = CARTESIAN_POINT('',(0.4,0.));
#296 = VECTOR('',#297,1.);
#297 = DIRECTION('',(0.,1.));
#298 = ( GEOMETRIC_REPRESENTATION_CONTEXT(2) 
PARAMETRIC_REPRESENTATION_CONTEXT() REPRESENTATION_CONTEXT('2D SPACE',''
  ) );
#299 = ADVANCED_FACE('',(#300,#460,#630),#126,.T.);
#300 = FACE_BOUND('',#301,.T.);
#301 = EDGE_LOOP('',(#302,#325,#326,#327,#350,#378,#406,#434));
#302 = ORIENTED_EDGE('',*,*,#303,.F.);
#303 = EDGE_CURVE('',#85,#304,#306,.T.);
#304 = VERTEX_POINT('',#305);
#305 = CARTESIAN_POINT('',(-4.,23.5,10.));
#306 = SURFACE_CURVE('',#307,(#311,#318),.PCURVE_S1.);
#307 = LINE('',#308,#309);
#308 = CARTESIAN_POINT('',(-28.,23.5,10.));
#309 = VECTOR('',#310,1.);
#310 = DIRECTION('',(1.,0.,-0.));
#311 = PCURVE('',#126,#312);
#312 = DEFINITIONAL_REPRESENTATION('',(#313),#317);
#313 = LINE('',#314,#315);
#314 = CARTESIAN_POINT('',(0.,38.));
#315 = VECTOR('',#316,1.);
#316 = DIRECTION('',(1.,0.));
#317 = ( GEOMETRIC_REPRESENTATION_CONTEXT(2) 
PARAMETRIC_REPRESENTATION_CONTEXT() REPRESENTATION_CONTEXT('2D SPACE',''
  ) );
#318 = PCURVE('',#100,#319);
#319 = DEFINITIONAL_REPRESENTATION('',(#320),#324);
#320 = LINE('',#321,#322);
#321 = CARTESIAN_POINT('',(10.,0.));
#322 = VECTOR('',#323,1.);
#323 = DIRECTION('',(0.,1.));
#324 = ( GEOMETRIC_REPRESENTATION_CONTEXT(2) 
PARAMETRIC_REPRESENTATION_CONTEXT() REPRESENTATION_CONTEXT('2D SPACE',''
  ) );
#325 = ORIENTED_EDGE('',*,*,#112,.F.);
#326 = ORIENTED_EDGE('',*,*,#198,.T.);
#327 = ORIENTED_EDGE('',*,*,#328,.T.);
#328 = EDGE_CURVE('',#144,#329,#331,.T.);
#329 = VERTEX_POINT('',#330);
#330 = CARTESIAN_POINT('',(28.,23.5,10.));
#331 = SURFACE_CURVE('',#332,(#336,#343),.PCURVE_S1.);
#332 = LINE('',#333,#334);
#333 = CARTESIAN_POINT('',(28.,-14.5,10.));
#334 = VECTOR('',#335,1.);
#335 = DIRECTION('',(-0.,1.,0.));
#336 = PCURVE('',#126,#337);
#337 = DEFINITIONAL_REPRESENTATION('',(#338),#342);
#338 = LINE('',#339,#340);
#339 = CARTESIAN_POINT('',(56.,0.));
#340 = VECTOR('',#341,1.);
#341 = DIRECTION('',(0.,1.));
#342 = ( GEOMETRIC_REPRESENTATION_CONTEXT(2) 
PARAMETRIC_REPRESENTATION_CONTEXT() REPRESENTATION_CONTEXT('2D SPACE',''
  ) );
#343 = PCURVE('',#159,#344);
#344 = DEFINITIONAL_REPRESENTATION('',(#345),#349);
#345 = LINE('',#346,#347);
#346 = CARTESIAN_POINT('',(10.,0.));
#347 = VECTOR('',#348,1.);
#348 = DIRECTION('',(0.,-1.));
#349 = ( GEOMETRIC_REPRESENTATION_CONTEXT(2) 
PARAMETRIC_REPRESENTATION_CONTEXT() REPRESENTATION_CONTEXT('2D SPACE',''
  ) );
#350 = ORIENTED_EDGE('',*,*,#351,.F.);
#351 = EDGE_CURVE('',#352,#329,#354,.T.);
#352 = VERTEX_POINT('',#353);
#353 = CARTESIAN_POINT('',(4.,23.5,10.));
#354 = SURFACE_CURVE('',#355,(#359,#366),.PCURVE_S1.);
#355 = LINE('',#356,#357);
#356 = CARTESIAN_POINT('',(-28.,23.5,10.));
#357 = VECTOR('',#358,1.);
#358 = DIRECTION('',(1.,0.,-0.));
#359 = PCURVE('',#126,#360);
#360 = DEFINITIONAL_REPRESENTATION('',(#361),#365);
#361 = LINE('',#362,#363);
#362 = CARTESIAN_POINT('',(0.,38.));
#363 = VECTOR('',#364,1.);
#364 = DIRECTION('',(1.,0.));
#365 = ( GEOMETRIC_REPRESENTATION_CONTEXT(2) 
PARAMETRIC_REPRESENTATION_CONTEXT() REPRESENTATION_CONTEXT('2D SPACE',''
  ) );
#366 = PCURVE('',#367,#372);
#367 = PLANE('',#368);
#368 = AXIS2_PLACEMENT_3D('',#369,#370,#371);
#369 = CARTESIAN_POINT('',(-28.,23.5,0.));
#370 = DIRECTION('',(-0.,1.,0.));
#371 = DIRECTION('',(0.,0.,1.));
#372 = DEFINITIONAL_REPRESENTATION('',(#373),#377);
#373 = LINE('',#374,#375);
#374 = CARTESIAN_POINT('',(10.,0.));
#375 = VECTOR('',#376,1.);
#376 = DIRECTION('',(0.,1.));
#377 = ( GEOMETRIC_REPRESENTATION_CONTEXT(2) 
PARAMETRIC_REPRESENTATION_CONTEXT() REPRESENTATION_CONTEXT('2D SPACE',''
  ) );
#378 = ORIENTED_EDGE('',*,*,#379,.F.);
#379 = EDGE_CURVE('',#380,#352,#382,.T.);
#380 = VERTEX_POINT('',#381);
#381 = CARTESIAN_POINT('',(4.,21.4,10.));
#382 = SURFACE_CURVE('',#383,(#387,#394),.PCURVE_S1.);
#383 = LINE('',#384,#385);
#384 = CARTESIAN_POINT('',(4.,21.4,10.));
#385 = VECTOR('',#386,1.);
#386 = DIRECTION('',(-0.,1.,0.));
#387 = PCURVE('',#126,#388);
#388 = DEFINITIONAL_REPRESENTATION('',(#389),#393);
#389 = LINE('',#390,#391);
#390 = CARTESIAN_POINT('',(32.,35.9));
#391 = VECTOR('',#392,1.);
#392 = DIRECTION('',(0.,1.));
#393 = ( GEOMETRIC_REPRESENTATION_CONTEXT(2) 
PARAMETRIC_REPRESENTATION_CONTEXT() REPRESENTATION_CONTEXT('2D SPACE',''
  ) );
#394 = PCURVE('',#395,#400);
#395 = PLANE('',#396);
#396 = AXIS2_PLACEMENT_3D('',#397,#398,#399);
#397 = CARTESIAN_POINT('',(4.,21.4,0.));
#398 = DIRECTION('',(1.,0.,-0.));
#399 = DIRECTION('',(0.,0.,1.));
#400 = DEFINITIONAL_REPRESENTATION('',(#401),#405);
#401 = LINE('',#402,#403);
#402 = CARTESIAN_POINT('',(10.,0.));
#403 = VECTOR('',#404,1.);
#404 = DIRECTION('',(0.,-1.));
#405 = ( GEOMETRIC_REPRESENTATION_CONTEXT(2) 
PARAMETRIC_REPRESENTATION_CONTEXT() REPRESENTATION_CONTEXT('2D SPACE',''
  ) );
#406 = ORIENTED_EDGE('',*,*,#407,.F.);
#407 = EDGE_CURVE('',#408,#380,#410,.T.);
#408 = VERTEX_POINT('',#409);
#409 = CARTESIAN_POINT('',(-4.,21.4,10.));
#410 = SURFACE_CURVE('',#411,(#415,#422),.PCURVE_S1.);
#411 = LINE('',#412,#413);
#412 = CARTESIAN_POINT('',(-4.,21.4,10.));
#413 = VECTOR('',#414,1.);
#414 = DIRECTION('',(1.,0.,-0.));
#415 = PCURVE('',#126,#416);
#416 = DEFINITIONAL_REPRESENTATION('',(#417),#421);
#417 = LINE('',#418,#419);
#418 = CARTESIAN_POINT('',(24.,35.9));
#419 = VECTOR('',#420,1.);
#420 = DIRECTION('',(1.,0.));
#421 = ( GEOMETRIC_REPRESENTATION_CONTEXT(2) 
PARAMETRIC_REPRESENTATION_CONTEXT() REPRESENTATION_CONTEXT('2D SPACE',''
  ) );
#422 = PCURVE('',#423,#428);
#423 = PLANE('',#424);
#424 = AXIS2_PLACEMENT_3D('',#425,#426,#427);
#425 = CARTESIAN_POINT('',(-4.,21.4,0.));
#426 = DIRECTION('',(-0.,1.,0.));
#427 = DIRECTION('',(0.,0.,1.));
#428 = DEFINITIONAL_REPRESENTATION('',(#429),#433);
#429 = LINE('',#430,#431);
#430 = CARTESIAN_POINT('',(10.,0.));
#431 = VECTOR('',#432,1.);
#432 = DIRECTION('',(0.,1.));
#433 = ( GEOMETRIC_REPRESENTATION_CONTEXT(2) 
PARAMETRIC_REPRESENTATION_CONTEXT() REPRESENTATION_CONTEXT('2D SPACE',''
  ) );
#434 = ORIENTED_EDGE('',*,*,#435,.T.);
#435 = EDGE_CURVE('',#408,#304,#436,.T.);
#436 = SURFACE_CURVE('',#437,(#441,#448),.PCURVE_S1.);
#437 = LINE('',#438,#439);
#438 = CARTESIAN_POINT('',(-4.,21.4,10.));
#439 = VECTOR('',#440,1.);
#440 = DIRECTION('',(-0.,1.,0.));
#441 = PCURVE('',#126,#442);
#442 = DEFINITIONAL_REPRESENTATION('',(#443),#447);
#443 = LINE('',#444,#445);
#444 = CARTESIAN_POINT('',(24.,35.9));
#445 = VECTOR('',#446,1.);
#446 = DIRECTION('',(0.,1.));
#447 = ( GEOMETRIC_REPRESENTATION_CONTEXT(2) 
PARAMETRIC_REPRESENTATION_CONTEXT() REPRESENTATION_CONTEXT('2D SPACE',''
  ) );
#448 = PCURVE('',#449,#454);
#449 = PLANE('',#450);
#450 = AXIS2_PLACEMENT_3D('',#451,#452,#453);
#451 = CARTESIAN_POINT('',(-4.,21.4,0.));
#452 = DIRECTION('',(1.,0.,-0.));
#453 = DIRECTION('',(0.,0.,1.));
#454 = DEFINITIONAL_REPRESENTATION('',(#455),#459);
#455 = LINE('',#456,#457);
#456 = CARTESIAN_POINT('',(10.,0.));
#457 = VECTOR('',#458,1.);
#458 = DIRECTION('',(0.,-1.));
#459 = ( GEOMETRIC_REPRESENTATION_CONTEXT(2) 
PARAMETRIC_REPRESENTATION_CONTEXT() REPRESENTATION_CONTEXT('2D SPACE',''
  ) );
#460 = FACE_BOUND('',#461,.T.);
#461 = EDGE_LOOP('',(#462,#492,#520,#548,#576,#604));
#462 = ORIENTED_EDGE('',*,*,#463,.F.);
#463 = EDGE_CURVE('',#464,#466,#468,.T.);
#464 = VERTEX_POINT('',#465);
#465 = CARTESIAN_POINT('',(-24.175,21.6,10.));
#466 = VERTEX_POINT('',#467);
#467 = CARTESIAN_POINT('',(-24.5,12.75,10.));
#468 = SURFACE_CURVE('',#469,(#473,#480),.PCURVE_S1.);
#469 = LINE('',#470,#471);
#470 = CARTESIAN_POINT('',(-24.175,21.6,10.));
#471 = VECTOR('',#472,1.);
#472 = DIRECTION('',(-3.669842659955E-02,-0.999326385865,0.));
#473 = PCURVE('',#126,#474);
#474 = DEFINITIONAL_REPRESENTATION('',(#475),#479);
#475 = LINE('',#476,#477);
#476 = CARTESIAN_POINT('',(3.825,36.1));
#477 = VECTOR('',#478,1.);
#478 = DIRECTION('',(-3.669842659955E-02,-0.999326385865));
#479 = ( GEOMETRIC_REPRESENTATION_CONTEXT(2) 
PARAMETRIC_REPRESENTATION_CONTEXT() REPRESENTATION_CONTEXT('2D SPACE',''
  ) );
#480 = PCURVE('',#481,#486);
#481 = PLANE('',#482);
#482 = AXIS2_PLACEMENT_3D('',#483,#484,#485);
#483 = CARTESIAN_POINT('',(-24.175,21.6,10.));
#484 = DIRECTION('',(0.999326385865,-3.669842659955E-02,0.));
#485 = DIRECTION('',(-3.669842659955E-02,-0.999326385865,0.));
#486 = DEFINITIONAL_REPRESENTATION('',(#487),#491);
#487 = LINE('',#488,#489);
#488 = CARTESIAN_POINT('',(0.,0.));
#489 = VECTOR('',#490,1.);
#490 = DIRECTION('',(1.,0.));
#491 = ( GEOMETRIC_REPRESENTATION_CONTEXT(2) 
PARAMETRIC_REPRESENTATION_CONTEXT() REPRESENTATION_CONTEXT('2D SPACE',''
  ) );
#492 = ORIENTED_EDGE('',*,*,#493,.F.);
#493 = EDGE_CURVE('',#494,#464,#496,.T.);
#494 = VERTEX_POINT('',#495);
#495 = CARTESIAN_POINT('',(-20.475,21.6,10.));
#496 = SURFACE_CURVE('',#497,(#501,#508),.PCURVE_S1.);
#497 = LINE('',#498,#499);
#498 = CARTESIAN_POINT('',(-20.475,21.6,10.));
#499 = VECTOR('',#500,1.);
#500 = DIRECTION('',(-1.,0.,0.));
#501 = PCURVE('',#126,#502);
#502 = DEFINITIONAL_REPRESENTATION('',(#503),#507);
#503 = LINE('',#504,#505);
#504 = CARTESIAN_POINT('',(7.525,36.1));
#505 = VECTOR('',#506,1.);
#506 = DIRECTION('',(-1.,0.));
#507 = ( GEOMETRIC_REPRESENTATION_CONTEXT(2) 
PARAMETRIC_REPRESENTATION_CONTEXT() REPRESENTATION_CONTEXT('2D SPACE',''
  ) );
#508 = PCURVE('',#509,#514);
#509 = PLANE('',#510);
#510 = AXIS2_PLACEMENT_3D('',#511,#512,#513);
#511 = CARTESIAN_POINT('',(-20.475,21.6,10.));
#512 = DIRECTION('',(0.,-1.,0.));
#513 = DIRECTION('',(-1.,0.,0.));
#514 = DEFINITIONAL_REPRESENTATION('',(#515),#519);
#515 = LINE('',#516,#517);
#516 = CARTESIAN_POINT('',(0.,-0.));
#517 = VECTOR('',#518,1.);
#518 = DIRECTION('',(1.,0.));
#519 = ( GEOMETRIC_REPRESENTATION_CONTEXT(2) 
PARAMETRIC_REPRESENTATION_CONTEXT() REPRESENTATION_CONTEXT('2D SPACE',''
  ) );
#520 = ORIENTED_EDGE('',*,*,#521,.F.);
#521 = EDGE_CURVE('',#522,#494,#524,.T.);
#522 = VERTEX_POINT('',#523);
#523 = CARTESIAN_POINT('',(-20.15,12.75,10.));
#524 = SURFACE_CURVE('',#525,(#529,#536),.PCURVE_S1.);
#525 = LINE('',#526,#527);
#526 = CARTESIAN_POINT('',(-20.15,12.75,10.));
#527 = VECTOR('',#528,1.);
#528 = DIRECTION('',(-3.669842659955E-02,0.999326385865,0.));
#529 = PCURVE('',#126,#530);
#530 = DEFINITIONAL_REPRESENTATION('',(#531),#535);
#531 = LINE('',#532,#533);
#532 = CARTESIAN_POINT('',(7.85,27.25));
#533 = VECTOR('',#534,1.);
#534 = DIRECTION('',(-3.669842659955E-02,0.999326385865));
#535 = ( GEOMETRIC_REPRESENTATION_CONTEXT(2) 
PARAMETRIC_REPRESENTATION_CONTEXT() REPRESENTATION_CONTEXT('2D SPACE',''
  ) );
#536 = PCURVE('',#537,#542);
#537 = PLANE('',#538);
#538 = AXIS2_PLACEMENT_3D('',#539,#540,#541);
#539 = CARTESIAN_POINT('',(-20.15,12.75,10.));
#540 = DIRECTION('',(-0.999326385865,-3.669842659955E-02,0.));
#541 = DIRECTION('',(-3.669842659955E-02,0.999326385865,0.));
#542 = DEFINITIONAL_REPRESENTATION('',(#543),#547);
#543 = LINE('',#544,#545);
#544 = CARTESIAN_POINT('',(0.,0.));
#545 = VECTOR('',#546,1.);
#546 = DIRECTION('',(1.,0.));
#547 = ( GEOMETRIC_REPRESENTATION_CONTEXT(2) 
PARAMETRIC_REPRESENTATION_CONTEXT() REPRESENTATION_CONTEXT('2D SPACE',''
  ) );
#548 = ORIENTED_EDGE('',*,*,#549,.F.);
#549 = EDGE_CURVE('',#550,#522,#552,.T.);
#550 = VERTEX_POINT('',#551);
#551 = CARTESIAN_POINT('',(-20.8075,-0.4,10.));
#552 = SURFACE_CURVE('',#553,(#557,#564),.PCURVE_S1.);
#553 = LINE('',#554,#555);
#554 = CARTESIAN_POINT('',(-20.8075,-0.4,10.));
#555 = VECTOR('',#556,1.);
#556 = DIRECTION('',(4.993761694389E-02,0.998752338878,0.));
#557 = PCURVE('',#126,#558);
#558 = DEFINITIONAL_REPRESENTATION('',(#559),#563);
#559 = LINE('',#560,#561);
#560 = CARTESIAN_POINT('',(7.1925,14.1));
#561 = VECTOR('',#562,1.);
#562 = DIRECTION('',(4.993761694389E-02,0.998752338878));
#563 = ( GEOMETRIC_REPRESENTATION_CONTEXT(2) 
PARAMETRIC_REPRESENTATION_CONTEXT() REPRESENTATION_CONTEXT('2D SPACE',''
  ) );
#564 = PCURVE('',#565,#570);
#565 = PLANE('',#566);
#566 = AXIS2_PLACEMENT_3D('',#567,#568,#569);
#567 = CARTESIAN_POINT('',(-20.8075,-0.4,10.));
#568 = DIRECTION('',(-0.998752338878,4.993761694389E-02,0.));
#569 = DIRECTION('',(4.993761694389E-02,0.998752338878,0.));
#570 = DEFINITIONAL_REPRESENTATION('',(#571),#575);
#571 = LINE('',#572,#573);
#572 = CARTESIAN_POINT('',(0.,0.));
#573 = VECTOR('',#574,1.);
#574 = DIRECTION('',(1.,0.));
#575 = ( GEOMETRIC_REPRESENTATION_CONTEXT(2) 
PARAMETRIC_REPRESENTATION_CONTEXT() REPRESENTATION_CONTEXT('2D SPACE',''
  ) );
#576 = ORIENTED_EDGE('',*,*,#577,.F.);
#577 = EDGE_CURVE('',#578,#550,#580,.T.);
#578 = VERTEX_POINT('',#579);
#579 = CARTESIAN_POINT('',(-23.8425,-0.4,10.));
#580 = SURFACE_CURVE('',#581,(#585,#592),.PCURVE_S1.);
#581 = LINE('',#582,#583);
#582 = CARTESIAN_POINT('',(-23.8425,-0.4,10.));
#583 = VECTOR('',#584,1.);
#584 = DIRECTION('',(1.,0.,0.));
#585 = PCURVE('',#126,#586);
#586 = DEFINITIONAL_REPRESENTATION('',(#587),#591);
#587 = LINE('',#588,#589);
#588 = CARTESIAN_POINT('',(4.1575,14.1));
#589 = VECTOR('',#590,1.);
#590 = DIRECTION('',(1.,0.));
#591 = ( GEOMETRIC_REPRESENTATION_CONTEXT(2) 
PARAMETRIC_REPRESENTATION_CONTEXT() REPRESENTATION_CONTEXT('2D SPACE',''
  ) );
#592 = PCURVE('',#593,#598);
#593 = PLANE('',#594);
#594 = AXIS2_PLACEMENT_3D('',#595,#596,#597);
#595 = CARTESIAN_POINT('',(-23.8425,-0.4,10.));
#596 = DIRECTION('',(0.,1.,0.));
#597 = DIRECTION('',(1.,0.,0.));
#598 = DEFINITIONAL_REPRESENTATION('',(#599),#603);
#599 = LINE('',#600,#601);
#600 = CARTESIAN_POINT('',(0.,0.));
#601 = VECTOR('',#602,1.);
#602 = DIRECTION('',(1.,0.));
#603 = ( GEOMETRIC_REPRESENTATION_CONTEXT(2) 
PARAMETRIC_REPRESENTATION_CONTEXT() REPRESENTATION_CONTEXT('2D SPACE',''
  ) );
#604 = ORIENTED_EDGE('',*,*,#605,.F.);
#605 = EDGE_CURVE('',#466,#578,#606,.T.);
#606 = SURFACE_CURVE('',#607,(#611,#618),.PCURVE_S1.);
#607 = LINE('',#608,#609);
#608 = CARTESIAN_POINT('',(-24.5,12.75,10.));
#609 = VECTOR('',#610,1.);
#610 = DIRECTION('',(4.993761694389E-02,-0.998752338878,0.));
#611 = PCURVE('',#126,#612);
#612 = DEFINITIONAL_REPRESENTATION('',(#613),#617);
#613 = LINE('',#614,#615);
#614 = CARTESIAN_POINT('',(3.5,27.25));
#615 = VECTOR('',#616,1.);
#616 = DIRECTION('',(4.993761694389E-02,-0.998752338878));
#617 = ( GEOMETRIC_REPRESENTATION_CONTEXT(2) 
PARAMETRIC_REPRESENTATION_CONTEXT() REPRESENTATION_CONTEXT('2D SPACE',''
  ) );
#618 = PCURVE('',#619,#624);
#619 = PLANE('',#620);
#620 = AXIS2_PLACEMENT_3D('',#621,#622,#623);
#621 = CARTESIAN_POINT('',(-24.5,12.75,10.));
#622 = DIRECTION('',(0.998752338878,4.993761694389E-02,-0.));
#623 = DIRECTION('',(4.993761694389E-02,-0.998752338878,0.));
#624 = DEFINITIONAL_REPRESENTATION('',(#625),#629);
#625 = LINE('',#626,#627);
#626 = CARTESIAN_POINT('',(0.,0.));
#627 = VECTOR('',#628,1.);
#628 = DIRECTION('',(1.,0.));
#629 = ( GEOMETRIC_REPRESENTATION_CONTEXT(2) 
PARAMETRIC_REPRESENTATION_CONTEXT() REPRESENTATION_CONTEXT('2D SPACE',''
  ) );
#630 = FACE_BOUND('',#631,.T.);
#631 = EDGE_LOOP('',(#632,#662,#690,#718,#746,#774));
#632 = ORIENTED_EDGE('',*,*,#633,.F.);
#633 = EDGE_CURVE('',#634,#636,#638,.T.);
#634 = VERTEX_POINT('',#635);
#635 = CARTESIAN_POINT('',(20.475,21.6,10.));
#636 = VERTEX_POINT('',#637);
#637 = CARTESIAN_POINT('',(20.15,12.75,10.));
#638 = SURFACE_CURVE('',#639,(#643,#650),.PCURVE_S1.);
#639 = LINE('',#640,#641);
#640 = CARTESIAN_POINT('',(20.475,21.6,10.));
#641 = VECTOR('',#642,1.);
#642 = DIRECTION('',(-3.669842659955E-02,-0.999326385865,0.));
#643 = PCURVE('',#126,#644);
#644 = DEFINITIONAL_REPRESENTATION('',(#645),#649);
#645 = LINE('',#646,#647);
#646 = CARTESIAN_POINT('',(48.475,36.1));
#647 = VECTOR('',#648,1.);
#648 = DIRECTION('',(-3.669842659955E-02,-0.999326385865));
#649 = ( GEOMETRIC_REPRESENTATION_CONTEXT(2) 
PARAMETRIC_REPRESENTATION_CONTEXT() REPRESENTATION_CONTEXT('2D SPACE',''
  ) );
#650 = PCURVE('',#651,#656);
#651 = PLANE('',#652);
#652 = AXIS2_PLACEMENT_3D('',#653,#654,#655);
#653 = CARTESIAN_POINT('',(20.475,21.6,10.));
#654 = DIRECTION('',(0.999326385865,-3.669842659955E-02,0.));
#655 = DIRECTION('',(-3.669842659955E-02,-0.999326385865,0.));
#656 = DEFINITIONAL_REPRESENTATION('',(#657),#661);
#657 = LINE('',#658,#659);
#658 = CARTESIAN_POINT('',(0.,0.));
#659 = VECTOR('',#660,1.);
#660 = DIRECTION('',(1.,0.));
#661 = ( GEOMETRIC_REPRESENTATION_CONTEXT(2) 
PARAMETRIC_REPRESENTATION_CONTEXT() REPRESENTATION_CONTEXT('2D SPACE',''
  ) );
#662 = ORIENTED_EDGE('',*,*,#663,.F.);
#663 = EDGE_CURVE('',#664,#634,#666,.T.);
#664 = VERTEX_POINT('',#665);
#665 = CARTESIAN_POINT('',(24.175,21.6,10.));
#666 = SURFACE_CURVE('',#667,(#671,#678),.PCURVE_S1.);
#667 = LINE('',#668,#669);
#668 = CARTESIAN_POINT('',(24.175,21.6,10.));
#669 = VECTOR('',#670,1.);
#670 = DIRECTION('',(-1.,0.,0.));
#671 = PCURVE('',#126,#672);
#672 = DEFINITIONAL_REPRESENTATION('',(#673),#677);
#673 = LINE('',#674,#675);
#674 = CARTESIAN_POINT('',(52.175,36.1));
#675 = VECTOR('',#676,1.);
#676 = DIRECTION('',(-1.,0.));
#677 = ( GEOMETRIC_REPRESENTATION_CONTEXT(2) 
PARAMETRIC_REPRESENTATION_CONTEXT() REPRESENTATION_CONTEXT('2D SPACE',''
  ) );
#678 = PCURVE('',#679,#684);
#679 = PLANE('',#680);
#680 = AXIS2_PLACEMENT_3D('',#681,#682,#683);
#681 = CARTESIAN_POINT('',(24.175,21.6,10.));
#682 = DIRECTION('',(0.,-1.,0.));
#683 = DIRECTION('',(-1.,0.,0.));
#684 = DEFINITIONAL_REPRESENTATION('',(#685),#689);
#685 = LINE('',#686,#687);
#686 = CARTESIAN_POINT('',(0.,-0.));
#687 = VECTOR('',#688,1.);
#688 = DIRECTION('',(1.,0.));
#689 = ( GEOMETRIC_REPRESENTATION_CONTEXT(2) 
PARAMETRIC_REPRESENTATION_CONTEXT() REPRESENTATION_CONTEXT('2D SPACE',''
  ) );
#690 = ORIENTED_EDGE('',*,*,#691,.F.);
#691 = EDGE_CURVE('',#692,#664,#694,.T.);
#692 = VERTEX_POINT('',#693);
#693 = CARTESIAN_POINT('',(24.5,12.75,10.));
#694 = SURFACE_CURVE('',#695,(#699,#706),.PCURVE_S1.);
#695 = LINE('',#696,#697);
#696 = CARTESIAN_POINT('',(24.5,12.75,10.));
#697 = VECTOR('',#698,1.);
#698 = DIRECTION('',(-3.669842659955E-02,0.999326385865,0.));
#699 = PCURVE('',#126,#700);
#700 = DEFINITIONAL_REPRESENTATION('',(#701),#705);
#701 = LINE('',#702,#703);
#702 = CARTESIAN_POINT('',(52.5,27.25));
#703 = VECTOR('',#704,1.);
#704 = DIRECTION('',(-3.669842659955E-02,0.999326385865));
#705 = ( GEOMETRIC_REPRESENTATION_CONTEXT(2) 
PARAMETRIC_REPRESENTATION_CONTEXT() REPRESENTATION_CONTEXT('2D SPACE',''
  ) );
#706 = PCURVE('',#707,#712);
#707 = PLANE('',#708);
#708 = AXIS2_PLACEMENT_3D('',#709,#710,#711);
#709 = CARTESIAN_POINT('',(24.5,12.75,10.));
#710 = DIRECTION('',(-0.999326385865,-3.669842659955E-02,0.));
#711 = DIRECTION('',(-3.669842659955E-02,0.999326385865,0.));
#712 = DEFINITIONAL_REPRESENTATION('',(#713),#717);
#713 = LINE('',#714,#715);
#714 = CARTESIAN_POINT('',(0.,0.));
#715 = VECTOR('',#716,1.);
#716 = DIRECTION('',(1.,0.));
#717 = ( GEOMETRIC_REPRESENTATION_CONTEXT(2) 
PARAMETRIC_REPRESENTATION_CONTEXT() REPRESENTATION_CONTEXT('2D SPACE',''
  ) );
#718 = ORIENTED_EDGE('',*,*,#719,.F.);
#719 = EDGE_CURVE('',#720,#692,#722,.T.);
#720 = VERTEX_POINT('',#721);
#721 = CARTESIAN_POINT('',(23.8425,-0.4,10.));
#722 = SURFACE_CURVE('',#723,(#727,#734),.PCURVE_S1.);
#723 = LINE('',#724,#725);
#724 = CARTESIAN_POINT('',(23.8425,-0.4,10.));
#725 = VECTOR('',#726,1.);
#726 = DIRECTION('',(4.993761694389E-02,0.998752338878,0.));
#727 = PCURVE('',#126,#728);
#728 = DEFINITIONAL_REPRESENTATION('',(#729),#733);
#729 = LINE('',#730,#731);
#730 = CARTESIAN_POINT('',(51.8425,14.1));
#731 = VECTOR('',#732,1.);
#732 = DIRECTION('',(4.993761694389E-02,0.998752338878));
#733 = ( GEOMETRIC_REPRESENTATION_CONTEXT(2) 
PARAMETRIC_REPRESENTATION_CONTEXT() REPRESENTATION_CONTEXT('2D SPACE',''
  ) );
#734 = PCURVE('',#735,#740);
#735 = PLANE('',#736);
#736 = AXIS2_PLACEMENT_3D('',#737,#738,#739);
#737 = CARTESIAN_POINT('',(23.8425,-0.4,10.));
#738 = DIRECTION('',(-0.998752338878,4.993761694389E-02,0.));
#739 = DIRECTION('',(4.993761694389E-02,0.998752338878,0.));
#740 = DEFINITIONAL_REPRESENTATION('',(#741),#745);
#741 = LINE('',#742,#743);
#742 = CARTESIAN_POINT('',(0.,0.));
#743 = VECTOR('',#744,1.);
#744 = DIRECTION('',(1.,0.));
#745 = ( GEOMETRIC_REPRESENTATION_CONTEXT(2) 
PARAMETRIC_REPRESENTATION_CONTEXT() REPRESENTATION_CONTEXT('2D SPACE',''
  ) );
#746 = ORIENTED_EDGE('',*,*,#747,.F.);
#747 = EDGE_CURVE('',#748,#720,#750,.T.);
#748 = VERTEX_POINT('',#749);
#749 = CARTESIAN_POINT('',(20.8075,-0.4,10.));
#750 = SURFACE_CURVE('',#751,(#755,#762),.PCURVE_S1.);
#751 = LINE('',#752,#753);
#752 = CARTESIAN_POINT('',(20.8075,-0.4,10.));
#753 = VECTOR('',#754,1.);
#754 = DIRECTION('',(1.,0.,0.));
#755 = PCURVE('',#126,#756);
#756 = DEFINITIONAL_REPRESENTATION('',(#757),#761);
#757 = LINE('',#758,#759);
#758 = CARTESIAN_POINT('',(48.8075,14.1));
#759 = VECTOR('',#760,1.);
#760 = DIRECTION('',(1.,0.));
#761 = ( GEOMETRIC_REPRESENTATION_CONTEXT(2) 
PARAMETRIC_REPRESENTATION_CONTEXT() REPRESENTATION_CONTEXT('2D SPACE',''
  ) );
#762 = PCURVE('',#763,#768);
#763 = PLANE('',#764);
#764 = AXIS2_PLACEMENT_3D('',#765,#766,#767);
#765 = CARTESIAN_POINT('',(20.8075,-0.4,10.));
#766 = DIRECTION('',(0.,1.,0.));
#767 = DIRECTION('',(1.,0.,0.));
#768 = DEFINITIONAL_REPRESENTATION('',(#769),#773);
#769 = LINE('',#770,#771);
#770 = CARTESIAN_POINT('',(0.,0.));
#771 = VECTOR('',#772,1.);
#772 = DIRECTION('',(1.,0.));
#773 = ( GEOMETRIC_REPRESENTATION_CONTEXT(2) 
PARAMETRIC_REPRESENTATION_CONTEXT() REPRESENTATION_CONTEXT('2D SPACE',''
  ) );
#774 = ORIENTED_EDGE('',*,*,#775,.F.);
#775 = EDGE_CURVE('',#636,#748,#776,.T.);
#776 = SURFACE_CURVE('',#777,(#781,#788),.PCURVE_S1.);
#777 = LINE('',#778,#779);
#778 = CARTESIAN_POINT('',(20.15,12.75,10.));
#779 = VECTOR('',#780,1.);
#780 = DIRECTION('',(4.993761694389E-02,-0.998752338878,0.));
#781 = PCURVE('',#126,#782);
#782 = DEFINITIONAL_REPRESENTATION('',(#783),#787);
#783 = LINE('',#784,#785);
#784 = CARTESIAN_POINT('',(48.15,27.25));
#785 = VECTOR('',#786,1.);
#786 = DIRECTION('',(4.993761694389E-02,-0.998752338878));
#787 = ( GEOMETRIC_REPRESENTATION_CONTEXT(2) 
PARAMETRIC_REPRESENTATION_CONTEXT() REPRESENTATION_CONTEXT('2D SPACE',''
  ) );
#788 = PCURVE('',#789,#794);
#789 = PLANE('',#790);
#790 = AXIS2_PLACEMENT_3D('',#791,#792,#793);
#791 = CARTESIAN_POINT('',(20.15,12.75,10.));
#792 = DIRECTION('',(0.998752338878,4.993761694389E-02,-0.));
#793 = DIRECTION('',(4.993761694389E-02,-0.998752338878,0.));
#794 = DEFINITIONAL_REPRESENTATION('',(#795),#799);
#795 = LINE('',#796,#797);
#796 = CARTESIAN_POINT('',(0.,0.));
#797 = VECTOR('',#798,1.);
#798 = DIRECTION('',(1.,0.));
#799 = ( GEOMETRIC_REPRESENTATION_CONTEXT(2) 
PARAMETRIC_REPRESENTATION_CONTEXT() REPRESENTATION_CONTEXT('2D SPACE',''
  ) );
#800 = ADVANCED_FACE('',(#801),#100,.T.);
#801 = FACE_BOUND('',#802,.T.);
#802 = EDGE_LOOP('',(#803,#824,#845,#846));
#803 = ORIENTED_EDGE('',*,*,#804,.T.);
#804 = EDGE_CURVE('',#304,#805,#807,.T.);
#805 = VERTEX_POINT('',#806);
#806 = CARTESIAN_POINT('',(-4.,23.5,0.4));
#807 = SURFACE_CURVE('',#808,(#812,#818),.PCURVE_S1.);
#808 = LINE('',#809,#810);
#809 = CARTESIAN_POINT('',(-4.,23.5,0.));
#810 = VECTOR('',#811,1.);
#811 = DIRECTION('',(-0.,0.,-1.));
#812 = PCURVE('',#100,#813);
#813 = DEFINITIONAL_REPRESENTATION('',(#814),#817);
#814 = B_SPLINE_CURVE_WITH_KNOTS('',1,(#815,#816),.UNSPECIFIED.,.F.,.F.,
  (2,2),(-10.,0.),.PIECEWISE_BEZIER_KNOTS.);
#815 = CARTESIAN_POINT('',(10.,24.));
#816 = CARTESIAN_POINT('',(0.,24.));
#817 = ( GEOMETRIC_REPRESENTATION_CONTEXT(2) 
PARAMETRIC_REPRESENTATION_CONTEXT() REPRESENTATION_CONTEXT('2D SPACE',''
  ) );
#818 = PCURVE('',#449,#819);
#819 = DEFINITIONAL_REPRESENTATION('',(#820),#823);
#820 = B_SPLINE_CURVE_WITH_KNOTS('',1,(#821,#822),.UNSPECIFIED.,.F.,.F.,
  (2,2),(-10.,0.),.PIECEWISE_BEZIER_KNOTS.);
#821 = CARTESIAN_POINT('',(10.,-2.1));
#822 = CARTESIAN_POINT('',(0.,-2.1));
#823 = ( GEOMETRIC_REPRESENTATION_CONTEXT(2) 
PARAMETRIC_REPRESENTATION_CONTEXT() REPRESENTATION_CONTEXT('2D SPACE',''
  ) );
#824 = ORIENTED_EDGE('',*,*,#825,.F.);
#825 = EDGE_CURVE('',#57,#805,#826,.T.);
#826 = SURFACE_CURVE('',#827,(#831,#838),.PCURVE_S1.);
#827 = LINE('',#828,#829);
#828 = CARTESIAN_POINT('',(-28.,23.5,0.4));
#829 = VECTOR('',#830,1.);
#830 = DIRECTION('',(1.,0.,-0.));
#831 = PCURVE('',#100,#832);
#832 = DEFINITIONAL_REPRESENTATION('',(#833),#837);
#833 = LINE('',#834,#835);
#834 = CARTESIAN_POINT('',(0.4,0.));
#835 = VECTOR('',#836,1.);
#836 = DIRECTION('',(0.,1.));
#837 = ( GEOMETRIC_REPRESENTATION_CONTEXT(2) 
PARAMETRIC_REPRESENTATION_CONTEXT() REPRESENTATION_CONTEXT('2D SPACE',''
  ) );
#838 = PCURVE('',#262,#839);
#839 = DEFINITIONAL_REPRESENTATION('',(#840),#844);
#840 = LINE('',#841,#842);
#841 = CARTESIAN_POINT('',(-0.,-0.282842712475));
#842 = VECTOR('',#843,1.);
#843 = DIRECTION('',(-1.,0.));
#844 = ( GEOMETRIC_REPRESENTATION_CONTEXT(2) 
PARAMETRIC_REPRESENTATION_CONTEXT() REPRESENTATION_CONTEXT('2D SPACE',''
  ) );
#845 = ORIENTED_EDGE('',*,*,#84,.T.);
#846 = ORIENTED_EDGE('',*,*,#303,.T.);
#847 = ADVANCED_FACE('',(#848),#159,.T.);
#848 = FACE_BOUND('',#849,.T.);
#849 = EDGE_LOOP('',(#850,#851,#879,#900));
#850 = ORIENTED_EDGE('',*,*,#141,.F.);
#851 = ORIENTED_EDGE('',*,*,#852,.T.);
#852 = EDGE_CURVE('',#142,#853,#855,.T.);
#853 = VERTEX_POINT('',#854);
#854 = CARTESIAN_POINT('',(28.,23.5,0.4));
#855 = SURFACE_CURVE('',#856,(#860,#867),.PCURVE_S1.);
#856 = LINE('',#857,#858);
#857 = CARTESIAN_POINT('',(28.,-14.5,0.4));
#858 = VECTOR('',#859,1.);
#859 = DIRECTION('',(-0.,1.,0.));
#860 = PCURVE('',#159,#861);
#861 = DEFINITIONAL_REPRESENTATION('',(#862),#866);
#862 = LINE('',#863,#864);
#863 = CARTESIAN_POINT('',(0.4,0.));
#864 = VECTOR('',#865,1.);
#865 = DIRECTION('',(0.,-1.));
#866 = ( GEOMETRIC_REPRESENTATION_CONTEXT(2) 
PARAMETRIC_REPRESENTATION_CONTEXT() REPRESENTATION_CONTEXT('2D SPACE',''
  ) );
#867 = PCURVE('',#868,#873);
#868 = PLANE('',#869);
#869 = AXIS2_PLACEMENT_3D('',#870,#871,#872);
#870 = CARTESIAN_POINT('',(27.8,-14.5,0.2));
#871 = DIRECTION('',(-0.707106781187,5.332783484717E-18,0.707106781187)
  );
#872 = DIRECTION('',(-3.770847364643E-18,-1.,3.770847364643E-18));
#873 = DEFINITIONAL_REPRESENTATION('',(#874),#878);
#874 = LINE('',#875,#876);
#875 = CARTESIAN_POINT('',(-0.,0.282842712475));
#876 = VECTOR('',#877,1.);
#877 = DIRECTION('',(-1.,0.));
#878 = ( GEOMETRIC_REPRESENTATION_CONTEXT(2) 
PARAMETRIC_REPRESENTATION_CONTEXT() REPRESENTATION_CONTEXT('2D SPACE',''
  ) );
#879 = ORIENTED_EDGE('',*,*,#880,.T.);
#880 = EDGE_CURVE('',#853,#329,#881,.T.);
#881 = SURFACE_CURVE('',#882,(#886,#893),.PCURVE_S1.);
#882 = LINE('',#883,#884);
#883 = CARTESIAN_POINT('',(28.,23.5,0.));
#884 = VECTOR('',#885,1.);
#885 = DIRECTION('',(0.,0.,1.));
#886 = PCURVE('',#159,#887);
#887 = DEFINITIONAL_REPRESENTATION('',(#888),#892);
#888 = LINE('',#889,#890);
#889 = CARTESIAN_POINT('',(0.,-38.));
#890 = VECTOR('',#891,1.);
#891 = DIRECTION('',(1.,0.));
#892 = ( GEOMETRIC_REPRESENTATION_CONTEXT(2) 
PARAMETRIC_REPRESENTATION_CONTEXT() REPRESENTATION_CONTEXT('2D SPACE',''
  ) );
#893 = PCURVE('',#367,#894);
#894 = DEFINITIONAL_REPRESENTATION('',(#895),#899);
#895 = LINE('',#896,#897);
#896 = CARTESIAN_POINT('',(0.,56.));
#897 = VECTOR('',#898,1.);
#898 = DIRECTION('',(1.,0.));
#899 = ( GEOMETRIC_REPRESENTATION_CONTEXT(2) 
PARAMETRIC_REPRESENTATION_CONTEXT() REPRESENTATION_CONTEXT('2D SPACE',''
  ) );
#900 = ORIENTED_EDGE('',*,*,#328,.F.);
#901 = ADVANCED_FACE('',(#902),#185,.T.);
#902 = FACE_BOUND('',#903,.F.);
#903 = EDGE_LOOP('',(#904,#905,#906,#929));
#904 = ORIENTED_EDGE('',*,*,#222,.F.);
#905 = ORIENTED_EDGE('',*,*,#171,.T.);
#906 = ORIENTED_EDGE('',*,*,#907,.T.);
#907 = EDGE_CURVE('',#142,#908,#910,.T.);
#908 = VERTEX_POINT('',#909);
#909 = CARTESIAN_POINT('',(27.6,-14.1,-8.604228440845E-16));
#910 = SURFACE_CURVE('',#911,(#915,#922),.PCURVE_S1.);
#911 = LINE('',#912,#913);
#912 = CARTESIAN_POINT('',(18.533333333333,-5.033333333333,
    -9.066666666667));
#913 = VECTOR('',#914,1.);
#914 = DIRECTION('',(-0.57735026919,0.57735026919,-0.57735026919));
#915 = PCURVE('',#185,#916);
#916 = DEFINITIONAL_REPRESENTATION('',(#917),#921);
#917 = LINE('',#918,#919);
#918 = CARTESIAN_POINT('',(-46.53333333333,13.105045677991));
#919 = VECTOR('',#920,1.);
#920 = DIRECTION('',(0.57735026919,0.816496580928));
#921 = ( GEOMETRIC_REPRESENTATION_CONTEXT(2) 
PARAMETRIC_REPRESENTATION_CONTEXT() REPRESENTATION_CONTEXT('2D SPACE',''
  ) );
#922 = PCURVE('',#868,#923);
#923 = DEFINITIONAL_REPRESENTATION('',(#924),#928);
#924 = LINE('',#925,#926);
#925 = CARTESIAN_POINT('',(-9.466666666667,-13.10504567799));
#926 = VECTOR('',#927,1.);
#927 = DIRECTION('',(-0.57735026919,-0.816496580928));
#928 = ( GEOMETRIC_REPRESENTATION_CONTEXT(2) 
PARAMETRIC_REPRESENTATION_CONTEXT() REPRESENTATION_CONTEXT('2D SPACE',''
  ) );
#929 = ORIENTED_EDGE('',*,*,#930,.F.);
#930 = EDGE_CURVE('',#223,#908,#931,.T.);
#931 = SURFACE_CURVE('',#932,(#936,#943),.PCURVE_S1.);
#932 = LINE('',#933,#934);
#933 = CARTESIAN_POINT('',(-28.,-14.1,0.));
#934 = VECTOR('',#935,1.);
#935 = DIRECTION('',(1.,0.,-0.));
#936 = PCURVE('',#185,#937);
#937 = DEFINITIONAL_REPRESENTATION('',(#938),#942);
#938 = LINE('',#939,#940);
#939 = CARTESIAN_POINT('',(-0.,0.282842712475));
#940 = VECTOR('',#941,1.);
#941 = DIRECTION('',(-1.,0.));
#942 = ( GEOMETRIC_REPRESENTATION_CONTEXT(2) 
PARAMETRIC_REPRESENTATION_CONTEXT() REPRESENTATION_CONTEXT('2D SPACE',''
  ) );
#943 = PCURVE('',#288,#944);
#944 = DEFINITIONAL_REPRESENTATION('',(#945),#949);
#945 = LINE('',#946,#947);
#946 = CARTESIAN_POINT('',(0.,0.4));
#947 = VECTOR('',#948,1.);
#948 = DIRECTION('',(1.,0.));
#949 = ( GEOMETRIC_REPRESENTATION_CONTEXT(2) 
PARAMETRIC_REPRESENTATION_CONTEXT() REPRESENTATION_CONTEXT('2D SPACE',''
  ) );
#950 = ADVANCED_FACE('',(#951,#1111),#288,.F.);
#951 = FACE_BOUND('',#952,.F.);
#952 = EDGE_LOOP('',(#953,#976,#977,#978,#1001,#1029,#1057,#1085));
#953 = ORIENTED_EDGE('',*,*,#954,.F.);
#954 = EDGE_CURVE('',#247,#955,#957,.T.);
#955 = VERTEX_POINT('',#956);
#956 = CARTESIAN_POINT('',(-4.4,23.1,1.387778780781E-16));
#957 = SURFACE_CURVE('',#958,(#962,#969),.PCURVE_S1.);
#958 = LINE('',#959,#960);
#959 = CARTESIAN_POINT('',(-28.,23.1,0.));
#960 = VECTOR('',#961,1.);
#961 = DIRECTION('',(1.,0.,-0.));
#962 = PCURVE('',#288,#963);
#963 = DEFINITIONAL_REPRESENTATION('',(#964),#968);
#964 = LINE('',#965,#966);
#965 = CARTESIAN_POINT('',(0.,37.6));
#966 = VECTOR('',#967,1.);
#967 = DIRECTION('',(1.,0.));
#968 = ( GEOMETRIC_REPRESENTATION_CONTEXT(2) 
PARAMETRIC_REPRESENTATION_CONTEXT() REPRESENTATION_CONTEXT('2D SPACE',''
  ) );
#969 = PCURVE('',#262,#970);
#970 = DEFINITIONAL_REPRESENTATION('',(#971),#975);
#971 = LINE('',#972,#973);
#972 = CARTESIAN_POINT('',(-0.,0.282842712475));
#973 = VECTOR('',#974,1.);
#974 = DIRECTION('',(-1.,0.));
#975 = ( GEOMETRIC_REPRESENTATION_CONTEXT(2) 
PARAMETRIC_REPRESENTATION_CONTEXT() REPRESENTATION_CONTEXT('2D SPACE',''
  ) );
#976 = ORIENTED_EDGE('',*,*,#274,.F.);
#977 = ORIENTED_EDGE('',*,*,#930,.T.);
#978 = ORIENTED_EDGE('',*,*,#979,.T.);
#979 = EDGE_CURVE('',#908,#980,#982,.T.);
#980 = VERTEX_POINT('',#981);
#981 = CARTESIAN_POINT('',(27.6,23.1,-8.326672684689E-17));
#982 = SURFACE_CURVE('',#983,(#987,#994),.PCURVE_S1.);
#983 = LINE('',#984,#985);
#984 = CARTESIAN_POINT('',(27.6,-14.5,0.));
#985 = VECTOR('',#986,1.);
#986 = DIRECTION('',(-0.,1.,0.));
#987 = PCURVE('',#288,#988);
#988 = DEFINITIONAL_REPRESENTATION('',(#989),#993);
#989 = LINE('',#990,#991);
#990 = CARTESIAN_POINT('',(55.6,0.));
#991 = VECTOR('',#992,1.);
#992 = DIRECTION('',(0.,1.));
#993 = ( GEOMETRIC_REPRESENTATION_CONTEXT(2) 
PARAMETRIC_REPRESENTATION_CONTEXT() REPRESENTATION_CONTEXT('2D SPACE',''
  ) );
#994 = PCURVE('',#868,#995);
#995 = DEFINITIONAL_REPRESENTATION('',(#996),#1000);
#996 = LINE('',#997,#998);
#997 = CARTESIAN_POINT('',(-0.,-0.282842712475));
#998 = VECTOR('',#999,1.);
#999 = DIRECTION('',(-1.,0.));
#1000 = ( GEOMETRIC_REPRESENTATION_CONTEXT(2) 
PARAMETRIC_REPRESENTATION_CONTEXT() REPRESENTATION_CONTEXT('2D SPACE',''
  ) );
#1001 = ORIENTED_EDGE('',*,*,#1002,.F.);
#1002 = EDGE_CURVE('',#1003,#980,#1005,.T.);
#1003 = VERTEX_POINT('',#1004);
#1004 = CARTESIAN_POINT('',(4.4,23.1,-1.387778780781E-16));
#1005 = SURFACE_CURVE('',#1006,(#1010,#1017),.PCURVE_S1.);
#1006 = LINE('',#1007,#1008);
#1007 = CARTESIAN_POINT('',(4.,23.1,0.));
#1008 = VECTOR('',#1009,1.);
#1009 = DIRECTION('',(1.,0.,-0.));
#1010 = PCURVE('',#288,#1011);
#1011 = DEFINITIONAL_REPRESENTATION('',(#1012),#1016);
#1012 = LINE('',#1013,#1014);
#1013 = CARTESIAN_POINT('',(32.,37.6));
#1014 = VECTOR('',#1015,1.);
#1015 = DIRECTION('',(1.,0.));
#1016 = ( GEOMETRIC_REPRESENTATION_CONTEXT(2) 
PARAMETRIC_REPRESENTATION_CONTEXT() REPRESENTATION_CONTEXT('2D SPACE',''
  ) );
#1017 = PCURVE('',#1018,#1023);
#1018 = PLANE('',#1019);
#1019 = AXIS2_PLACEMENT_3D('',#1020,#1021,#1022);
#1020 = CARTESIAN_POINT('',(4.,23.3,0.2));
#1021 = DIRECTION('',(-5.47005954057E-18,-0.707106781187,0.707106781187)
  );
#1022 = DIRECTION('',(1.,-3.867916194631E-18,3.867916194631E-18));
#1023 = DEFINITIONAL_REPRESENTATION('',(#1024),#1028);
#1024 = LINE('',#1025,#1026);
#1025 = CARTESIAN_POINT('',(0.,-0.282842712475));
#1026 = VECTOR('',#1027,1.);
#1027 = DIRECTION('',(1.,0.));
#1028 = ( GEOMETRIC_REPRESENTATION_CONTEXT(2) 
PARAMETRIC_REPRESENTATION_CONTEXT() REPRESENTATION_CONTEXT('2D SPACE',''
  ) );
#1029 = ORIENTED_EDGE('',*,*,#1030,.F.);
#1030 = EDGE_CURVE('',#1031,#1003,#1033,.T.);
#1031 = VERTEX_POINT('',#1032);
#1032 = CARTESIAN_POINT('',(4.4,21.,8.326672684689E-17));
#1033 = SURFACE_CURVE('',#1034,(#1038,#1045),.PCURVE_S1.);
#1034 = LINE('',#1035,#1036);
#1035 = CARTESIAN_POINT('',(4.4,21.4,0.));
#1036 = VECTOR('',#1037,1.);
#1037 = DIRECTION('',(-0.,1.,0.));
#1038 = PCURVE('',#288,#1039);
#1039 = DEFINITIONAL_REPRESENTATION('',(#1040),#1044);
#1040 = LINE('',#1041,#1042);
#1041 = CARTESIAN_POINT('',(32.4,35.9));
#1042 = VECTOR('',#1043,1.);
#1043 = DIRECTION('',(0.,1.));
#1044 = ( GEOMETRIC_REPRESENTATION_CONTEXT(2) 
PARAMETRIC_REPRESENTATION_CONTEXT() REPRESENTATION_CONTEXT('2D SPACE',''
  ) );
#1045 = PCURVE('',#1046,#1051);
#1046 = PLANE('',#1047);
#1047 = AXIS2_PLACEMENT_3D('',#1048,#1049,#1050);
#1048 = CARTESIAN_POINT('',(4.2,21.4,0.2));
#1049 = DIRECTION('',(-0.707106781187,3.480000426336E-18,-0.707106781187
    ));
#1050 = DIRECTION('',(-2.460731899994E-18,-1.,-2.460731899994E-18));
#1051 = DEFINITIONAL_REPRESENTATION('',(#1052),#1056);
#1052 = LINE('',#1053,#1054);
#1053 = CARTESIAN_POINT('',(-0.,-0.282842712475));
#1054 = VECTOR('',#1055,1.);
#1055 = DIRECTION('',(-1.,0.));
#1056 = ( GEOMETRIC_REPRESENTATION_CONTEXT(2) 
PARAMETRIC_REPRESENTATION_CONTEXT() REPRESENTATION_CONTEXT('2D SPACE',''
  ) );
#1057 = ORIENTED_EDGE('',*,*,#1058,.F.);
#1058 = EDGE_CURVE('',#1059,#1031,#1061,.T.);
#1059 = VERTEX_POINT('',#1060);
#1060 = CARTESIAN_POINT('',(-4.4,21.,-1.387778780781E-16));
#1061 = SURFACE_CURVE('',#1062,(#1066,#1073),.PCURVE_S1.);
#1062 = LINE('',#1063,#1064);
#1063 = CARTESIAN_POINT('',(-4.,21.,0.));
#1064 = VECTOR('',#1065,1.);
#1065 = DIRECTION('',(1.,0.,-0.));
#1066 = PCURVE('',#288,#1067);
#1067 = DEFINITIONAL_REPRESENTATION('',(#1068),#1072);
#1068 = LINE('',#1069,#1070);
#1069 = CARTESIAN_POINT('',(24.,35.5));
#1070 = VECTOR('',#1071,1.);
#1071 = DIRECTION('',(1.,0.));
#1072 = ( GEOMETRIC_REPRESENTATION_CONTEXT(2) 
PARAMETRIC_REPRESENTATION_CONTEXT() REPRESENTATION_CONTEXT('2D SPACE',''
  ) );
#1073 = PCURVE('',#1074,#1079);
#1074 = PLANE('',#1075);
#1075 = AXIS2_PLACEMENT_3D('',#1076,#1077,#1078);
#1076 = CARTESIAN_POINT('',(-4.,21.2,0.2));
#1077 = DIRECTION('',(-5.47005954057E-18,-0.707106781187,0.707106781187)
  );
#1078 = DIRECTION('',(1.,-3.867916194631E-18,3.867916194631E-18));
#1079 = DEFINITIONAL_REPRESENTATION('',(#1080),#1084);
#1080 = LINE('',#1081,#1082);
#1081 = CARTESIAN_POINT('',(0.,-0.282842712475));
#1082 = VECTOR('',#1083,1.);
#1083 = DIRECTION('',(1.,0.));
#1084 = ( GEOMETRIC_REPRESENTATION_CONTEXT(2) 
PARAMETRIC_REPRESENTATION_CONTEXT() REPRESENTATION_CONTEXT('2D SPACE',''
  ) );
#1085 = ORIENTED_EDGE('',*,*,#1086,.T.);
#1086 = EDGE_CURVE('',#1059,#955,#1087,.T.);
#1087 = SURFACE_CURVE('',#1088,(#1092,#1099),.PCURVE_S1.);
#1088 = LINE('',#1089,#1090);
#1089 = CARTESIAN_POINT('',(-4.4,21.4,0.));
#1090 = VECTOR('',#1091,1.);
#1091 = DIRECTION('',(-0.,1.,0.));
#1092 = PCURVE('',#288,#1093);
#1093 = DEFINITIONAL_REPRESENTATION('',(#1094),#1098);
#1094 = LINE('',#1095,#1096);
#1095 = CARTESIAN_POINT('',(23.6,35.9));
#1096 = VECTOR('',#1097,1.);
#1097 = DIRECTION('',(0.,1.));
#1098 = ( GEOMETRIC_REPRESENTATION_CONTEXT(2) 
PARAMETRIC_REPRESENTATION_CONTEXT() REPRESENTATION_CONTEXT('2D SPACE',''
  ) );
#1099 = PCURVE('',#1100,#1105);
#1100 = PLANE('',#1101);
#1101 = AXIS2_PLACEMENT_3D('',#1102,#1103,#1104);
#1102 = CARTESIAN_POINT('',(-4.2,21.4,0.2));
#1103 = DIRECTION('',(-0.707106781187,-3.480000426336E-18,0.707106781187
    ));
#1104 = DIRECTION('',(2.460731899994E-18,-1.,-2.460731899994E-18));
#1105 = DEFINITIONAL_REPRESENTATION('',(#1106),#1110);
#1106 = LINE('',#1107,#1108);
#1107 = CARTESIAN_POINT('',(-0.,-0.282842712475));
#1108 = VECTOR('',#1109,1.);
#1109 = DIRECTION('',(-1.,0.));
#1110 = ( GEOMETRIC_REPRESENTATION_CONTEXT(2) 
PARAMETRIC_REPRESENTATION_CONTEXT() REPRESENTATION_CONTEXT('2D SPACE',''
  ) );
#1111 = FACE_BOUND('',#1112,.F.);
#1112 = EDGE_LOOP('',(#1113));
#1113 = ORIENTED_EDGE('',*,*,#1114,.F.);
#1114 = EDGE_CURVE('',#1115,#1115,#1117,.T.);
#1115 = VERTEX_POINT('',#1116);
#1116 = CARTESIAN_POINT('',(4.45,-1.089935651241E-15,0.));
#1117 = SURFACE_CURVE('',#1118,(#1123,#1130),.PCURVE_S1.);
#1118 = CIRCLE('',#1119,4.45);
#1119 = AXIS2_PLACEMENT_3D('',#1120,#1121,#1122);
#1120 = CARTESIAN_POINT('',(0.,0.,0.));
#1121 = DIRECTION('',(0.,0.,1.));
#1122 = DIRECTION('',(1.,0.,-0.));
#1123 = PCURVE('',#288,#1124);
#1124 = DEFINITIONAL_REPRESENTATION('',(#1125),#1129);
#1125 = CIRCLE('',#1126,4.45);
#1126 = AXIS2_PLACEMENT_2D('',#1127,#1128);
#1127 = CARTESIAN_POINT('',(28.,14.5));
#1128 = DIRECTION('',(1.,0.));
#1129 = ( GEOMETRIC_REPRESENTATION_CONTEXT(2) 
PARAMETRIC_REPRESENTATION_CONTEXT() REPRESENTATION_CONTEXT('2D SPACE',''
  ) );
#1130 = PCURVE('',#1131,#1136);
#1131 = CONICAL_SURFACE('',#1132,4.45,0.785398163397);
#1132 = AXIS2_PLACEMENT_3D('',#1133,#1134,#1135);
#1133 = CARTESIAN_POINT('',(0.,0.,0.));
#1134 = DIRECTION('',(-0.,-0.,-1.));
#1135 = DIRECTION('',(1.,0.,-0.));
#1136 = DEFINITIONAL_REPRESENTATION('',(#1137),#1141);
#1137 = LINE('',#1138,#1139);
#1138 = CARTESIAN_POINT('',(-0.,-0.));
#1139 = VECTOR('',#1140,1.);
#1140 = DIRECTION('',(-1.,-0.));
#1141 = ( GEOMETRIC_REPRESENTATION_CONTEXT(2) 
PARAMETRIC_REPRESENTATION_CONTEXT() REPRESENTATION_CONTEXT('2D SPACE',''
  ) );
#1142 = ADVANCED_FACE('',(#1143),#262,.F.);
#1143 = FACE_BOUND('',#1144,.T.);
#1144 = EDGE_LOOP('',(#1145,#1146,#1147,#1168));
#1145 = ORIENTED_EDGE('',*,*,#246,.F.);
#1146 = ORIENTED_EDGE('',*,*,#825,.T.);
#1147 = ORIENTED_EDGE('',*,*,#1148,.T.);
#1148 = EDGE_CURVE('',#805,#955,#1149,.T.);
#1149 = SURFACE_CURVE('',#1150,(#1154,#1161),.PCURVE_S1.);
#1150 = LINE('',#1151,#1152);
#1151 = CARTESIAN_POINT('',(-8.483333333333,19.016666666667,
    -4.083333333333));
#1152 = VECTOR('',#1153,1.);
#1153 = DIRECTION('',(-0.57735026919,-0.57735026919,-0.57735026919));
#1154 = PCURVE('',#262,#1155);
#1155 = DEFINITIONAL_REPRESENTATION('',(#1156),#1160);
#1156 = LINE('',#1157,#1158);
#1157 = CARTESIAN_POINT('',(-19.51666666666,6.057548092165));
#1158 = VECTOR('',#1159,1.);
#1159 = DIRECTION('',(0.57735026919,0.816496580928));
#1160 = ( GEOMETRIC_REPRESENTATION_CONTEXT(2) 
PARAMETRIC_REPRESENTATION_CONTEXT() REPRESENTATION_CONTEXT('2D SPACE',''
  ) );
#1161 = PCURVE('',#1100,#1162);
#1162 = DEFINITIONAL_REPRESENTATION('',(#1163),#1167);
#1163 = LINE('',#1164,#1165);
#1164 = CARTESIAN_POINT('',(2.383333333333,-6.057548092165));
#1165 = VECTOR('',#1166,1.);
#1166 = DIRECTION('',(0.57735026919,-0.816496580928));
#1167 = ( GEOMETRIC_REPRESENTATION_CONTEXT(2) 
PARAMETRIC_REPRESENTATION_CONTEXT() REPRESENTATION_CONTEXT('2D SPACE',''
  ) );
#1168 = ORIENTED_EDGE('',*,*,#954,.F.);
#1169 = ADVANCED_FACE('',(#1170),#449,.T.);
#1170 = FACE_BOUND('',#1171,.T.);
#1171 = EDGE_LOOP('',(#1172,#1173,#1174,#1197));
#1172 = ORIENTED_EDGE('',*,*,#804,.F.);
#1173 = ORIENTED_EDGE('',*,*,#435,.F.);
#1174 = ORIENTED_EDGE('',*,*,#1175,.F.);
#1175 = EDGE_CURVE('',#1176,#408,#1178,.T.);
#1176 = VERTEX_POINT('',#1177);
#1177 = CARTESIAN_POINT('',(-4.,21.4,0.4));
#1178 = SURFACE_CURVE('',#1179,(#1183,#1190),.PCURVE_S1.);
#1179 = LINE('',#1180,#1181);
#1180 = CARTESIAN_POINT('',(-4.,21.4,0.));
#1181 = VECTOR('',#1182,1.);
#1182 = DIRECTION('',(0.,0.,1.));
#1183 = PCURVE('',#449,#1184);
#1184 = DEFINITIONAL_REPRESENTATION('',(#1185),#1189);
#1185 = LINE('',#1186,#1187);
#1186 = CARTESIAN_POINT('',(0.,0.));
#1187 = VECTOR('',#1188,1.);
#1188 = DIRECTION('',(1.,0.));
#1189 = ( GEOMETRIC_REPRESENTATION_CONTEXT(2) 
PARAMETRIC_REPRESENTATION_CONTEXT() REPRESENTATION_CONTEXT('2D SPACE',''
  ) );
#1190 = PCURVE('',#423,#1191);
#1191 = DEFINITIONAL_REPRESENTATION('',(#1192),#1196);
#1192 = LINE('',#1193,#1194);
#1193 = CARTESIAN_POINT('',(0.,0.));
#1194 = VECTOR('',#1195,1.);
#1195 = DIRECTION('',(1.,0.));
#1196 = ( GEOMETRIC_REPRESENTATION_CONTEXT(2) 
PARAMETRIC_REPRESENTATION_CONTEXT() REPRESENTATION_CONTEXT('2D SPACE',''
  ) );
#1197 = ORIENTED_EDGE('',*,*,#1198,.T.);
#1198 = EDGE_CURVE('',#1176,#805,#1199,.T.);
#1199 = SURFACE_CURVE('',#1200,(#1204,#1211),.PCURVE_S1.);
#1200 = LINE('',#1201,#1202);
#1201 = CARTESIAN_POINT('',(-4.,21.4,0.4));
#1202 = VECTOR('',#1203,1.);
#1203 = DIRECTION('',(-0.,1.,0.));
#1204 = PCURVE('',#449,#1205);
#1205 = DEFINITIONAL_REPRESENTATION('',(#1206),#1210);
#1206 = LINE('',#1207,#1208);
#1207 = CARTESIAN_POINT('',(0.4,0.));
#1208 = VECTOR('',#1209,1.);
#1209 = DIRECTION('',(0.,-1.));
#1210 = ( GEOMETRIC_REPRESENTATION_CONTEXT(2) 
PARAMETRIC_REPRESENTATION_CONTEXT() REPRESENTATION_CONTEXT('2D SPACE',''
  ) );
#1211 = PCURVE('',#1100,#1212);
#1212 = DEFINITIONAL_REPRESENTATION('',(#1213),#1217);
#1213 = LINE('',#1214,#1215);
#1214 = CARTESIAN_POINT('',(-0.,0.282842712475));
#1215 = VECTOR('',#1216,1.);
#1216 = DIRECTION('',(-1.,0.));
#1217 = ( GEOMETRIC_REPRESENTATION_CONTEXT(2) 
PARAMETRIC_REPRESENTATION_CONTEXT() REPRESENTATION_CONTEXT('2D SPACE',''
  ) );
#1218 = ADVANCED_FACE('',(#1219),#423,.T.);
#1219 = FACE_BOUND('',#1220,.T.);
#1220 = EDGE_LOOP('',(#1221,#1244,#1265,#1266));
#1221 = ORIENTED_EDGE('',*,*,#1222,.F.);
#1222 = EDGE_CURVE('',#1223,#380,#1225,.T.);
#1223 = VERTEX_POINT('',#1224);
#1224 = CARTESIAN_POINT('',(4.,21.4,0.4));
#1225 = SURFACE_CURVE('',#1226,(#1230,#1237),.PCURVE_S1.);
#1226 = LINE('',#1227,#1228);
#1227 = CARTESIAN_POINT('',(4.,21.4,0.));
#1228 = VECTOR('',#1229,1.);
#1229 = DIRECTION('',(0.,0.,1.));
#1230 = PCURVE('',#423,#1231);
#1231 = DEFINITIONAL_REPRESENTATION('',(#1232),#1236);
#1232 = LINE('',#1233,#1234);
#1233 = CARTESIAN_POINT('',(0.,8.));
#1234 = VECTOR('',#1235,1.);
#1235 = DIRECTION('',(1.,0.));
#1236 = ( GEOMETRIC_REPRESENTATION_CONTEXT(2) 
PARAMETRIC_REPRESENTATION_CONTEXT() REPRESENTATION_CONTEXT('2D SPACE',''
  ) );
#1237 = PCURVE('',#395,#1238);
#1238 = DEFINITIONAL_REPRESENTATION('',(#1239),#1243);
#1239 = LINE('',#1240,#1241);
#1240 = CARTESIAN_POINT('',(0.,0.));
#1241 = VECTOR('',#1242,1.);
#1242 = DIRECTION('',(1.,0.));
#1243 = ( GEOMETRIC_REPRESENTATION_CONTEXT(2) 
PARAMETRIC_REPRESENTATION_CONTEXT() REPRESENTATION_CONTEXT('2D SPACE',''
  ) );
#1244 = ORIENTED_EDGE('',*,*,#1245,.F.);
#1245 = EDGE_CURVE('',#1176,#1223,#1246,.T.);
#1246 = SURFACE_CURVE('',#1247,(#1251,#1258),.PCURVE_S1.);
#1247 = LINE('',#1248,#1249);
#1248 = CARTESIAN_POINT('',(-4.,21.4,0.4));
#1249 = VECTOR('',#1250,1.);
#1250 = DIRECTION('',(1.,0.,-0.));
#1251 = PCURVE('',#423,#1252);
#1252 = DEFINITIONAL_REPRESENTATION('',(#1253),#1257);
#1253 = LINE('',#1254,#1255);
#1254 = CARTESIAN_POINT('',(0.4,0.));
#1255 = VECTOR('',#1256,1.);
#1256 = DIRECTION('',(0.,1.));
#1257 = ( GEOMETRIC_REPRESENTATION_CONTEXT(2) 
PARAMETRIC_REPRESENTATION_CONTEXT() REPRESENTATION_CONTEXT('2D SPACE',''
  ) );
#1258 = PCURVE('',#1074,#1259);
#1259 = DEFINITIONAL_REPRESENTATION('',(#1260),#1264);
#1260 = LINE('',#1261,#1262);
#1261 = CARTESIAN_POINT('',(0.,0.282842712475));
#1262 = VECTOR('',#1263,1.);
#1263 = DIRECTION('',(1.,0.));
#1264 = ( GEOMETRIC_REPRESENTATION_CONTEXT(2) 
PARAMETRIC_REPRESENTATION_CONTEXT() REPRESENTATION_CONTEXT('2D SPACE',''
  ) );
#1265 = ORIENTED_EDGE('',*,*,#1175,.T.);
#1266 = ORIENTED_EDGE('',*,*,#407,.T.);
#1267 = ADVANCED_FACE('',(#1268),#395,.F.);
#1268 = FACE_BOUND('',#1269,.F.);
#1269 = EDGE_LOOP('',(#1270,#1291,#1292,#1293));
#1270 = ORIENTED_EDGE('',*,*,#1271,.F.);
#1271 = EDGE_CURVE('',#352,#1272,#1274,.T.);
#1272 = VERTEX_POINT('',#1273);
#1273 = CARTESIAN_POINT('',(4.,23.5,0.4));
#1274 = SURFACE_CURVE('',#1275,(#1279,#1285),.PCURVE_S1.);
#1275 = LINE('',#1276,#1277);
#1276 = CARTESIAN_POINT('',(4.,23.5,0.));
#1277 = VECTOR('',#1278,1.);
#1278 = DIRECTION('',(-0.,0.,-1.));
#1279 = PCURVE('',#395,#1280);
#1280 = DEFINITIONAL_REPRESENTATION('',(#1281),#1284);
#1281 = B_SPLINE_CURVE_WITH_KNOTS('',1,(#1282,#1283),.UNSPECIFIED.,.F.,
  .F.,(2,2),(-10.,0.),.PIECEWISE_BEZIER_KNOTS.);
#1282 = CARTESIAN_POINT('',(10.,-2.1));
#1283 = CARTESIAN_POINT('',(0.,-2.1));
#1284 = ( GEOMETRIC_REPRESENTATION_CONTEXT(2) 
PARAMETRIC_REPRESENTATION_CONTEXT() REPRESENTATION_CONTEXT('2D SPACE',''
  ) );
#1285 = PCURVE('',#367,#1286);
#1286 = DEFINITIONAL_REPRESENTATION('',(#1287),#1290);
#1287 = B_SPLINE_CURVE_WITH_KNOTS('',1,(#1288,#1289),.UNSPECIFIED.,.F.,
  .F.,(2,2),(-10.,0.),.PIECEWISE_BEZIER_KNOTS.);
#1288 = CARTESIAN_POINT('',(10.,32.));
#1289 = CARTESIAN_POINT('',(0.,32.));
#1290 = ( GEOMETRIC_REPRESENTATION_CONTEXT(2) 
PARAMETRIC_REPRESENTATION_CONTEXT() REPRESENTATION_CONTEXT('2D SPACE',''
  ) );
#1291 = ORIENTED_EDGE('',*,*,#379,.F.);
#1292 = ORIENTED_EDGE('',*,*,#1222,.F.);
#1293 = ORIENTED_EDGE('',*,*,#1294,.T.);
#1294 = EDGE_CURVE('',#1223,#1272,#1295,.T.);
#1295 = SURFACE_CURVE('',#1296,(#1300,#1307),.PCURVE_S1.);
#1296 = LINE('',#1297,#1298);
#1297 = CARTESIAN_POINT('',(4.,21.4,0.4));
#1298 = VECTOR('',#1299,1.);
#1299 = DIRECTION('',(-0.,1.,0.));
#1300 = PCURVE('',#395,#1301);
#1301 = DEFINITIONAL_REPRESENTATION('',(#1302),#1306);
#1302 = LINE('',#1303,#1304);
#1303 = CARTESIAN_POINT('',(0.4,0.));
#1304 = VECTOR('',#1305,1.);
#1305 = DIRECTION('',(0.,-1.));
#1306 = ( GEOMETRIC_REPRESENTATION_CONTEXT(2) 
PARAMETRIC_REPRESENTATION_CONTEXT() REPRESENTATION_CONTEXT('2D SPACE',''
  ) );
#1307 = PCURVE('',#1046,#1308);
#1308 = DEFINITIONAL_REPRESENTATION('',(#1309),#1313);
#1309 = LINE('',#1310,#1311);
#1310 = CARTESIAN_POINT('',(-0.,0.282842712475));
#1311 = VECTOR('',#1312,1.);
#1312 = DIRECTION('',(-1.,0.));
#1313 = ( GEOMETRIC_REPRESENTATION_CONTEXT(2) 
PARAMETRIC_REPRESENTATION_CONTEXT() REPRESENTATION_CONTEXT('2D SPACE',''
  ) );
#1314 = ADVANCED_FACE('',(#1315),#367,.T.);
#1315 = FACE_BOUND('',#1316,.T.);
#1316 = EDGE_LOOP('',(#1317,#1318,#1339,#1340));
#1317 = ORIENTED_EDGE('',*,*,#880,.F.);
#1318 = ORIENTED_EDGE('',*,*,#1319,.F.);
#1319 = EDGE_CURVE('',#1272,#853,#1320,.T.);
#1320 = SURFACE_CURVE('',#1321,(#1325,#1332),.PCURVE_S1.);
#1321 = LINE('',#1322,#1323);
#1322 = CARTESIAN_POINT('',(4.,23.5,0.4));
#1323 = VECTOR('',#1324,1.);
#1324 = DIRECTION('',(1.,0.,-0.));
#1325 = PCURVE('',#367,#1326);
#1326 = DEFINITIONAL_REPRESENTATION('',(#1327),#1331);
#1327 = LINE('',#1328,#1329);
#1328 = CARTESIAN_POINT('',(0.4,32.));
#1329 = VECTOR('',#1330,1.);
#1330 = DIRECTION('',(0.,1.));
#1331 = ( GEOMETRIC_REPRESENTATION_CONTEXT(2) 
PARAMETRIC_REPRESENTATION_CONTEXT() REPRESENTATION_CONTEXT('2D SPACE',''
  ) );
#1332 = PCURVE('',#1018,#1333);
#1333 = DEFINITIONAL_REPRESENTATION('',(#1334),#1338);
#1334 = LINE('',#1335,#1336);
#1335 = CARTESIAN_POINT('',(0.,0.282842712475));
#1336 = VECTOR('',#1337,1.);
#1337 = DIRECTION('',(1.,0.));
#1338 = ( GEOMETRIC_REPRESENTATION_CONTEXT(2) 
PARAMETRIC_REPRESENTATION_CONTEXT() REPRESENTATION_CONTEXT('2D SPACE',''
  ) );
#1339 = ORIENTED_EDGE('',*,*,#1271,.F.);
#1340 = ORIENTED_EDGE('',*,*,#351,.T.);
#1341 = ADVANCED_FACE('',(#1342),#481,.F.);
#1342 = FACE_BOUND('',#1343,.F.);
#1343 = EDGE_LOOP('',(#1344,#1367,#1395,#1416));
#1344 = ORIENTED_EDGE('',*,*,#1345,.T.);
#1345 = EDGE_CURVE('',#464,#1346,#1348,.T.);
#1346 = VERTEX_POINT('',#1347);
#1347 = CARTESIAN_POINT('',(-24.175,21.6,12.));
#1348 = SURFACE_CURVE('',#1349,(#1353,#1360),.PCURVE_S1.);
#1349 = LINE('',#1350,#1351);
#1350 = CARTESIAN_POINT('',(-24.175,21.6,10.));
#1351 = VECTOR('',#1352,1.);
#1352 = DIRECTION('',(0.,0.,1.));
#1353 = PCURVE('',#481,#1354);
#1354 = DEFINITIONAL_REPRESENTATION('',(#1355),#1359);
#1355 = LINE('',#1356,#1357);
#1356 = CARTESIAN_POINT('',(0.,0.));
#1357 = VECTOR('',#1358,1.);
#1358 = DIRECTION('',(0.,-1.));
#1359 = ( GEOMETRIC_REPRESENTATION_CONTEXT(2) 
PARAMETRIC_REPRESENTATION_CONTEXT() REPRESENTATION_CONTEXT('2D SPACE',''
  ) );
#1360 = PCURVE('',#509,#1361);
#1361 = DEFINITIONAL_REPRESENTATION('',(#1362),#1366);
#1362 = LINE('',#1363,#1364);
#1363 = CARTESIAN_POINT('',(3.7,0.));
#1364 = VECTOR('',#1365,1.);
#1365 = DIRECTION('',(0.,-1.));
#1366 = ( GEOMETRIC_REPRESENTATION_CONTEXT(2) 
PARAMETRIC_REPRESENTATION_CONTEXT() REPRESENTATION_CONTEXT('2D SPACE',''
  ) );
#1367 = ORIENTED_EDGE('',*,*,#1368,.T.);
#1368 = EDGE_CURVE('',#1346,#1369,#1371,.T.);
#1369 = VERTEX_POINT('',#1370);
#1370 = CARTESIAN_POINT('',(-24.5,12.75,12.));
#1371 = SURFACE_CURVE('',#1372,(#1376,#1383),.PCURVE_S1.);
#1372 = LINE('',#1373,#1374);
#1373 = CARTESIAN_POINT('',(-24.175,21.6,12.));
#1374 = VECTOR('',#1375,1.);
#1375 = DIRECTION('',(-3.669842659955E-02,-0.999326385865,0.));
#1376 = PCURVE('',#481,#1377);
#1377 = DEFINITIONAL_REPRESENTATION('',(#1378),#1382);
#1378 = LINE('',#1379,#1380);
#1379 = CARTESIAN_POINT('',(0.,-2.));
#1380 = VECTOR('',#1381,1.);
#1381 = DIRECTION('',(1.,0.));
#1382 = ( GEOMETRIC_REPRESENTATION_CONTEXT(2) 
PARAMETRIC_REPRESENTATION_CONTEXT() REPRESENTATION_CONTEXT('2D SPACE',''
  ) );
#1383 = PCURVE('',#1384,#1389);
#1384 = PLANE('',#1385);
#1385 = AXIS2_PLACEMENT_3D('',#1386,#1387,#1388);
#1386 = CARTESIAN_POINT('',(-22.325,10.742735248559,12.));
#1387 = DIRECTION('',(0.,0.,1.));
#1388 = DIRECTION('',(1.,0.,-0.));
#1389 = DEFINITIONAL_REPRESENTATION('',(#1390),#1394);
#1390 = LINE('',#1391,#1392);
#1391 = CARTESIAN_POINT('',(-1.85,10.857264751441));
#1392 = VECTOR('',#1393,1.);
#1393 = DIRECTION('',(-3.669842659955E-02,-0.999326385865));
#1394 = ( GEOMETRIC_REPRESENTATION_CONTEXT(2) 
PARAMETRIC_REPRESENTATION_CONTEXT() REPRESENTATION_CONTEXT('2D SPACE',''
  ) );
#1395 = ORIENTED_EDGE('',*,*,#1396,.F.);
#1396 = EDGE_CURVE('',#466,#1369,#1397,.T.);
#1397 = SURFACE_CURVE('',#1398,(#1402,#1409),.PCURVE_S1.);
#1398 = LINE('',#1399,#1400);
#1399 = CARTESIAN_POINT('',(-24.5,12.75,10.));
#1400 = VECTOR('',#1401,1.);
#1401 = DIRECTION('',(0.,0.,1.));
#1402 = PCURVE('',#481,#1403);
#1403 = DEFINITIONAL_REPRESENTATION('',(#1404),#1408);
#1404 = LINE('',#1405,#1406);
#1405 = CARTESIAN_POINT('',(8.855965503546,0.));
#1406 = VECTOR('',#1407,1.);
#1407 = DIRECTION('',(0.,-1.));
#1408 = ( GEOMETRIC_REPRESENTATION_CONTEXT(2) 
PARAMETRIC_REPRESENTATION_CONTEXT() REPRESENTATION_CONTEXT('2D SPACE',''
  ) );
#1409 = PCURVE('',#619,#1410);
#1410 = DEFINITIONAL_REPRESENTATION('',(#1411),#1415);
#1411 = LINE('',#1412,#1413);
#1412 = CARTESIAN_POINT('',(0.,0.));
#1413 = VECTOR('',#1414,1.);
#1414 = DIRECTION('',(0.,-1.));
#1415 = ( GEOMETRIC_REPRESENTATION_CONTEXT(2) 
PARAMETRIC_REPRESENTATION_CONTEXT() REPRESENTATION_CONTEXT('2D SPACE',''
  ) );
#1416 = ORIENTED_EDGE('',*,*,#463,.F.);
#1417 = ADVANCED_FACE('',(#1418),#509,.F.);
#1418 = FACE_BOUND('',#1419,.F.);
#1419 = EDGE_LOOP('',(#1420,#1443,#1464,#1465));
#1420 = ORIENTED_EDGE('',*,*,#1421,.T.);
#1421 = EDGE_CURVE('',#494,#1422,#1424,.T.);
#1422 = VERTEX_POINT('',#1423);
#1423 = CARTESIAN_POINT('',(-20.475,21.6,12.));
#1424 = SURFACE_CURVE('',#1425,(#1429,#1436),.PCURVE_S1.);
#1425 = LINE('',#1426,#1427);
#1426 = CARTESIAN_POINT('',(-20.475,21.6,10.));
#1427 = VECTOR('',#1428,1.);
#1428 = DIRECTION('',(0.,0.,1.));
#1429 = PCURVE('',#509,#1430);
#1430 = DEFINITIONAL_REPRESENTATION('',(#1431),#1435);
#1431 = LINE('',#1432,#1433);
#1432 = CARTESIAN_POINT('',(0.,-0.));
#1433 = VECTOR('',#1434,1.);
#1434 = DIRECTION('',(0.,-1.));
#1435 = ( GEOMETRIC_REPRESENTATION_CONTEXT(2) 
PARAMETRIC_REPRESENTATION_CONTEXT() REPRESENTATION_CONTEXT('2D SPACE',''
  ) );
#1436 = PCURVE('',#537,#1437);
#1437 = DEFINITIONAL_REPRESENTATION('',(#1438),#1442);
#1438 = LINE('',#1439,#1440);
#1439 = CARTESIAN_POINT('',(8.855965503546,0.));
#1440 = VECTOR('',#1441,1.);
#1441 = DIRECTION('',(0.,-1.));
#1442 = ( GEOMETRIC_REPRESENTATION_CONTEXT(2) 
PARAMETRIC_REPRESENTATION_CONTEXT() REPRESENTATION_CONTEXT('2D SPACE',''
  ) );
#1443 = ORIENTED_EDGE('',*,*,#1444,.T.);
#1444 = EDGE_CURVE('',#1422,#1346,#1445,.T.);
#1445 = SURFACE_CURVE('',#1446,(#1450,#1457),.PCURVE_S1.);
#1446 = LINE('',#1447,#1448);
#1447 = CARTESIAN_POINT('',(-20.475,21.6,12.));
#1448 = VECTOR('',#1449,1.);
#1449 = DIRECTION('',(-1.,0.,0.));
#1450 = PCURVE('',#509,#1451);
#1451 = DEFINITIONAL_REPRESENTATION('',(#1452),#1456);
#1452 = LINE('',#1453,#1454);
#1453 = CARTESIAN_POINT('',(0.,-2.));
#1454 = VECTOR('',#1455,1.);
#1455 = DIRECTION('',(1.,0.));
#1456 = ( GEOMETRIC_REPRESENTATION_CONTEXT(2) 
PARAMETRIC_REPRESENTATION_CONTEXT() REPRESENTATION_CONTEXT('2D SPACE',''
  ) );
#1457 = PCURVE('',#1384,#1458);
#1458 = DEFINITIONAL_REPRESENTATION('',(#1459),#1463);
#1459 = LINE('',#1460,#1461);
#1460 = CARTESIAN_POINT('',(1.85,10.857264751441));
#1461 = VECTOR('',#1462,1.);
#1462 = DIRECTION('',(-1.,0.));
#1463 = ( GEOMETRIC_REPRESENTATION_CONTEXT(2) 
PARAMETRIC_REPRESENTATION_CONTEXT() REPRESENTATION_CONTEXT('2D SPACE',''
  ) );
#1464 = ORIENTED_EDGE('',*,*,#1345,.F.);
#1465 = ORIENTED_EDGE('',*,*,#493,.F.);
#1466 = ADVANCED_FACE('',(#1467),#619,.F.);
#1467 = FACE_BOUND('',#1468,.F.);
#1468 = EDGE_LOOP('',(#1469,#1470,#1493,#1514));
#1469 = ORIENTED_EDGE('',*,*,#1396,.T.);
#1470 = ORIENTED_EDGE('',*,*,#1471,.T.);
#1471 = EDGE_CURVE('',#1369,#1472,#1474,.T.);
#1472 = VERTEX_POINT('',#1473);
#1473 = CARTESIAN_POINT('',(-23.8425,-0.4,12.));
#1474 = SURFACE_CURVE('',#1475,(#1479,#1486),.PCURVE_S1.);
#1475 = LINE('',#1476,#1477);
#1476 = CARTESIAN_POINT('',(-24.5,12.75,12.));
#1477 = VECTOR('',#1478,1.);
#1478 = DIRECTION('',(4.993761694389E-02,-0.998752338878,0.));
#1479 = PCURVE('',#619,#1480);
#1480 = DEFINITIONAL_REPRESENTATION('',(#1481),#1485);
#1481 = LINE('',#1482,#1483);
#1482 = CARTESIAN_POINT('',(0.,-2.));
#1483 = VECTOR('',#1484,1.);
#1484 = DIRECTION('',(1.,0.));
#1485 = ( GEOMETRIC_REPRESENTATION_CONTEXT(2) 
PARAMETRIC_REPRESENTATION_CONTEXT() REPRESENTATION_CONTEXT('2D SPACE',''
  ) );
#1486 = PCURVE('',#1384,#1487);
#1487 = DEFINITIONAL_REPRESENTATION('',(#1488),#1492);
#1488 = LINE('',#1489,#1490);
#1489 = CARTESIAN_POINT('',(-2.175,2.007264751441));
#1490 = VECTOR('',#1491,1.);
#1491 = DIRECTION('',(4.993761694389E-02,-0.998752338878));
#1492 = ( GEOMETRIC_REPRESENTATION_CONTEXT(2) 
PARAMETRIC_REPRESENTATION_CONTEXT() REPRESENTATION_CONTEXT('2D SPACE',''
  ) );
#1493 = ORIENTED_EDGE('',*,*,#1494,.F.);
#1494 = EDGE_CURVE('',#578,#1472,#1495,.T.);
#1495 = SURFACE_CURVE('',#1496,(#1500,#1507),.PCURVE_S1.);
#1496 = LINE('',#1497,#1498);
#1497 = CARTESIAN_POINT('',(-23.8425,-0.4,10.));
#1498 = VECTOR('',#1499,1.);
#1499 = DIRECTION('',(0.,0.,1.));
#1500 = PCURVE('',#619,#1501);
#1501 = DEFINITIONAL_REPRESENTATION('',(#1502),#1506);
#1502 = LINE('',#1503,#1504);
#1503 = CARTESIAN_POINT('',(13.166427239384,0.));
#1504 = VECTOR('',#1505,1.);
#1505 = DIRECTION('',(0.,-1.));
#1506 = ( GEOMETRIC_REPRESENTATION_CONTEXT(2) 
PARAMETRIC_REPRESENTATION_CONTEXT() REPRESENTATION_CONTEXT('2D SPACE',''
  ) );
#1507 = PCURVE('',#593,#1508);
#1508 = DEFINITIONAL_REPRESENTATION('',(#1509),#1513);
#1509 = LINE('',#1510,#1511);
#1510 = CARTESIAN_POINT('',(0.,0.));
#1511 = VECTOR('',#1512,1.);
#1512 = DIRECTION('',(0.,-1.));
#1513 = ( GEOMETRIC_REPRESENTATION_CONTEXT(2) 
PARAMETRIC_REPRESENTATION_CONTEXT() REPRESENTATION_CONTEXT('2D SPACE',''
  ) );
#1514 = ORIENTED_EDGE('',*,*,#605,.F.);
#1515 = ADVANCED_FACE('',(#1516),#537,.F.);
#1516 = FACE_BOUND('',#1517,.F.);
#1517 = EDGE_LOOP('',(#1518,#1541,#1562,#1563));
#1518 = ORIENTED_EDGE('',*,*,#1519,.T.);
#1519 = EDGE_CURVE('',#522,#1520,#1522,.T.);
#1520 = VERTEX_POINT('',#1521);
#1521 = CARTESIAN_POINT('',(-20.15,12.75,12.));
#1522 = SURFACE_CURVE('',#1523,(#1527,#1534),.PCURVE_S1.);
#1523 = LINE('',#1524,#1525);
#1524 = CARTESIAN_POINT('',(-20.15,12.75,10.));
#1525 = VECTOR('',#1526,1.);
#1526 = DIRECTION('',(0.,0.,1.));
#1527 = PCURVE('',#537,#1528);
#1528 = DEFINITIONAL_REPRESENTATION('',(#1529),#1533);
#1529 = LINE('',#1530,#1531);
#1530 = CARTESIAN_POINT('',(0.,0.));
#1531 = VECTOR('',#1532,1.);
#1532 = DIRECTION('',(0.,-1.));
#1533 = ( GEOMETRIC_REPRESENTATION_CONTEXT(2) 
PARAMETRIC_REPRESENTATION_CONTEXT() REPRESENTATION_CONTEXT('2D SPACE',''
  ) );
#1534 = PCURVE('',#565,#1535);
#1535 = DEFINITIONAL_REPRESENTATION('',(#1536),#1540);
#1536 = LINE('',#1537,#1538);
#1537 = CARTESIAN_POINT('',(13.166427239384,0.));
#1538 = VECTOR('',#1539,1.);
#1539 = DIRECTION('',(0.,-1.));
#1540 = ( GEOMETRIC_REPRESENTATION_CONTEXT(2) 
PARAMETRIC_REPRESENTATION_CONTEXT() REPRESENTATION_CONTEXT('2D SPACE',''
  ) );
#1541 = ORIENTED_EDGE('',*,*,#1542,.T.);
#1542 = EDGE_CURVE('',#1520,#1422,#1543,.T.);
#1543 = SURFACE_CURVE('',#1544,(#1548,#1555),.PCURVE_S1.);
#1544 = LINE('',#1545,#1546);
#1545 = CARTESIAN_POINT('',(-20.15,12.75,12.));
#1546 = VECTOR('',#1547,1.);
#1547 = DIRECTION('',(-3.669842659955E-02,0.999326385865,0.));
#1548 = PCURVE('',#537,#1549);
#1549 = DEFINITIONAL_REPRESENTATION('',(#1550),#1554);
#1550 = LINE('',#1551,#1552);
#1551 = CARTESIAN_POINT('',(0.,-2.));
#1552 = VECTOR('',#1553,1.);
#1553 = DIRECTION('',(1.,0.));
#1554 = ( GEOMETRIC_REPRESENTATION_CONTEXT(2) 
PARAMETRIC_REPRESENTATION_CONTEXT() REPRESENTATION_CONTEXT('2D SPACE',''
  ) );
#1555 = PCURVE('',#1384,#1556);
#1556 = DEFINITIONAL_REPRESENTATION('',(#1557),#1561);
#1557 = LINE('',#1558,#1559);
#1558 = CARTESIAN_POINT('',(2.175,2.007264751441));
#1559 = VECTOR('',#1560,1.);
#1560 = DIRECTION('',(-3.669842659955E-02,0.999326385865));
#1561 = ( GEOMETRIC_REPRESENTATION_CONTEXT(2) 
PARAMETRIC_REPRESENTATION_CONTEXT() REPRESENTATION_CONTEXT('2D SPACE',''
  ) );
#1562 = ORIENTED_EDGE('',*,*,#1421,.F.);
#1563 = ORIENTED_EDGE('',*,*,#521,.F.);
#1564 = ADVANCED_FACE('',(#1565),#593,.F.);
#1565 = FACE_BOUND('',#1566,.F.);
#1566 = EDGE_LOOP('',(#1567,#1568,#1591,#1612));
#1567 = ORIENTED_EDGE('',*,*,#1494,.T.);
#1568 = ORIENTED_EDGE('',*,*,#1569,.T.);
#1569 = EDGE_CURVE('',#1472,#1570,#1572,.T.);
#1570 = VERTEX_POINT('',#1571);
#1571 = CARTESIAN_POINT('',(-20.8075,-0.4,12.));
#1572 = SURFACE_CURVE('',#1573,(#1577,#1584),.PCURVE_S1.);
#1573 = LINE('',#1574,#1575);
#1574 = CARTESIAN_POINT('',(-23.8425,-0.4,12.));
#1575 = VECTOR('',#1576,1.);
#1576 = DIRECTION('',(1.,0.,0.));
#1577 = PCURVE('',#593,#1578);
#1578 = DEFINITIONAL_REPRESENTATION('',(#1579),#1583);
#1579 = LINE('',#1580,#1581);
#1580 = CARTESIAN_POINT('',(0.,-2.));
#1581 = VECTOR('',#1582,1.);
#1582 = DIRECTION('',(1.,0.));
#1583 = ( GEOMETRIC_REPRESENTATION_CONTEXT(2) 
PARAMETRIC_REPRESENTATION_CONTEXT() REPRESENTATION_CONTEXT('2D SPACE',''
  ) );
#1584 = PCURVE('',#1384,#1585);
#1585 = DEFINITIONAL_REPRESENTATION('',(#1586),#1590);
#1586 = LINE('',#1587,#1588);
#1587 = CARTESIAN_POINT('',(-1.5175,-11.14273524855));
#1588 = VECTOR('',#1589,1.);
#1589 = DIRECTION('',(1.,0.));
#1590 = ( GEOMETRIC_REPRESENTATION_CONTEXT(2) 
PARAMETRIC_REPRESENTATION_CONTEXT() REPRESENTATION_CONTEXT('2D SPACE',''
  ) );
#1591 = ORIENTED_EDGE('',*,*,#1592,.F.);
#1592 = EDGE_CURVE('',#550,#1570,#1593,.T.);
#1593 = SURFACE_CURVE('',#1594,(#1598,#1605),.PCURVE_S1.);
#1594 = LINE('',#1595,#1596);
#1595 = CARTESIAN_POINT('',(-20.8075,-0.4,10.));
#1596 = VECTOR('',#1597,1.);
#1597 = DIRECTION('',(0.,0.,1.));
#1598 = PCURVE('',#593,#1599);
#1599 = DEFINITIONAL_REPRESENTATION('',(#1600),#1604);
#1600 = LINE('',#1601,#1602);
#1601 = CARTESIAN_POINT('',(3.035,0.));
#1602 = VECTOR('',#1603,1.);
#1603 = DIRECTION('',(0.,-1.));
#1604 = ( GEOMETRIC_REPRESENTATION_CONTEXT(2) 
PARAMETRIC_REPRESENTATION_CONTEXT() REPRESENTATION_CONTEXT('2D SPACE',''
  ) );
#1605 = PCURVE('',#565,#1606);
#1606 = DEFINITIONAL_REPRESENTATION('',(#1607),#1611);
#1607 = LINE('',#1608,#1609);
#1608 = CARTESIAN_POINT('',(0.,0.));
#1609 = VECTOR('',#1610,1.);
#1610 = DIRECTION('',(0.,-1.));
#1611 = ( GEOMETRIC_REPRESENTATION_CONTEXT(2) 
PARAMETRIC_REPRESENTATION_CONTEXT() REPRESENTATION_CONTEXT('2D SPACE',''
  ) );
#1612 = ORIENTED_EDGE('',*,*,#577,.F.);
#1613 = ADVANCED_FACE('',(#1614),#565,.F.);
#1614 = FACE_BOUND('',#1615,.F.);
#1615 = EDGE_LOOP('',(#1616,#1617,#1638,#1639));
#1616 = ORIENTED_EDGE('',*,*,#1592,.T.);
#1617 = ORIENTED_EDGE('',*,*,#1618,.T.);
#1618 = EDGE_CURVE('',#1570,#1520,#1619,.T.);
#1619 = SURFACE_CURVE('',#1620,(#1624,#1631),.PCURVE_S1.);
#1620 = LINE('',#1621,#1622);
#1621 = CARTESIAN_POINT('',(-20.8075,-0.4,12.));
#1622 = VECTOR('',#1623,1.);
#1623 = DIRECTION('',(4.993761694389E-02,0.998752338878,0.));
#1624 = PCURVE('',#565,#1625);
#1625 = DEFINITIONAL_REPRESENTATION('',(#1626),#1630);
#1626 = LINE('',#1627,#1628);
#1627 = CARTESIAN_POINT('',(0.,-2.));
#1628 = VECTOR('',#1629,1.);
#1629 = DIRECTION('',(1.,0.));
#1630 = ( GEOMETRIC_REPRESENTATION_CONTEXT(2) 
PARAMETRIC_REPRESENTATION_CONTEXT() REPRESENTATION_CONTEXT('2D SPACE',''
  ) );
#1631 = PCURVE('',#1384,#1632);
#1632 = DEFINITIONAL_REPRESENTATION('',(#1633),#1637);
#1633 = LINE('',#1634,#1635);
#1634 = CARTESIAN_POINT('',(1.5175,-11.14273524855));
#1635 = VECTOR('',#1636,1.);
#1636 = DIRECTION('',(4.993761694389E-02,0.998752338878));
#1637 = ( GEOMETRIC_REPRESENTATION_CONTEXT(2) 
PARAMETRIC_REPRESENTATION_CONTEXT() REPRESENTATION_CONTEXT('2D SPACE',''
  ) );
#1638 = ORIENTED_EDGE('',*,*,#1519,.F.);
#1639 = ORIENTED_EDGE('',*,*,#549,.F.);
#1640 = ADVANCED_FACE('',(#1641),#651,.F.);
#1641 = FACE_BOUND('',#1642,.F.);
#1642 = EDGE_LOOP('',(#1643,#1666,#1694,#1715));
#1643 = ORIENTED_EDGE('',*,*,#1644,.T.);
#1644 = EDGE_CURVE('',#634,#1645,#1647,.T.);
#1645 = VERTEX_POINT('',#1646);
#1646 = CARTESIAN_POINT('',(20.475,21.6,12.));
#1647 = SURFACE_CURVE('',#1648,(#1652,#1659),.PCURVE_S1.);
#1648 = LINE('',#1649,#1650);
#1649 = CARTESIAN_POINT('',(20.475,21.6,10.));
#1650 = VECTOR('',#1651,1.);
#1651 = DIRECTION('',(0.,0.,1.));
#1652 = PCURVE('',#651,#1653);
#1653 = DEFINITIONAL_REPRESENTATION('',(#1654),#1658);
#1654 = LINE('',#1655,#1656);
#1655 = CARTESIAN_POINT('',(0.,0.));
#1656 = VECTOR('',#1657,1.);
#1657 = DIRECTION('',(0.,-1.));
#1658 = ( GEOMETRIC_REPRESENTATION_CONTEXT(2) 
PARAMETRIC_REPRESENTATION_CONTEXT() REPRESENTATION_CONTEXT('2D SPACE',''
  ) );
#1659 = PCURVE('',#679,#1660);
#1660 = DEFINITIONAL_REPRESENTATION('',(#1661),#1665);
#1661 = LINE('',#1662,#1663);
#1662 = CARTESIAN_POINT('',(3.7,0.));
#1663 = VECTOR('',#1664,1.);
#1664 = DIRECTION('',(0.,-1.));
#1665 = ( GEOMETRIC_REPRESENTATION_CONTEXT(2) 
PARAMETRIC_REPRESENTATION_CONTEXT() REPRESENTATION_CONTEXT('2D SPACE',''
  ) );
#1666 = ORIENTED_EDGE('',*,*,#1667,.T.);
#1667 = EDGE_CURVE('',#1645,#1668,#1670,.T.);
#1668 = VERTEX_POINT('',#1669);
#1669 = CARTESIAN_POINT('',(20.15,12.75,12.));
#1670 = SURFACE_CURVE('',#1671,(#1675,#1682),.PCURVE_S1.);
#1671 = LINE('',#1672,#1673);
#1672 = CARTESIAN_POINT('',(20.475,21.6,12.));
#1673 = VECTOR('',#1674,1.);
#1674 = DIRECTION('',(-3.669842659955E-02,-0.999326385865,0.));
#1675 = PCURVE('',#651,#1676);
#1676 = DEFINITIONAL_REPRESENTATION('',(#1677),#1681);
#1677 = LINE('',#1678,#1679);
#1678 = CARTESIAN_POINT('',(0.,-2.));
#1679 = VECTOR('',#1680,1.);
#1680 = DIRECTION('',(1.,0.));
#1681 = ( GEOMETRIC_REPRESENTATION_CONTEXT(2) 
PARAMETRIC_REPRESENTATION_CONTEXT() REPRESENTATION_CONTEXT('2D SPACE',''
  ) );
#1682 = PCURVE('',#1683,#1688);
#1683 = PLANE('',#1684);
#1684 = AXIS2_PLACEMENT_3D('',#1685,#1686,#1687);
#1685 = CARTESIAN_POINT('',(22.325,10.742735248559,12.));
#1686 = DIRECTION('',(0.,0.,1.));
#1687 = DIRECTION('',(1.,0.,-0.));
#1688 = DEFINITIONAL_REPRESENTATION('',(#1689),#1693);
#1689 = LINE('',#1690,#1691);
#1690 = CARTESIAN_POINT('',(-1.85,10.857264751441));
#1691 = VECTOR('',#1692,1.);
#1692 = DIRECTION('',(-3.669842659955E-02,-0.999326385865));
#1693 = ( GEOMETRIC_REPRESENTATION_CONTEXT(2) 
PARAMETRIC_REPRESENTATION_CONTEXT() REPRESENTATION_CONTEXT('2D SPACE',''
  ) );
#1694 = ORIENTED_EDGE('',*,*,#1695,.F.);
#1695 = EDGE_CURVE('',#636,#1668,#1696,.T.);
#1696 = SURFACE_CURVE('',#1697,(#1701,#1708),.PCURVE_S1.);
#1697 = LINE('',#1698,#1699);
#1698 = CARTESIAN_POINT('',(20.15,12.75,10.));
#1699 = VECTOR('',#1700,1.);
#1700 = DIRECTION('',(0.,0.,1.));
#1701 = PCURVE('',#651,#1702);
#1702 = DEFINITIONAL_REPRESENTATION('',(#1703),#1707);
#1703 = LINE('',#1704,#1705);
#1704 = CARTESIAN_POINT('',(8.855965503546,0.));
#1705 = VECTOR('',#1706,1.);
#1706 = DIRECTION('',(0.,-1.));
#1707 = ( GEOMETRIC_REPRESENTATION_CONTEXT(2) 
PARAMETRIC_REPRESENTATION_CONTEXT() REPRESENTATION_CONTEXT('2D SPACE',''
  ) );
#1708 = PCURVE('',#789,#1709);
#1709 = DEFINITIONAL_REPRESENTATION('',(#1710),#1714);
#1710 = LINE('',#1711,#1712);
#1711 = CARTESIAN_POINT('',(0.,0.));
#1712 = VECTOR('',#1713,1.);
#1713 = DIRECTION('',(0.,-1.));
#1714 = ( GEOMETRIC_REPRESENTATION_CONTEXT(2) 
PARAMETRIC_REPRESENTATION_CONTEXT() REPRESENTATION_CONTEXT('2D SPACE',''
  ) );
#1715 = ORIENTED_EDGE('',*,*,#633,.F.);
#1716 = ADVANCED_FACE('',(#1717),#679,.F.);
#1717 = FACE_BOUND('',#1718,.F.);
#1718 = EDGE_LOOP('',(#1719,#1742,#1763,#1764));
#1719 = ORIENTED_EDGE('',*,*,#1720,.T.);
#1720 = EDGE_CURVE('',#664,#1721,#1723,.T.);
#1721 = VERTEX_POINT('',#1722);
#1722 = CARTESIAN_POINT('',(24.175,21.6,12.));
#1723 = SURFACE_CURVE('',#1724,(#1728,#1735),.PCURVE_S1.);
#1724 = LINE('',#1725,#1726);
#1725 = CARTESIAN_POINT('',(24.175,21.6,10.));
#1726 = VECTOR('',#1727,1.);
#1727 = DIRECTION('',(0.,0.,1.));
#1728 = PCURVE('',#679,#1729);
#1729 = DEFINITIONAL_REPRESENTATION('',(#1730),#1734);
#1730 = LINE('',#1731,#1732);
#1731 = CARTESIAN_POINT('',(0.,-0.));
#1732 = VECTOR('',#1733,1.);
#1733 = DIRECTION('',(0.,-1.));
#1734 = ( GEOMETRIC_REPRESENTATION_CONTEXT(2) 
PARAMETRIC_REPRESENTATION_CONTEXT() REPRESENTATION_CONTEXT('2D SPACE',''
  ) );
#1735 = PCURVE('',#707,#1736);
#1736 = DEFINITIONAL_REPRESENTATION('',(#1737),#1741);
#1737 = LINE('',#1738,#1739);
#1738 = CARTESIAN_POINT('',(8.855965503546,0.));
#1739 = VECTOR('',#1740,1.);
#1740 = DIRECTION('',(0.,-1.));
#1741 = ( GEOMETRIC_REPRESENTATION_CONTEXT(2) 
PARAMETRIC_REPRESENTATION_CONTEXT() REPRESENTATION_CONTEXT('2D SPACE',''
  ) );
#1742 = ORIENTED_EDGE('',*,*,#1743,.T.);
#1743 = EDGE_CURVE('',#1721,#1645,#1744,.T.);
#1744 = SURFACE_CURVE('',#1745,(#1749,#1756),.PCURVE_S1.);
#1745 = LINE('',#1746,#1747);
#1746 = CARTESIAN_POINT('',(24.175,21.6,12.));
#1747 = VECTOR('',#1748,1.);
#1748 = DIRECTION('',(-1.,0.,0.));
#1749 = PCURVE('',#679,#1750);
#1750 = DEFINITIONAL_REPRESENTATION('',(#1751),#1755);
#1751 = LINE('',#1752,#1753);
#1752 = CARTESIAN_POINT('',(0.,-2.));
#1753 = VECTOR('',#1754,1.);
#1754 = DIRECTION('',(1.,0.));
#1755 = ( GEOMETRIC_REPRESENTATION_CONTEXT(2) 
PARAMETRIC_REPRESENTATION_CONTEXT() REPRESENTATION_CONTEXT('2D SPACE',''
  ) );
#1756 = PCURVE('',#1683,#1757);
#1757 = DEFINITIONAL_REPRESENTATION('',(#1758),#1762);
#1758 = LINE('',#1759,#1760);
#1759 = CARTESIAN_POINT('',(1.85,10.857264751441));
#1760 = VECTOR('',#1761,1.);
#1761 = DIRECTION('',(-1.,0.));
#1762 = ( GEOMETRIC_REPRESENTATION_CONTEXT(2) 
PARAMETRIC_REPRESENTATION_CONTEXT() REPRESENTATION_CONTEXT('2D SPACE',''
  ) );
#1763 = ORIENTED_EDGE('',*,*,#1644,.F.);
#1764 = ORIENTED_EDGE('',*,*,#663,.F.);
#1765 = ADVANCED_FACE('',(#1766),#789,.F.);
#1766 = FACE_BOUND('',#1767,.F.);
#1767 = EDGE_LOOP('',(#1768,#1769,#1792,#1813));
#1768 = ORIENTED_EDGE('',*,*,#1695,.T.);
#1769 = ORIENTED_EDGE('',*,*,#1770,.T.);
#1770 = EDGE_CURVE('',#1668,#1771,#1773,.T.);
#1771 = VERTEX_POINT('',#1772);
#1772 = CARTESIAN_POINT('',(20.8075,-0.4,12.));
#1773 = SURFACE_CURVE('',#1774,(#1778,#1785),.PCURVE_S1.);
#1774 = LINE('',#1775,#1776);
#1775 = CARTESIAN_POINT('',(20.15,12.75,12.));
#1776 = VECTOR('',#1777,1.);
#1777 = DIRECTION('',(4.993761694389E-02,-0.998752338878,0.));
#1778 = PCURVE('',#789,#1779);
#1779 = DEFINITIONAL_REPRESENTATION('',(#1780),#1784);
#1780 = LINE('',#1781,#1782);
#1781 = CARTESIAN_POINT('',(0.,-2.));
#1782 = VECTOR('',#1783,1.);
#1783 = DIRECTION('',(1.,0.));
#1784 = ( GEOMETRIC_REPRESENTATION_CONTEXT(2) 
PARAMETRIC_REPRESENTATION_CONTEXT() REPRESENTATION_CONTEXT('2D SPACE',''
  ) );
#1785 = PCURVE('',#1683,#1786);
#1786 = DEFINITIONAL_REPRESENTATION('',(#1787),#1791);
#1787 = LINE('',#1788,#1789);
#1788 = CARTESIAN_POINT('',(-2.175,2.007264751441));
#1789 = VECTOR('',#1790,1.);
#1790 = DIRECTION('',(4.993761694389E-02,-0.998752338878));
#1791 = ( GEOMETRIC_REPRESENTATION_CONTEXT(2) 
PARAMETRIC_REPRESENTATION_CONTEXT() REPRESENTATION_CONTEXT('2D SPACE',''
  ) );
#1792 = ORIENTED_EDGE('',*,*,#1793,.F.);
#1793 = EDGE_CURVE('',#748,#1771,#1794,.T.);
#1794 = SURFACE_CURVE('',#1795,(#1799,#1806),.PCURVE_S1.);
#1795 = LINE('',#1796,#1797);
#1796 = CARTESIAN_POINT('',(20.8075,-0.4,10.));
#1797 = VECTOR('',#1798,1.);
#1798 = DIRECTION('',(0.,0.,1.));
#1799 = PCURVE('',#789,#1800);
#1800 = DEFINITIONAL_REPRESENTATION('',(#1801),#1805);
#1801 = LINE('',#1802,#1803);
#1802 = CARTESIAN_POINT('',(13.166427239384,0.));
#1803 = VECTOR('',#1804,1.);
#1804 = DIRECTION('',(0.,-1.));
#1805 = ( GEOMETRIC_REPRESENTATION_CONTEXT(2) 
PARAMETRIC_REPRESENTATION_CONTEXT() REPRESENTATION_CONTEXT('2D SPACE',''
  ) );
#1806 = PCURVE('',#763,#1807);
#1807 = DEFINITIONAL_REPRESENTATION('',(#1808),#1812);
#1808 = LINE('',#1809,#1810);
#1809 = CARTESIAN_POINT('',(0.,0.));
#1810 = VECTOR('',#1811,1.);
#1811 = DIRECTION('',(0.,-1.));
#1812 = ( GEOMETRIC_REPRESENTATION_CONTEXT(2) 
PARAMETRIC_REPRESENTATION_CONTEXT() REPRESENTATION_CONTEXT('2D SPACE',''
  ) );
#1813 = ORIENTED_EDGE('',*,*,#775,.F.);
#1814 = ADVANCED_FACE('',(#1815),#707,.F.);
#1815 = FACE_BOUND('',#1816,.F.);
#1816 = EDGE_LOOP('',(#1817,#1840,#1861,#1862));
#1817 = ORIENTED_EDGE('',*,*,#1818,.T.);
#1818 = EDGE_CURVE('',#692,#1819,#1821,.T.);
#1819 = VERTEX_POINT('',#1820);
#1820 = CARTESIAN_POINT('',(24.5,12.75,12.));
#1821 = SURFACE_CURVE('',#1822,(#1826,#1833),.PCURVE_S1.);
#1822 = LINE('',#1823,#1824);
#1823 = CARTESIAN_POINT('',(24.5,12.75,10.));
#1824 = VECTOR('',#1825,1.);
#1825 = DIRECTION('',(0.,0.,1.));
#1826 = PCURVE('',#707,#1827);
#1827 = DEFINITIONAL_REPRESENTATION('',(#1828),#1832);
#1828 = LINE('',#1829,#1830);
#1829 = CARTESIAN_POINT('',(0.,0.));
#1830 = VECTOR('',#1831,1.);
#1831 = DIRECTION('',(0.,-1.));
#1832 = ( GEOMETRIC_REPRESENTATION_CONTEXT(2) 
PARAMETRIC_REPRESENTATION_CONTEXT() REPRESENTATION_CONTEXT('2D SPACE',''
  ) );
#1833 = PCURVE('',#735,#1834);
#1834 = DEFINITIONAL_REPRESENTATION('',(#1835),#1839);
#1835 = LINE('',#1836,#1837);
#1836 = CARTESIAN_POINT('',(13.166427239384,0.));
#1837 = VECTOR('',#1838,1.);
#1838 = DIRECTION('',(0.,-1.));
#1839 = ( GEOMETRIC_REPRESENTATION_CONTEXT(2) 
PARAMETRIC_REPRESENTATION_CONTEXT() REPRESENTATION_CONTEXT('2D SPACE',''
  ) );
#1840 = ORIENTED_EDGE('',*,*,#1841,.T.);
#1841 = EDGE_CURVE('',#1819,#1721,#1842,.T.);
#1842 = SURFACE_CURVE('',#1843,(#1847,#1854),.PCURVE_S1.);
#1843 = LINE('',#1844,#1845);
#1844 = CARTESIAN_POINT('',(24.5,12.75,12.));
#1845 = VECTOR('',#1846,1.);
#1846 = DIRECTION('',(-3.669842659955E-02,0.999326385865,0.));
#1847 = PCURVE('',#707,#1848);
#1848 = DEFINITIONAL_REPRESENTATION('',(#1849),#1853);
#1849 = LINE('',#1850,#1851);
#1850 = CARTESIAN_POINT('',(0.,-2.));
#1851 = VECTOR('',#1852,1.);
#1852 = DIRECTION('',(1.,0.));
#1853 = ( GEOMETRIC_REPRESENTATION_CONTEXT(2) 
PARAMETRIC_REPRESENTATION_CONTEXT() REPRESENTATION_CONTEXT('2D SPACE',''
  ) );
#1854 = PCURVE('',#1683,#1855);
#1855 = DEFINITIONAL_REPRESENTATION('',(#1856),#1860);
#1856 = LINE('',#1857,#1858);
#1857 = CARTESIAN_POINT('',(2.175,2.007264751441));
#1858 = VECTOR('',#1859,1.);
#1859 = DIRECTION('',(-3.669842659955E-02,0.999326385865));
#1860 = ( GEOMETRIC_REPRESENTATION_CONTEXT(2) 
PARAMETRIC_REPRESENTATION_CONTEXT() REPRESENTATION_CONTEXT('2D SPACE',''
  ) );
#1861 = ORIENTED_EDGE('',*,*,#1720,.F.);
#1862 = ORIENTED_EDGE('',*,*,#691,.F.);
#1863 = ADVANCED_FACE('',(#1864),#763,.F.);
#1864 = FACE_BOUND('',#1865,.F.);
#1865 = EDGE_LOOP('',(#1866,#1867,#1890,#1911));
#1866 = ORIENTED_EDGE('',*,*,#1793,.T.);
#1867 = ORIENTED_EDGE('',*,*,#1868,.T.);
#1868 = EDGE_CURVE('',#1771,#1869,#1871,.T.);
#1869 = VERTEX_POINT('',#1870);
#1870 = CARTESIAN_POINT('',(23.8425,-0.4,12.));
#1871 = SURFACE_CURVE('',#1872,(#1876,#1883),.PCURVE_S1.);
#1872 = LINE('',#1873,#1874);
#1873 = CARTESIAN_POINT('',(20.8075,-0.4,12.));
#1874 = VECTOR('',#1875,1.);
#1875 = DIRECTION('',(1.,0.,0.));
#1876 = PCURVE('',#763,#1877);
#1877 = DEFINITIONAL_REPRESENTATION('',(#1878),#1882);
#1878 = LINE('',#1879,#1880);
#1879 = CARTESIAN_POINT('',(0.,-2.));
#1880 = VECTOR('',#1881,1.);
#1881 = DIRECTION('',(1.,0.));
#1882 = ( GEOMETRIC_REPRESENTATION_CONTEXT(2) 
PARAMETRIC_REPRESENTATION_CONTEXT() REPRESENTATION_CONTEXT('2D SPACE',''
  ) );
#1883 = PCURVE('',#1683,#1884);
#1884 = DEFINITIONAL_REPRESENTATION('',(#1885),#1889);
#1885 = LINE('',#1886,#1887);
#1886 = CARTESIAN_POINT('',(-1.5175,-11.14273524855));
#1887 = VECTOR('',#1888,1.);
#1888 = DIRECTION('',(1.,0.));
#1889 = ( GEOMETRIC_REPRESENTATION_CONTEXT(2) 
PARAMETRIC_REPRESENTATION_CONTEXT() REPRESENTATION_CONTEXT('2D SPACE',''
  ) );
#1890 = ORIENTED_EDGE('',*,*,#1891,.F.);
#1891 = EDGE_CURVE('',#720,#1869,#1892,.T.);
#1892 = SURFACE_CURVE('',#1893,(#1897,#1904),.PCURVE_S1.);
#1893 = LINE('',#1894,#1895);
#1894 = CARTESIAN_POINT('',(23.8425,-0.4,10.));
#1895 = VECTOR('',#1896,1.);
#1896 = DIRECTION('',(0.,0.,1.));
#1897 = PCURVE('',#763,#1898);
#1898 = DEFINITIONAL_REPRESENTATION('',(#1899),#1903);
#1899 = LINE('',#1900,#1901);
#1900 = CARTESIAN_POINT('',(3.035,0.));
#1901 = VECTOR('',#1902,1.);
#1902 = DIRECTION('',(0.,-1.));
#1903 = ( GEOMETRIC_REPRESENTATION_CONTEXT(2) 
PARAMETRIC_REPRESENTATION_CONTEXT() REPRESENTATION_CONTEXT('2D SPACE',''
  ) );
#1904 = PCURVE('',#735,#1905);
#1905 = DEFINITIONAL_REPRESENTATION('',(#1906),#1910);
#1906 = LINE('',#1907,#1908);
#1907 = CARTESIAN_POINT('',(0.,0.));
#1908 = VECTOR('',#1909,1.);
#1909 = DIRECTION('',(0.,-1.));
#1910 = ( GEOMETRIC_REPRESENTATION_CONTEXT(2) 
PARAMETRIC_REPRESENTATION_CONTEXT() REPRESENTATION_CONTEXT('2D SPACE',''
  ) );
#1911 = ORIENTED_EDGE('',*,*,#747,.F.);
#1912 = ADVANCED_FACE('',(#1913),#735,.F.);
#1913 = FACE_BOUND('',#1914,.F.);
#1914 = EDGE_LOOP('',(#1915,#1916,#1937,#1938));
#1915 = ORIENTED_EDGE('',*,*,#1891,.T.);
#1916 = ORIENTED_EDGE('',*,*,#1917,.T.);
#1917 = EDGE_CURVE('',#1869,#1819,#1918,.T.);
#1918 = SURFACE_CURVE('',#1919,(#1923,#1930),.PCURVE_S1.);
#1919 = LINE('',#1920,#1921);
#1920 = CARTESIAN_POINT('',(23.8425,-0.4,12.));
#1921 = VECTOR('',#1922,1.);
#1922 = DIRECTION('',(4.993761694389E-02,0.998752338878,0.));
#1923 = PCURVE('',#735,#1924);
#1924 = DEFINITIONAL_REPRESENTATION('',(#1925),#1929);
#1925 = LINE('',#1926,#1927);
#1926 = CARTESIAN_POINT('',(0.,-2.));
#1927 = VECTOR('',#1928,1.);
#1928 = DIRECTION('',(1.,0.));
#1929 = ( GEOMETRIC_REPRESENTATION_CONTEXT(2) 
PARAMETRIC_REPRESENTATION_CONTEXT() REPRESENTATION_CONTEXT('2D SPACE',''
  ) );
#1930 = PCURVE('',#1683,#1931);
#1931 = DEFINITIONAL_REPRESENTATION('',(#1932),#1936);
#1932 = LINE('',#1933,#1934);
#1933 = CARTESIAN_POINT('',(1.5175,-11.14273524855));
#1934 = VECTOR('',#1935,1.);
#1935 = DIRECTION('',(4.993761694389E-02,0.998752338878));
#1936 = ( GEOMETRIC_REPRESENTATION_CONTEXT(2) 
PARAMETRIC_REPRESENTATION_CONTEXT() REPRESENTATION_CONTEXT('2D SPACE',''
  ) );
#1937 = ORIENTED_EDGE('',*,*,#1818,.F.);
#1938 = ORIENTED_EDGE('',*,*,#719,.F.);
#1939 = ADVANCED_FACE('',(#1940),#868,.F.);
#1940 = FACE_BOUND('',#1941,.T.);
#1941 = EDGE_LOOP('',(#1942,#1943,#1944,#1965));
#1942 = ORIENTED_EDGE('',*,*,#907,.T.);
#1943 = ORIENTED_EDGE('',*,*,#979,.T.);
#1944 = ORIENTED_EDGE('',*,*,#1945,.T.);
#1945 = EDGE_CURVE('',#980,#853,#1946,.T.);
#1946 = SURFACE_CURVE('',#1947,(#1951,#1958),.PCURVE_S1.);
#1947 = LINE('',#1948,#1949);
#1948 = CARTESIAN_POINT('',(17.533333333333,13.033333333333,
    -10.06666666666));
#1949 = VECTOR('',#1950,1.);
#1950 = DIRECTION('',(0.57735026919,0.57735026919,0.57735026919));
#1951 = PCURVE('',#868,#1952);
#1952 = DEFINITIONAL_REPRESENTATION('',(#1953),#1957);
#1953 = LINE('',#1954,#1955);
#1954 = CARTESIAN_POINT('',(-27.53333333333,-14.51925924036));
#1955 = VECTOR('',#1956,1.);
#1956 = DIRECTION('',(-0.57735026919,0.816496580928));
#1957 = ( GEOMETRIC_REPRESENTATION_CONTEXT(2) 
PARAMETRIC_REPRESENTATION_CONTEXT() REPRESENTATION_CONTEXT('2D SPACE',''
  ) );
#1958 = PCURVE('',#1018,#1959);
#1959 = DEFINITIONAL_REPRESENTATION('',(#1960),#1964);
#1960 = LINE('',#1961,#1962);
#1961 = CARTESIAN_POINT('',(13.533333333333,-14.51925924036));
#1962 = VECTOR('',#1963,1.);
#1963 = DIRECTION('',(0.57735026919,0.816496580928));
#1964 = ( GEOMETRIC_REPRESENTATION_CONTEXT(2) 
PARAMETRIC_REPRESENTATION_CONTEXT() REPRESENTATION_CONTEXT('2D SPACE',''
  ) );
#1965 = ORIENTED_EDGE('',*,*,#852,.F.);
#1966 = ADVANCED_FACE('',(#1967),#1100,.F.);
#1967 = FACE_BOUND('',#1968,.T.);
#1968 = EDGE_LOOP('',(#1969,#1990,#1991,#1992));
#1969 = ORIENTED_EDGE('',*,*,#1970,.F.);
#1970 = EDGE_CURVE('',#1059,#1176,#1971,.T.);
#1971 = SURFACE_CURVE('',#1972,(#1976,#1983),.PCURVE_S1.);
#1972 = LINE('',#1973,#1974);
#1973 = CARTESIAN_POINT('',(-4.133333333333,21.266666666667,
    0.266666666667));
#1974 = VECTOR('',#1975,1.);
#1975 = DIRECTION('',(0.57735026919,0.57735026919,0.57735026919));
#1976 = PCURVE('',#1100,#1977);
#1977 = DEFINITIONAL_REPRESENTATION('',(#1978),#1982);
#1978 = LINE('',#1979,#1980);
#1979 = CARTESIAN_POINT('',(0.133333333333,9.428090415821E-02));
#1980 = VECTOR('',#1981,1.);
#1981 = DIRECTION('',(-0.57735026919,0.816496580928));
#1982 = ( GEOMETRIC_REPRESENTATION_CONTEXT(2) 
PARAMETRIC_REPRESENTATION_CONTEXT() REPRESENTATION_CONTEXT('2D SPACE',''
  ) );
#1983 = PCURVE('',#1074,#1984);
#1984 = DEFINITIONAL_REPRESENTATION('',(#1985),#1989);
#1985 = LINE('',#1986,#1987);
#1986 = CARTESIAN_POINT('',(-0.133333333333,9.428090415821E-02));
#1987 = VECTOR('',#1988,1.);
#1988 = DIRECTION('',(0.57735026919,0.816496580928));
#1989 = ( GEOMETRIC_REPRESENTATION_CONTEXT(2) 
PARAMETRIC_REPRESENTATION_CONTEXT() REPRESENTATION_CONTEXT('2D SPACE',''
  ) );
#1990 = ORIENTED_EDGE('',*,*,#1086,.T.);
#1991 = ORIENTED_EDGE('',*,*,#1148,.F.);
#1992 = ORIENTED_EDGE('',*,*,#1198,.F.);
#1993 = ADVANCED_FACE('',(#1994),#1074,.F.);
#1994 = FACE_BOUND('',#1995,.F.);
#1995 = EDGE_LOOP('',(#1996,#1997,#1998,#2019));
#1996 = ORIENTED_EDGE('',*,*,#1970,.F.);
#1997 = ORIENTED_EDGE('',*,*,#1058,.T.);
#1998 = ORIENTED_EDGE('',*,*,#1999,.T.);
#1999 = EDGE_CURVE('',#1031,#1223,#2000,.T.);
#2000 = SURFACE_CURVE('',#2001,(#2005,#2012),.PCURVE_S1.);
#2001 = LINE('',#2002,#2003);
#2002 = CARTESIAN_POINT('',(2.8,22.6,1.6));
#2003 = VECTOR('',#2004,1.);
#2004 = DIRECTION('',(-0.57735026919,0.57735026919,0.57735026919));
#2005 = PCURVE('',#1074,#2006);
#2006 = DEFINITIONAL_REPRESENTATION('',(#2007),#2011);
#2007 = LINE('',#2008,#2009);
#2008 = CARTESIAN_POINT('',(6.8,1.979898987322));
#2009 = VECTOR('',#2010,1.);
#2010 = DIRECTION('',(-0.57735026919,0.816496580928));
#2011 = ( GEOMETRIC_REPRESENTATION_CONTEXT(2) 
PARAMETRIC_REPRESENTATION_CONTEXT() REPRESENTATION_CONTEXT('2D SPACE',''
  ) );
#2012 = PCURVE('',#1046,#2013);
#2013 = DEFINITIONAL_REPRESENTATION('',(#2014),#2018);
#2014 = LINE('',#2015,#2016);
#2015 = CARTESIAN_POINT('',(-1.2,1.979898987322));
#2016 = VECTOR('',#2017,1.);
#2017 = DIRECTION('',(-0.57735026919,0.816496580928));
#2018 = ( GEOMETRIC_REPRESENTATION_CONTEXT(2) 
PARAMETRIC_REPRESENTATION_CONTEXT() REPRESENTATION_CONTEXT('2D SPACE',''
  ) );
#2019 = ORIENTED_EDGE('',*,*,#1245,.F.);
#2020 = ADVANCED_FACE('',(#2021),#1046,.T.);
#2021 = FACE_BOUND('',#2022,.F.);
#2022 = EDGE_LOOP('',(#2023,#2024,#2025,#2046));
#2023 = ORIENTED_EDGE('',*,*,#1999,.F.);
#2024 = ORIENTED_EDGE('',*,*,#1030,.T.);
#2025 = ORIENTED_EDGE('',*,*,#2026,.T.);
#2026 = EDGE_CURVE('',#1003,#1272,#2027,.T.);
#2027 = SURFACE_CURVE('',#2028,(#2032,#2039),.PCURVE_S1.);
#2028 = LINE('',#2029,#2030);
#2029 = CARTESIAN_POINT('',(4.483333333333,23.016666666667,
    -8.333333333333E-02));
#2030 = VECTOR('',#2031,1.);
#2031 = DIRECTION('',(-0.57735026919,0.57735026919,0.57735026919));
#2032 = PCURVE('',#1046,#2033);
#2033 = DEFINITIONAL_REPRESENTATION('',(#2034),#2038);
#2034 = LINE('',#2035,#2036);
#2035 = CARTESIAN_POINT('',(-1.616666666667,-0.400693842672));
#2036 = VECTOR('',#2037,1.);
#2037 = DIRECTION('',(-0.57735026919,0.816496580928));
#2038 = ( GEOMETRIC_REPRESENTATION_CONTEXT(2) 
PARAMETRIC_REPRESENTATION_CONTEXT() REPRESENTATION_CONTEXT('2D SPACE',''
  ) );
#2039 = PCURVE('',#1018,#2040);
#2040 = DEFINITIONAL_REPRESENTATION('',(#2041),#2045);
#2041 = LINE('',#2042,#2043);
#2042 = CARTESIAN_POINT('',(0.483333333333,-0.400693842672));
#2043 = VECTOR('',#2044,1.);
#2044 = DIRECTION('',(-0.57735026919,0.816496580928));
#2045 = ( GEOMETRIC_REPRESENTATION_CONTEXT(2) 
PARAMETRIC_REPRESENTATION_CONTEXT() REPRESENTATION_CONTEXT('2D SPACE',''
  ) );
#2046 = ORIENTED_EDGE('',*,*,#1294,.F.);
#2047 = ADVANCED_FACE('',(#2048),#1018,.F.);
#2048 = FACE_BOUND('',#2049,.F.);
#2049 = EDGE_LOOP('',(#2050,#2051,#2052,#2053));
#2050 = ORIENTED_EDGE('',*,*,#2026,.F.);
#2051 = ORIENTED_EDGE('',*,*,#1002,.T.);
#2052 = ORIENTED_EDGE('',*,*,#1945,.T.);
#2053 = ORIENTED_EDGE('',*,*,#1319,.F.);
#2054 = ADVANCED_FACE('',(#2055),#1131,.F.);
#2055 = FACE_BOUND('',#2056,.F.);
#2056 = EDGE_LOOP('',(#2057,#2117,#2145,#2174,#2277,#2329,#2358,#2379,
    #2380,#2381,#2410));
#2057 = ORIENTED_EDGE('',*,*,#2058,.T.);
#2058 = EDGE_CURVE('',#2059,#2061,#2063,.T.);
#2059 = VERTEX_POINT('',#2060);
#2060 = CARTESIAN_POINT('',(3.063052949333,-1.082257412938,
    1.201373447397));
#2061 = VERTEX_POINT('',#2062);
#2062 = CARTESIAN_POINT('',(3.084377985133,-1.73643423855E-14,
    1.365622014867));
#2063 = SURFACE_CURVE('',#2064,(#2072,#2083),.PCURVE_S1.);
#2064 = B_SPLINE_CURVE_WITH_KNOTS('',6,(#2065,#2066,#2067,#2068,#2069,
    #2070,#2071),.UNSPECIFIED.,.F.,.F.,(7,7),(0.,1.),
  .PIECEWISE_BEZIER_KNOTS.);
#2065 = CARTESIAN_POINT('',(3.063052949333,-1.082257412938,
    1.201373447397));
#2066 = CARTESIAN_POINT('',(3.098532642019,-0.903040979028,
    1.227625198842));
#2067 = CARTESIAN_POINT('',(3.121658391446,-0.721732411899,
    1.254147533382));
#2068 = CARTESIAN_POINT('',(3.132045375524,-0.539432792263,
    1.281034457095));
#2069 = CARTESIAN_POINT('',(3.129379261062,-0.357394941914,
    1.308424549425));
#2070 = CARTESIAN_POINT('',(3.113468265017,-0.177053971638,
    1.336531734972));
#2071 = CARTESIAN_POINT('',(3.084377985133,6.661338147751E-16,
    1.365622014867));
#2072 = PCURVE('',#1131,#2073);
#2073 = DEFINITIONAL_REPRESENTATION('',(#2074),#2082);
#2074 = B_SPLINE_CURVE_WITH_KNOTS('',6,(#2075,#2076,#2077,#2078,#2079,
    #2080,#2081),.UNSPECIFIED.,.F.,.F.,(7,7),(0.,1.),
  .PIECEWISE_BEZIER_KNOTS.);
#2075 = CARTESIAN_POINT('',(-5.943550198559,-1.201373447397));
#2076 = CARTESIAN_POINT('',(-5.999204099337,-1.227625198842));
#2077 = CARTESIAN_POINT('',(-6.055277643061,-1.254147533378));
#2078 = CARTESIAN_POINT('',(-6.111758527841,-1.281034457106));
#2079 = CARTESIAN_POINT('',(-6.168612105363,-1.308424549414));
#2080 = CARTESIAN_POINT('',(-6.225781846096,-1.336531734978));
#2081 = CARTESIAN_POINT('',(-6.28318530718,-1.365622014867));
#2082 = ( GEOMETRIC_REPRESENTATION_CONTEXT(2) 
PARAMETRIC_REPRESENTATION_CONTEXT() REPRESENTATION_CONTEXT('2D SPACE',''
  ) );
#2083 = PCURVE('',#2084,#2107);
#2084 = ( BOUNDED_SURFACE() B_SPLINE_SURFACE(1,6,(
    (#2085,#2086,#2087,#2088,#2089,#2090,#2091,#2092,#2093,#2094,#2095)
    ,(#2096,#2097,#2098,#2099,#2100,#2101,#2102,#2103,#2104,#2105,#2106
)),.UNSPECIFIED.,.F.,.F.,.F.) B_SPLINE_SURFACE_WITH_KNOTS((2,2),(7,4,7),
(4.,5.),(0.,0.5,1.),.UNSPECIFIED.) GEOMETRIC_REPRESENTATION_ITEM() 
RATIONAL_B_SPLINE_SURFACE((
    (1.,1.,1.,1.,1.,1.,1.,1.,1.,1.,1.)
,(1.,1.,1.,1.,1.,1.,1.,1.,1.,1.,1.
  ))) REPRESENTATION_ITEM('') SURFACE() );
#2085 = CARTESIAN_POINT('',(2.562592335746,6.198426010596E-14,0.3968751)
  );
#2086 = CARTESIAN_POINT('',(2.553543231203,1.341462414619,0.502708433333
    ));
#2087 = CARTESIAN_POINT('',(1.746129338979,2.682924829238,0.608541766657
    ));
#2088 = CARTESIAN_POINT('',(-1.521380701209E-02,3.370894531646,
    0.714375100004));
#2089 = CARTESIAN_POINT('',(-1.722903303986,2.682924829238,
    0.820208433338));
#2090 = CARTESIAN_POINT('',(-3.402281367506,7.177306757041E-13,1.0318751
    ));
#2091 = CARTESIAN_POINT('',(-1.722903303986,-2.682924829239,
    1.243541766662));
#2092 = CARTESIAN_POINT('',(-1.52138070122E-02,-3.370894531645,
    1.349375099996));
#2093 = CARTESIAN_POINT('',(1.746129338979,-2.682924829239,
    1.455208433343));
#2094 = CARTESIAN_POINT('',(2.553543231203,-1.341462414619,
    1.561041766666));
#2095 = CARTESIAN_POINT('',(2.562592335746,-1.360976947228E-13,1.6668751
    ));
#2096 = CARTESIAN_POINT('',(3.25,-4.440892098501E-16,1.000000002804E-07)
  );
#2097 = CARTESIAN_POINT('',(3.238523500678,1.701305661014,0.105833433333
    ));
#2098 = CARTESIAN_POINT('',(2.214523266602,3.402611322029,0.211666766657
    ));
#2099 = CARTESIAN_POINT('',(-1.929486448406E-02,4.275126821562,
    0.317500100004));
#2100 = CARTESIAN_POINT('',(-2.185066918343,3.402611322029,
    0.423333433338));
#2101 = CARTESIAN_POINT('',(-4.314933081656,1.433642824056E-13,0.6350001
    ));
#2102 = CARTESIAN_POINT('',(-2.185066918343,-3.402611322029,
    0.846666766662));
#2103 = CARTESIAN_POINT('',(-1.929486448417E-02,-4.275126821562,
    0.952500099996));
#2104 = CARTESIAN_POINT('',(2.214523266602,-3.402611322029,
    1.058333433343));
#2105 = CARTESIAN_POINT('',(3.238523500678,-1.701305661014,
    1.164166766666));
#2106 = CARTESIAN_POINT('',(3.25,-1.557506027574E-15,1.2700001));
#2107 = DEFINITIONAL_REPRESENTATION('',(#2108),#2116);
#2108 = B_SPLINE_CURVE_WITH_KNOTS('',6,(#2109,#2110,#2111,#2112,#2113,
    #2114,#2115),.UNSPECIFIED.,.F.,.F.,(7,7),(0.,1.),
  .PIECEWISE_BEZIER_KNOTS.);
#2109 = CARTESIAN_POINT('',(5.,0.945963265666));
#2110 = CARTESIAN_POINT('',(4.962198654514,0.954821015631));
#2111 = CARTESIAN_POINT('',(4.923922007238,0.963743291425));
#2112 = CARTESIAN_POINT('',(4.884925767308,0.97272777223));
#2113 = CARTESIAN_POINT('',(4.844844625763,0.981769417735));
#2114 = CARTESIAN_POINT('',(4.803119184182,0.99086185916));
#2115 = CARTESIAN_POINT('',(4.759062891766,0.999999999981));
#2116 = ( GEOMETRIC_REPRESENTATION_CONTEXT(2) 
PARAMETRIC_REPRESENTATION_CONTEXT() REPRESENTATION_CONTEXT('2D SPACE',''
  ) );
#2117 = ORIENTED_EDGE('',*,*,#2118,.T.);
#2118 = EDGE_CURVE('',#2061,#2119,#2121,.T.);
#2119 = VERTEX_POINT('',#2120);
#2120 = CARTESIAN_POINT('',(3.05,-7.470345474799E-16,1.4));
#2121 = SURFACE_CURVE('',#2122,(#2126,#2133),.PCURVE_S1.);
#2122 = LINE('',#2123,#2124);
#2123 = CARTESIAN_POINT('',(4.45,-1.089935651241E-15,0.));
#2124 = VECTOR('',#2125,1.);
#2125 = DIRECTION('',(-0.707106781187,1.731912112471E-16,0.707106781187)
  );
#2126 = PCURVE('',#1131,#2127);
#2127 = DEFINITIONAL_REPRESENTATION('',(#2128),#2132);
#2128 = LINE('',#2129,#2130);
#2129 = CARTESIAN_POINT('',(-6.28318530718,0.));
#2130 = VECTOR('',#2131,1.);
#2131 = DIRECTION('',(-0.,-1.));
#2132 = ( GEOMETRIC_REPRESENTATION_CONTEXT(2) 
PARAMETRIC_REPRESENTATION_CONTEXT() REPRESENTATION_CONTEXT('2D SPACE',''
  ) );
#2133 = PCURVE('',#2134,#2139);
#2134 = CONICAL_SURFACE('',#2135,4.45,0.785398163397);
#2135 = AXIS2_PLACEMENT_3D('',#2136,#2137,#2138);
#2136 = CARTESIAN_POINT('',(0.,0.,0.));
#2137 = DIRECTION('',(-0.,-0.,-1.));
#2138 = DIRECTION('',(1.,0.,-0.));
#2139 = DEFINITIONAL_REPRESENTATION('',(#2140),#2144);
#2140 = LINE('',#2141,#2142);
#2141 = CARTESIAN_POINT('',(0.,-0.));
#2142 = VECTOR('',#2143,1.);
#2143 = DIRECTION('',(-0.,-1.));
#2144 = ( GEOMETRIC_REPRESENTATION_CONTEXT(2) 
PARAMETRIC_REPRESENTATION_CONTEXT() REPRESENTATION_CONTEXT('2D SPACE',''
  ) );
#2145 = ORIENTED_EDGE('',*,*,#2146,.F.);
#2146 = EDGE_CURVE('',#2147,#2119,#2149,.T.);
#2147 = VERTEX_POINT('',#2148);
#2148 = CARTESIAN_POINT('',(-1.268638211377,2.77363607718,1.4));
#2149 = SURFACE_CURVE('',#2150,(#2155,#2162),.PCURVE_S1.);
#2150 = CIRCLE('',#2151,3.05);
#2151 = AXIS2_PLACEMENT_3D('',#2152,#2153,#2154);
#2152 = CARTESIAN_POINT('',(0.,0.,1.4));
#2153 = DIRECTION('',(0.,0.,1.));
#2154 = DIRECTION('',(1.,0.,-0.));
#2155 = PCURVE('',#1131,#2156);
#2156 = DEFINITIONAL_REPRESENTATION('',(#2157),#2161);
#2157 = LINE('',#2158,#2159);
#2158 = CARTESIAN_POINT('',(-0.,-1.4));
#2159 = VECTOR('',#2160,1.);
#2160 = DIRECTION('',(-1.,-0.));
#2161 = ( GEOMETRIC_REPRESENTATION_CONTEXT(2) 
PARAMETRIC_REPRESENTATION_CONTEXT() REPRESENTATION_CONTEXT('2D SPACE',''
  ) );
#2162 = PCURVE('',#2163,#2168);
#2163 = PLANE('',#2164);
#2164 = AXIS2_PLACEMENT_3D('',#2165,#2166,#2167);
#2165 = CARTESIAN_POINT('',(0.,0.,1.4));
#2166 = DIRECTION('',(0.,0.,1.));
#2167 = DIRECTION('',(1.,0.,-0.));
#2168 = DEFINITIONAL_REPRESENTATION('',(#2169),#2173);
#2169 = CIRCLE('',#2170,3.05);
#2170 = AXIS2_PLACEMENT_2D('',#2171,#2172);
#2171 = CARTESIAN_POINT('',(0.,0.));
#2172 = DIRECTION('',(1.,0.));
#2173 = ( GEOMETRIC_REPRESENTATION_CONTEXT(2) 
PARAMETRIC_REPRESENTATION_CONTEXT() REPRESENTATION_CONTEXT('2D SPACE',''
  ) );
#2174 = ORIENTED_EDGE('',*,*,#2175,.T.);
#2175 = EDGE_CURVE('',#2147,#2176,#2178,.T.);
#2176 = VERTEX_POINT('',#2177);
#2177 = CARTESIAN_POINT('',(2.935225926251,1.393422717242,1.200818855917
    ));
#2178 = SURFACE_CURVE('',#2179,(#2202,#2228),.PCURVE_S1.);
#2179 = B_SPLINE_CURVE_WITH_KNOTS('',6,(#2180,#2181,#2182,#2183,#2184,
    #2185,#2186,#2187,#2188,#2189,#2190,#2191,#2192,#2193,#2194,#2195,
    #2196,#2197,#2198,#2199,#2200,#2201),.UNSPECIFIED.,.F.,.F.,(7,5,5,5,
    7),(0.,0.235682248597,0.468289450531,0.746842392579,1.),
  .UNSPECIFIED.);
#2180 = CARTESIAN_POINT('',(-1.268638211377,2.77363607718,1.4));
#2181 = CARTESIAN_POINT('',(-1.097451982765,2.860808113588,
    1.391931109895));
#2182 = CARTESIAN_POINT('',(-0.919606178012,2.935062253424,
    1.383885762305));
#2183 = CARTESIAN_POINT('',(-0.736358908963,2.995797981359,
    1.375865987099));
#2184 = CARTESIAN_POINT('',(-0.549009381585,3.042598526865,
    1.367871859474));
#2185 = CARTESIAN_POINT('',(-0.35888470093,3.07520263944,1.359901591617)
  );
#2186 = CARTESIAN_POINT('',(2.170281249262E-02,3.111604944224,
    1.344109914926));
#2187 = CARTESIAN_POINT('',(0.212144408229,3.115774903043,1.336287277226
    ));
#2188 = CARTESIAN_POINT('',(0.40268284397,3.105945655194,1.328484664275)
  );
#2189 = CARTESIAN_POINT('',(0.592043726282,3.082198290919,1.320698987432
    ));
#2190 = CARTESIAN_POINT('',(0.778980348218,3.044753687262,1.31292807755)
  );
#2191 = CARTESIAN_POINT('',(1.181781580671,2.933192642119,1.295885978189
    ));
#2192 = CARTESIAN_POINT('',(1.396092317551,2.853286400802,1.286620547781
    ));
#2193 = CARTESIAN_POINT('',(1.60311526528,2.754906316309,1.277378672452)
  );
#2194 = CARTESIAN_POINT('',(1.80092775147,2.638981309912,1.268164205298)
  );
#2195 = CARTESIAN_POINT('',(1.987753865169,2.506663200483,1.258988683866
    ));
#2196 = CARTESIAN_POINT('',(2.320356750395,2.225508455584,1.241571209752
    ));
#2197 = CARTESIAN_POINT('',(2.468343218452,2.079260581365,1.233319369288
    ));
#2198 = CARTESIAN_POINT('',(2.604756687821,1.921686602587,1.225117261057
    ));
#2199 = CARTESIAN_POINT('',(2.728580733247,1.753974902023,1.216971019775
    ));
#2200 = CARTESIAN_POINT('',(2.838958098576,1.57741611893,1.208878498258)
  );
#2201 = CARTESIAN_POINT('',(2.935225926251,1.393422717242,1.200818855917
    ));
#2202 = PCURVE('',#1131,#2203);
#2203 = DEFINITIONAL_REPRESENTATION('',(#2204),#2227);
#2204 = B_SPLINE_CURVE_WITH_KNOTS('',6,(#2205,#2206,#2207,#2208,#2209,
    #2210,#2211,#2212,#2213,#2214,#2215,#2216,#2217,#2218,#2219,#2220,
    #2221,#2222,#2223,#2224,#2225,#2226),.UNSPECIFIED.,.F.,.F.,(7,5,5,5,
    7),(0.,0.235682248597,0.468289450531,0.746842392579,1.),
  .UNSPECIFIED.);
#2205 = CARTESIAN_POINT('',(-1.999780190794,-1.4));
#2206 = CARTESIAN_POINT('',(-1.936851077551,-1.391931109993));
#2207 = CARTESIAN_POINT('',(-1.874097612074,-1.383885762099));
#2208 = CARTESIAN_POINT('',(-1.811523812979,-1.375865987284));
#2209 = CARTESIAN_POINT('',(-1.749124210016,-1.367871859405));
#2210 = CARTESIAN_POINT('',(-1.68689406487,-1.359901591617));
#2211 = CARTESIAN_POINT('',(-1.563591130115,-1.344109914926));
#2212 = CARTESIAN_POINT('',(-1.50250883966,-1.336287277226));
#2213 = CARTESIAN_POINT('',(-1.44159415883,-1.328484664275));
#2214 = CARTESIAN_POINT('',(-1.380842467359,-1.320698987432));
#2215 = CARTESIAN_POINT('',(-1.320250087854,-1.31292807755));
#2216 = CARTESIAN_POINT('',(-1.187455068878,-1.295885978189));
#2217 = CARTESIAN_POINT('',(-1.115314824832,-1.286620547781));
#2218 = CARTESIAN_POINT('',(-1.043408450939,-1.277378672452));
#2219 = CARTESIAN_POINT('',(-0.971727298093,-1.268164205298));
#2220 = CARTESIAN_POINT('',(-0.900263107462,-1.258988683866));
#2221 = CARTESIAN_POINT('',(-0.764279564067,-1.241571209752));
#2222 = CARTESIAN_POINT('',(-0.699712916245,-1.233319369288));
#2223 = CARTESIAN_POINT('',(-0.635329573557,-1.225117261057));
#2224 = CARTESIAN_POINT('',(-0.571122932478,-1.216971019775));
#2225 = CARTESIAN_POINT('',(-0.507085406459,-1.208878498258));
#2226 = CARTESIAN_POINT('',(-0.443223266967,-1.200818855917));
#2227 = ( GEOMETRIC_REPRESENTATION_CONTEXT(2) 
PARAMETRIC_REPRESENTATION_CONTEXT() REPRESENTATION_CONTEXT('2D SPACE',''
  ) );
#2228 = PCURVE('',#2229,#2252);
#2229 = ( BOUNDED_SURFACE() B_SPLINE_SURFACE(1,6,(
    (#2230,#2231,#2232,#2233,#2234,#2235,#2236,#2237,#2238,#2239,#2240)
    ,(#2241,#2242,#2243,#2244,#2245,#2246,#2247,#2248,#2249,#2250,#2251
)),.UNSPECIFIED.,.F.,.F.,.F.) B_SPLINE_SURFACE_WITH_KNOTS((2,2),(7,4,7),
(2.,3.),(0.,0.5,1.),.UNSPECIFIED.) GEOMETRIC_REPRESENTATION_ITEM() 
RATIONAL_B_SPLINE_SURFACE((
    (1.,1.,1.,1.,1.,1.,1.,1.,1.,1.,1.)
,(1.,1.,1.,1.,1.,1.,1.,1.,1.,1.,1.
  ))) REPRESENTATION_ITEM('') SURFACE() );
#2230 = CARTESIAN_POINT('',(3.25,-4.440892098501E-16,1.1112501));
#2231 = CARTESIAN_POINT('',(3.238523500678,1.701305661014,1.217083433333
    ));
#2232 = CARTESIAN_POINT('',(2.214523266602,3.402611322029,1.322916766657
    ));
#2233 = CARTESIAN_POINT('',(-1.929486448406E-02,4.275126821562,
    1.428750100004));
#2234 = CARTESIAN_POINT('',(-2.185066918343,3.402611322029,
    1.534583433338));
#2235 = CARTESIAN_POINT('',(-4.314933081656,1.433642824056E-13,1.7462501
    ));
#2236 = CARTESIAN_POINT('',(-2.185066918343,-3.402611322029,
    1.957916766663));
#2237 = CARTESIAN_POINT('',(-1.929486448417E-02,-4.275126821562,
    2.063750099996));
#2238 = CARTESIAN_POINT('',(2.214523266602,-3.402611322029,
    2.169583433344));
#2239 = CARTESIAN_POINT('',(3.238523500678,-1.701305661014,
    2.275416766666));
#2240 = CARTESIAN_POINT('',(3.25,-1.557506027574E-15,2.3812501));
#2241 = CARTESIAN_POINT('',(2.562592335746,6.198426010596E-14,0.7143751)
  );
#2242 = CARTESIAN_POINT('',(2.553543231203,1.341462414619,0.820208433333
    ));
#2243 = CARTESIAN_POINT('',(1.746129338979,2.682924829238,0.926041766657
    ));
#2244 = CARTESIAN_POINT('',(-1.521380701209E-02,3.370894531646,
    1.031875100004));
#2245 = CARTESIAN_POINT('',(-1.722903303986,2.682924829238,
    1.137708433338));
#2246 = CARTESIAN_POINT('',(-3.402281367506,7.177306757041E-13,1.3493751
    ));
#2247 = CARTESIAN_POINT('',(-1.722903303986,-2.682924829239,
    1.561041766663));
#2248 = CARTESIAN_POINT('',(-1.52138070122E-02,-3.370894531645,
    1.666875099996));
#2249 = CARTESIAN_POINT('',(1.746129338979,-2.682924829239,
    1.772708433343));
#2250 = CARTESIAN_POINT('',(2.553543231203,-1.341462414619,
    1.878541766666));
#2251 = CARTESIAN_POINT('',(2.562592335746,-1.360976947228E-13,1.9843751
    ));
#2252 = DEFINITIONAL_REPRESENTATION('',(#2253),#2276);
#2253 = B_SPLINE_CURVE_WITH_KNOTS('',6,(#2254,#2255,#2256,#2257,#2258,
    #2259,#2260,#2261,#2262,#2263,#2264,#2265,#2266,#2267,#2268,#2269,
    #2270,#2271,#2272,#2273,#2274,#2275),.UNSPECIFIED.,.F.,.F.,(7,5,5,5,
    7),(0.,0.235682248597,0.468289450531,0.746842392579,1.),
  .UNSPECIFIED.);
#2254 = CARTESIAN_POINT('',(2.290936086278,0.318279652945));
#2255 = CARTESIAN_POINT('',(2.279210395652,0.308261917848));
#2256 = CARTESIAN_POINT('',(2.267512887423,0.298271527165));
#2257 = CARTESIAN_POINT('',(2.255841643249,0.288309479734));
#2258 = CARTESIAN_POINT('',(2.244195486386,0.278375467034));
#2259 = CARTESIAN_POINT('',(2.232578030945,0.268469210746));
#2260 = CARTESIAN_POINT('',(2.209563982635,0.248842929554));
#2261 = CARTESIAN_POINT('',(2.198165563318,0.239121366274));
#2262 = CARTESIAN_POINT('',(2.186805886468,0.229427677534));
#2263 = CARTESIAN_POINT('',(2.175490323933,0.219761110034));
#2264 = CARTESIAN_POINT('',(2.164221248307,0.210120697223));
#2265 = CARTESIAN_POINT('',(2.139554272511,0.188993291412));
#2266 = CARTESIAN_POINT('',(2.126174028575,0.177516350688));
#2267 = CARTESIAN_POINT('',(2.11285205774,0.166076167614));
#2268 = CARTESIAN_POINT('',(2.099570365773,0.154670152927));
#2269 = CARTESIAN_POINT('',(2.086293201825,0.143296219167));
#2270 = CARTESIAN_POINT('',(2.06091005144,0.121649438125));
#2271 = CARTESIAN_POINT('',(2.048806112788,0.111369445121));
#2272 = CARTESIAN_POINT('',(2.036664917085,0.101116968526));
#2273 = CARTESIAN_POINT('',(2.024470101139,9.089172532767E-02));
#2274 = CARTESIAN_POINT('',(2.01222859829,8.06941915006E-02));
#2275 = CARTESIAN_POINT('',(2.,7.05265794636E-02));
#2276 = ( GEOMETRIC_REPRESENTATION_CONTEXT(2) 
PARAMETRIC_REPRESENTATION_CONTEXT() REPRESENTATION_CONTEXT('2D SPACE',''
  ) );
#2277 = ORIENTED_EDGE('',*,*,#2278,.T.);
#2278 = EDGE_CURVE('',#2176,#2279,#2281,.T.);
#2279 = VERTEX_POINT('',#2280);
#2280 = CARTESIAN_POINT('',(2.941586011882,1.381872539344,1.200000003032
    ));
#2281 = SURFACE_CURVE('',#2282,(#2288,#2297),.PCURVE_S1.);
#2282 = B_SPLINE_CURVE_WITH_KNOTS('',4,(#2283,#2284,#2285,#2286,#2287),
  .UNSPECIFIED.,.F.,.F.,(5,5),(0.,1.),.PIECEWISE_BEZIER_KNOTS.);
#2283 = CARTESIAN_POINT('',(2.935225926251,1.393422717242,1.200818855917
    ));
#2284 = CARTESIAN_POINT('',(2.939095682364,1.386428771319,1.200322396881
    ));
#2285 = CARTESIAN_POINT('',(2.942942562057,1.379421903841,1.199826028398
    ));
#2286 = CARTESIAN_POINT('',(2.946766509833,1.372402224436,1.199329750096
    ));
#2287 = CARTESIAN_POINT('',(2.950567471368,1.365369842666,1.198833561573
    ));
#2288 = PCURVE('',#1131,#2289);
#2289 = DEFINITIONAL_REPRESENTATION('',(#2290),#2296);
#2290 = B_SPLINE_CURVE_WITH_KNOTS('',4,(#2291,#2292,#2293,#2294,#2295),
  .UNSPECIFIED.,.F.,.F.,(5,5),(0.,1.),.PIECEWISE_BEZIER_KNOTS.);
#2291 = CARTESIAN_POINT('',(-0.443223266967,-1.200818855917));
#2292 = CARTESIAN_POINT('',(-0.440767969044,-1.200322396881));
#2293 = CARTESIAN_POINT('',(-0.438313098362,-1.199826028398));
#2294 = CARTESIAN_POINT('',(-0.435858652451,-1.199329750096));
#2295 = CARTESIAN_POINT('',(-0.43340462871,-1.198833561573));
#2296 = ( GEOMETRIC_REPRESENTATION_CONTEXT(2) 
PARAMETRIC_REPRESENTATION_CONTEXT() REPRESENTATION_CONTEXT('2D SPACE',''
  ) );
#2297 = PCURVE('',#2298,#2321);
#2298 = ( BOUNDED_SURFACE() B_SPLINE_SURFACE(1,6,(
    (#2299,#2300,#2301,#2302,#2303,#2304,#2305,#2306,#2307,#2308,#2309)
    ,(#2310,#2311,#2312,#2313,#2314,#2315,#2316,#2317,#2318,#2319,#2320
)),.UNSPECIFIED.,.F.,.F.,.F.) B_SPLINE_SURFACE_WITH_KNOTS((2,2),(7,4,7),
(1.,2.),(0.,0.5,1.),.UNSPECIFIED.) GEOMETRIC_REPRESENTATION_ITEM() 
RATIONAL_B_SPLINE_SURFACE((
    (1.,1.,1.,1.,1.,1.,1.,1.,1.,1.,1.)
,(1.,1.,1.,1.,1.,1.,1.,1.,1.,1.,1.
  ))) REPRESENTATION_ITEM('') SURFACE() );
#2299 = CARTESIAN_POINT('',(3.45,-1.860750302153E-14,1.1112501));
#2300 = CARTESIAN_POINT('',(3.437817254616,1.806001394014,1.217083433333
    ));
#2301 = CARTESIAN_POINT('',(2.350801621348,3.61200278803,1.322916766657)
  );
#2302 = CARTESIAN_POINT('',(-2.048224067563E-02,4.538211548991,
    1.428750100004));
#2303 = CARTESIAN_POINT('',(-2.319532574864,3.612002788029,
    1.534583433338));
#2304 = CARTESIAN_POINT('',(-4.580467425135,-1.406932284806E-13,
    1.7462501));
#2305 = CARTESIAN_POINT('',(-2.319532574864,-3.612002788029,
    1.957916766663));
#2306 = CARTESIAN_POINT('',(-2.048224067566E-02,-4.538211548992,
    2.063750099996));
#2307 = CARTESIAN_POINT('',(2.350801621348,-3.612002788029,
    2.169583433344));
#2308 = CARTESIAN_POINT('',(3.437817254617,-1.806001394015,
    2.275416766666));
#2309 = CARTESIAN_POINT('',(3.45,3.758671528141E-14,2.3812501));
#2310 = CARTESIAN_POINT('',(3.25,-4.440892098501E-16,1.1112501));
#2311 = CARTESIAN_POINT('',(3.238523500678,1.701305661014,1.217083433333
    ));
#2312 = CARTESIAN_POINT('',(2.214523266602,3.402611322029,1.322916766657
    ));
#2313 = CARTESIAN_POINT('',(-1.929486448406E-02,4.275126821562,
    1.428750100004));
#2314 = CARTESIAN_POINT('',(-2.185066918343,3.402611322029,
    1.534583433338));
#2315 = CARTESIAN_POINT('',(-4.314933081656,1.433642824056E-13,1.7462501
    ));
#2316 = CARTESIAN_POINT('',(-2.185066918343,-3.402611322029,
    1.957916766663));
#2317 = CARTESIAN_POINT('',(-1.929486448417E-02,-4.275126821562,
    2.063750099996));
#2318 = CARTESIAN_POINT('',(2.214523266602,-3.402611322029,
    2.169583433344));
#2319 = CARTESIAN_POINT('',(3.238523500678,-1.701305661014,
    2.275416766666));
#2320 = CARTESIAN_POINT('',(3.25,-1.557506027574E-15,2.3812501));
#2321 = DEFINITIONAL_REPRESENTATION('',(#2322),#2328);
#2322 = B_SPLINE_CURVE_WITH_KNOTS('',4,(#2323,#2324,#2325,#2326,#2327),
  .UNSPECIFIED.,.F.,.F.,(5,5),(0.,1.),.PIECEWISE_BEZIER_KNOTS.);
#2323 = CARTESIAN_POINT('',(2.,7.052657946361E-02));
#2324 = CARTESIAN_POINT('',(1.997450881708,7.013566683657E-02));
#2325 = CARTESIAN_POINT('',(1.99490201242,6.97448255111E-02));
#2326 = CARTESIAN_POINT('',(1.992353416109,6.935405519472E-02));
#2327 = CARTESIAN_POINT('',(1.989805118345,6.896335557029E-02));
#2328 = ( GEOMETRIC_REPRESENTATION_CONTEXT(2) 
PARAMETRIC_REPRESENTATION_CONTEXT() REPRESENTATION_CONTEXT('2D SPACE',''
  ) );
#2329 = ORIENTED_EDGE('',*,*,#2330,.F.);
#2330 = EDGE_CURVE('',#2331,#2279,#2333,.T.);
#2331 = VERTEX_POINT('',#2332);
#2332 = CARTESIAN_POINT('',(3.25,-7.960204194458E-16,1.2));
#2333 = SURFACE_CURVE('',#2334,(#2339,#2346),.PCURVE_S1.);
#2334 = CIRCLE('',#2335,3.25);
#2335 = AXIS2_PLACEMENT_3D('',#2336,#2337,#2338);
#2336 = CARTESIAN_POINT('',(0.,0.,1.2));
#2337 = DIRECTION('',(0.,0.,1.));
#2338 = DIRECTION('',(0.,-1.,0.));
#2339 = PCURVE('',#1131,#2340);
#2340 = DEFINITIONAL_REPRESENTATION('',(#2341),#2345);
#2341 = LINE('',#2342,#2343);
#2342 = CARTESIAN_POINT('',(1.570796326795,-1.2));
#2343 = VECTOR('',#2344,1.);
#2344 = DIRECTION('',(-1.,-0.));
#2345 = ( GEOMETRIC_REPRESENTATION_CONTEXT(2) 
PARAMETRIC_REPRESENTATION_CONTEXT() REPRESENTATION_CONTEXT('2D SPACE',''
  ) );
#2346 = PCURVE('',#2347,#2352);
#2347 = CYLINDRICAL_SURFACE('',#2348,3.25);
#2348 = AXIS2_PLACEMENT_3D('',#2349,#2350,#2351);
#2349 = CARTESIAN_POINT('',(0.,0.,0.));
#2350 = DIRECTION('',(0.,0.,1.));
#2351 = DIRECTION('',(1.,0.,-0.));
#2352 = DEFINITIONAL_REPRESENTATION('',(#2353),#2357);
#2353 = LINE('',#2354,#2355);
#2354 = CARTESIAN_POINT('',(-1.570796326795,1.2));
#2355 = VECTOR('',#2356,1.);
#2356 = DIRECTION('',(1.,0.));
#2357 = ( GEOMETRIC_REPRESENTATION_CONTEXT(2) 
PARAMETRIC_REPRESENTATION_CONTEXT() REPRESENTATION_CONTEXT('2D SPACE',''
  ) );
#2358 = ORIENTED_EDGE('',*,*,#2359,.F.);
#2359 = EDGE_CURVE('',#1115,#2331,#2360,.T.);
#2360 = SEAM_CURVE('',#2361,(#2365,#2372),.PCURVE_S1.);
#2361 = LINE('',#2362,#2363);
#2362 = CARTESIAN_POINT('',(4.45,-1.089935651241E-15,0.));
#2363 = VECTOR('',#2364,1.);
#2364 = DIRECTION('',(-0.707106781187,1.731912112471E-16,0.707106781187)
  );
#2365 = PCURVE('',#1131,#2366);
#2366 = DEFINITIONAL_REPRESENTATION('',(#2367),#2371);
#2367 = LINE('',#2368,#2369);
#2368 = CARTESIAN_POINT('',(0.,-0.));
#2369 = VECTOR('',#2370,1.);
#2370 = DIRECTION('',(-0.,-1.));
#2371 = ( GEOMETRIC_REPRESENTATION_CONTEXT(2) 
PARAMETRIC_REPRESENTATION_CONTEXT() REPRESENTATION_CONTEXT('2D SPACE',''
  ) );
#2372 = PCURVE('',#1131,#2373);
#2373 = DEFINITIONAL_REPRESENTATION('',(#2374),#2378);
#2374 = LINE('',#2375,#2376);
#2375 = CARTESIAN_POINT('',(-6.28318530718,0.));
#2376 = VECTOR('',#2377,1.);
#2377 = DIRECTION('',(-0.,-1.));
#2378 = ( GEOMETRIC_REPRESENTATION_CONTEXT(2) 
PARAMETRIC_REPRESENTATION_CONTEXT() REPRESENTATION_CONTEXT('2D SPACE',''
  ) );
#2379 = ORIENTED_EDGE('',*,*,#1114,.T.);
#2380 = ORIENTED_EDGE('',*,*,#2359,.T.);
#2381 = ORIENTED_EDGE('',*,*,#2382,.F.);
#2382 = EDGE_CURVE('',#2383,#2331,#2385,.T.);
#2383 = VERTEX_POINT('',#2384);
#2384 = CARTESIAN_POINT('',(3.056920443616,-1.103511406905,
    1.199999996344));
#2385 = SURFACE_CURVE('',#2386,(#2391,#2398),.PCURVE_S1.);
#2386 = CIRCLE('',#2387,3.25);
#2387 = AXIS2_PLACEMENT_3D('',#2388,#2389,#2390);
#2388 = CARTESIAN_POINT('',(0.,0.,1.2));
#2389 = DIRECTION('',(0.,0.,1.));
#2390 = DIRECTION('',(0.,-1.,0.));
#2391 = PCURVE('',#1131,#2392);
#2392 = DEFINITIONAL_REPRESENTATION('',(#2393),#2397);
#2393 = LINE('',#2394,#2395);
#2394 = CARTESIAN_POINT('',(1.570796326795,-1.2));
#2395 = VECTOR('',#2396,1.);
#2396 = DIRECTION('',(-1.,-0.));
#2397 = ( GEOMETRIC_REPRESENTATION_CONTEXT(2) 
PARAMETRIC_REPRESENTATION_CONTEXT() REPRESENTATION_CONTEXT('2D SPACE',''
  ) );
#2398 = PCURVE('',#2399,#2404);
#2399 = CYLINDRICAL_SURFACE('',#2400,3.25);
#2400 = AXIS2_PLACEMENT_3D('',#2401,#2402,#2403);
#2401 = CARTESIAN_POINT('',(0.,0.,0.));
#2402 = DIRECTION('',(0.,0.,1.));
#2403 = DIRECTION('',(1.,0.,-0.));
#2404 = DEFINITIONAL_REPRESENTATION('',(#2405),#2409);
#2405 = LINE('',#2406,#2407);
#2406 = CARTESIAN_POINT('',(-1.570796326795,1.2));
#2407 = VECTOR('',#2408,1.);
#2408 = DIRECTION('',(1.,0.));
#2409 = ( GEOMETRIC_REPRESENTATION_CONTEXT(2) 
PARAMETRIC_REPRESENTATION_CONTEXT() REPRESENTATION_CONTEXT('2D SPACE',''
  ) );
#2410 = ORIENTED_EDGE('',*,*,#2411,.T.);
#2411 = EDGE_CURVE('',#2383,#2059,#2412,.T.);
#2412 = SURFACE_CURVE('',#2413,(#2419,#2428),.PCURVE_S1.);
#2413 = B_SPLINE_CURVE_WITH_KNOTS('',4,(#2414,#2415,#2416,#2417,#2418),
  .UNSPECIFIED.,.F.,.F.,(5,5),(0.,1.),.PIECEWISE_BEZIER_KNOTS.);
#2414 = CARTESIAN_POINT('',(3.053660323397,-1.114594052105,
    1.199282960379));
#2415 = CARTESIAN_POINT('',(3.056050595809,-1.106521519297,
    1.199805465725));
#2416 = CARTESIAN_POINT('',(3.05841282346,-1.098441130281,1.200328049233
    ));
#2417 = CARTESIAN_POINT('',(3.060746957118,-1.090353042023,
    1.200850710078));
#2418 = CARTESIAN_POINT('',(3.063052949333,-1.082257412938,
    1.201373447397));
#2419 = PCURVE('',#1131,#2420);
#2420 = DEFINITIONAL_REPRESENTATION('',(#2421),#2427);
#2421 = B_SPLINE_CURVE_WITH_KNOTS('',4,(#2422,#2423,#2424,#2425,#2426),
  .UNSPECIFIED.,.F.,.F.,(5,5),(0.,1.),.PIECEWISE_BEZIER_KNOTS.);
#2422 = CARTESIAN_POINT('',(-5.933208130193,-1.199282960379));
#2423 = CARTESIAN_POINT('',(-5.935793020861,-1.199805465725));
#2424 = CARTESIAN_POINT('',(-5.938378331662,-1.200328049233));
#2425 = CARTESIAN_POINT('',(-5.94096405888,-1.200850710078));
#2426 = CARTESIAN_POINT('',(-5.943550198559,-1.201373447397));
#2427 = ( GEOMETRIC_REPRESENTATION_CONTEXT(2) 
PARAMETRIC_REPRESENTATION_CONTEXT() REPRESENTATION_CONTEXT('2D SPACE',''
  ) );
#2428 = PCURVE('',#2429,#2452);
#2429 = ( BOUNDED_SURFACE() B_SPLINE_SURFACE(1,6,(
    (#2430,#2431,#2432,#2433,#2434,#2435,#2436,#2437,#2438,#2439,#2440)
    ,(#2441,#2442,#2443,#2444,#2445,#2446,#2447,#2448,#2449,#2450,#2451
)),.UNSPECIFIED.,.F.,.F.,.F.) B_SPLINE_SURFACE_WITH_KNOTS((2,2),(7,4,7),
(5.,6.),(0.,0.5,1.),.UNSPECIFIED.) GEOMETRIC_REPRESENTATION_ITEM() 
RATIONAL_B_SPLINE_SURFACE((
    (1.,1.,1.,1.,1.,1.,1.,1.,1.,1.,1.)
,(1.,1.,1.,1.,1.,1.,1.,1.,1.,1.,1.
  ))) REPRESENTATION_ITEM('') SURFACE() );
#2430 = CARTESIAN_POINT('',(3.25,-4.440892098501E-16,1.000000002804E-07)
  );
#2431 = CARTESIAN_POINT('',(3.238523500678,1.701305661014,0.105833433333
    ));
#2432 = CARTESIAN_POINT('',(2.214523266602,3.402611322029,0.211666766657
    ));
#2433 = CARTESIAN_POINT('',(-1.929486448406E-02,4.275126821562,
    0.317500100004));
#2434 = CARTESIAN_POINT('',(-2.185066918343,3.402611322029,
    0.423333433338));
#2435 = CARTESIAN_POINT('',(-4.314933081656,1.433642824056E-13,0.6350001
    ));
#2436 = CARTESIAN_POINT('',(-2.185066918343,-3.402611322029,
    0.846666766662));
#2437 = CARTESIAN_POINT('',(-1.929486448417E-02,-4.275126821562,
    0.952500099996));
#2438 = CARTESIAN_POINT('',(2.214523266602,-3.402611322029,
    1.058333433343));
#2439 = CARTESIAN_POINT('',(3.238523500678,-1.701305661014,
    1.164166766666));
#2440 = CARTESIAN_POINT('',(3.25,-1.557506027574E-15,1.2700001));
#2441 = CARTESIAN_POINT('',(3.45,-1.860750302153E-14,1.000000002804E-07)
  );
#2442 = CARTESIAN_POINT('',(3.437817254616,1.806001394014,0.105833433333
    ));
#2443 = CARTESIAN_POINT('',(2.350801621348,3.61200278803,0.211666766657)
  );
#2444 = CARTESIAN_POINT('',(-2.048224067563E-02,4.538211548991,
    0.317500100004));
#2445 = CARTESIAN_POINT('',(-2.319532574864,3.612002788029,
    0.423333433338));
#2446 = CARTESIAN_POINT('',(-4.580467425135,-1.406932284806E-13,
    0.6350001));
#2447 = CARTESIAN_POINT('',(-2.319532574864,-3.612002788029,
    0.846666766662));
#2448 = CARTESIAN_POINT('',(-2.048224067566E-02,-4.538211548992,
    0.952500099996));
#2449 = CARTESIAN_POINT('',(2.350801621348,-3.612002788029,
    1.058333433343));
#2450 = CARTESIAN_POINT('',(3.437817254617,-1.806001394015,
    1.164166766666));
#2451 = CARTESIAN_POINT('',(3.45,3.758671528141E-14,1.2700001));
#2452 = DEFINITIONAL_REPRESENTATION('',(#2453),#2459);
#2453 = B_SPLINE_CURVE_WITH_KNOTS('',4,(#2454,#2455,#2456,#2457,#2458),
  .UNSPECIFIED.,.F.,.F.,(5,5),(0.,1.),.PIECEWISE_BEZIER_KNOTS.);
#2454 = CARTESIAN_POINT('',(5.010194881655,0.944317212896));
#2455 = CARTESIAN_POINT('',(5.007647612026,0.944728634428));
#2456 = CARTESIAN_POINT('',(5.00509940756,0.945140117506));
#2457 = CARTESIAN_POINT('',(5.002550220362,0.945551661478));
#2458 = CARTESIAN_POINT('',(5.,0.945963265666));
#2459 = ( GEOMETRIC_REPRESENTATION_CONTEXT(2) 
PARAMETRIC_REPRESENTATION_CONTEXT() REPRESENTATION_CONTEXT('2D SPACE',''
  ) );
#2460 = ADVANCED_FACE('',(#2461),#1384,.T.);
#2461 = FACE_BOUND('',#2462,.T.);
#2462 = EDGE_LOOP('',(#2463,#2464,#2465,#2466,#2467,#2468));
#2463 = ORIENTED_EDGE('',*,*,#1368,.T.);
#2464 = ORIENTED_EDGE('',*,*,#1471,.T.);
#2465 = ORIENTED_EDGE('',*,*,#1569,.T.);
#2466 = ORIENTED_EDGE('',*,*,#1618,.T.);
#2467 = ORIENTED_EDGE('',*,*,#1542,.T.);
#2468 = ORIENTED_EDGE('',*,*,#1444,.T.);
#2469 = ADVANCED_FACE('',(#2470),#1683,.T.);
#2470 = FACE_BOUND('',#2471,.T.);
#2471 = EDGE_LOOP('',(#2472,#2473,#2474,#2475,#2476,#2477));
#2472 = ORIENTED_EDGE('',*,*,#1667,.T.);
#2473 = ORIENTED_EDGE('',*,*,#1770,.T.);
#2474 = ORIENTED_EDGE('',*,*,#1868,.T.);
#2475 = ORIENTED_EDGE('',*,*,#1917,.T.);
#2476 = ORIENTED_EDGE('',*,*,#1841,.T.);
#2477 = ORIENTED_EDGE('',*,*,#1743,.T.);
#2478 = ADVANCED_FACE('',(#2479),#2084,.F.);
#2479 = FACE_BOUND('',#2480,.F.);
#2480 = EDGE_LOOP('',(#2481,#2525,#2526));
#2481 = ORIENTED_EDGE('',*,*,#2482,.F.);
#2482 = EDGE_CURVE('',#2061,#2483,#2485,.T.);
#2483 = VERTEX_POINT('',#2484);
#2484 = CARTESIAN_POINT('',(3.249999999946,1.959670526122E-14,1.2700001)
  );
#2485 = SURFACE_CURVE('',#2486,(#2489,#2496),.PCURVE_S1.);
#2486 = B_SPLINE_CURVE_WITH_KNOTS('',1,(#2487,#2488),.UNSPECIFIED.,.F.,
  .F.,(2,2),(4.,5.),.PIECEWISE_BEZIER_KNOTS.);
#2487 = CARTESIAN_POINT('',(2.562592335746,-1.360976947228E-13,1.6668751
    ));
#2488 = CARTESIAN_POINT('',(3.25,-1.557506027574E-15,1.2700001));
#2489 = PCURVE('',#2084,#2490);
#2490 = DEFINITIONAL_REPRESENTATION('',(#2491),#2495);
#2491 = LINE('',#2492,#2493);
#2492 = CARTESIAN_POINT('',(0.,1.));
#2493 = VECTOR('',#2494,1.);
#2494 = DIRECTION('',(1.,0.));
#2495 = ( GEOMETRIC_REPRESENTATION_CONTEXT(2) 
PARAMETRIC_REPRESENTATION_CONTEXT() REPRESENTATION_CONTEXT('2D SPACE',''
  ) );
#2496 = PCURVE('',#2497,#2520);
#2497 = ( BOUNDED_SURFACE() B_SPLINE_SURFACE(1,6,(
    (#2498,#2499,#2500,#2501,#2502,#2503,#2504,#2505,#2506,#2507,#2508)
    ,(#2509,#2510,#2511,#2512,#2513,#2514,#2515,#2516,#2517,#2518,#2519
)),.UNSPECIFIED.,.F.,.F.,.F.) B_SPLINE_SURFACE_WITH_KNOTS((2,2),(7,4,7),
(4.,5.),(0.,0.5,1.),.UNSPECIFIED.) GEOMETRIC_REPRESENTATION_ITEM() 
RATIONAL_B_SPLINE_SURFACE((
    (1.,1.,1.,1.,1.,1.,1.,1.,1.,1.,1.)
,(1.,1.,1.,1.,1.,1.,1.,1.,1.,1.,1.
  ))) REPRESENTATION_ITEM('') SURFACE() );
#2498 = CARTESIAN_POINT('',(2.562592335715,-8.407153168297E-12,
    1.666875100133));
#2499 = CARTESIAN_POINT('',(2.553543231177,1.34146241461,1.772708433468)
  );
#2500 = CARTESIAN_POINT('',(1.746129338956,2.682924829219,1.878541766948
    ));
#2501 = CARTESIAN_POINT('',(-1.521380702292E-02,3.370894531606,
    1.984375100637));
#2502 = CARTESIAN_POINT('',(-1.722903303968,2.682924829176,
    2.090208434301));
#2503 = CARTESIAN_POINT('',(-3.402281367414,-8.138462086738E-11,
    2.301875101289));
#2504 = CARTESIAN_POINT('',(-1.72290330382,-2.6829248293,2.513541767626)
  );
#2505 = CARTESIAN_POINT('',(-1.521380681682E-02,-3.370894531686,
    2.619375100629));
#2506 = CARTESIAN_POINT('',(1.746129339186,-2.682924829258,
    2.725208433635));
#2507 = CARTESIAN_POINT('',(2.553543231415,-1.341462414627,
    2.831041766801));
#2508 = CARTESIAN_POINT('',(2.562592335961,-8.701940089018E-12,
    2.936875100133));
#2509 = CARTESIAN_POINT('',(3.249999999892,4.075091655001E-14,1.2700001)
  );
#2510 = CARTESIAN_POINT('',(3.23852350057,1.701305661014,1.375833433336)
  );
#2511 = CARTESIAN_POINT('',(2.214523266493,3.402611322016,1.481666766858
    ));
#2512 = CARTESIAN_POINT('',(-1.929486458294E-02,4.275126821522,
    1.587500100638));
#2513 = CARTESIAN_POINT('',(-2.185066918411,3.402611321962,
    1.693333434391));
#2514 = CARTESIAN_POINT('',(-4.314933081641,-9.318757199726E-11,
    1.905000101466));
#2515 = CARTESIAN_POINT('',(-2.185066918245,-3.402611322096,
    2.116666767715));
#2516 = CARTESIAN_POINT('',(-1.929486435454E-02,-4.275126821602,
    2.222500100629));
#2517 = CARTESIAN_POINT('',(2.214523266741,-3.402611322042,
    2.328333433544));
#2518 = CARTESIAN_POINT('',(3.238523500817,-1.701305661014,
    2.434166766669));
#2519 = CARTESIAN_POINT('',(3.250000000138,-5.706746615934E-14,2.5400001
    ));
#2520 = DEFINITIONAL_REPRESENTATION('',(#2521),#2524);
#2521 = B_SPLINE_CURVE_WITH_KNOTS('',1,(#2522,#2523),.UNSPECIFIED.,.F.,
  .F.,(2,2),(4.,5.),.PIECEWISE_BEZIER_KNOTS.);
#2522 = CARTESIAN_POINT('',(4.,0.));
#2523 = CARTESIAN_POINT('',(5.,0.));
#2524 = ( GEOMETRIC_REPRESENTATION_CONTEXT(2) 
PARAMETRIC_REPRESENTATION_CONTEXT() REPRESENTATION_CONTEXT('2D SPACE',''
  ) );
#2525 = ORIENTED_EDGE('',*,*,#2058,.F.);
#2526 = ORIENTED_EDGE('',*,*,#2527,.T.);
#2527 = EDGE_CURVE('',#2059,#2483,#2528,.T.);
#2528 = SURFACE_CURVE('',#2529,(#2541,#2548),.PCURVE_S1.);
#2529 = ( BOUNDED_CURVE() B_SPLINE_CURVE(6,(#2530,#2531,#2532,#2533,
    #2534,#2535,#2536,#2537,#2538,#2539,#2540),.UNSPECIFIED.,.F.,.F.) 
B_SPLINE_CURVE_WITH_KNOTS((7,4,7),(0.,0.5,1.),.UNSPECIFIED.) CURVE() 
GEOMETRIC_REPRESENTATION_ITEM() RATIONAL_B_SPLINE_CURVE((1.,1.,1.,1.,1.,
1.,1.,1.,1.,1.,1.)) REPRESENTATION_ITEM('') );
#2530 = CARTESIAN_POINT('',(3.25,-4.440892098501E-16,1.000000002804E-07)
  );
#2531 = CARTESIAN_POINT('',(3.238523500678,1.701305661014,0.105833433333
    ));
#2532 = CARTESIAN_POINT('',(2.214523266602,3.402611322029,0.211666766657
    ));
#2533 = CARTESIAN_POINT('',(-1.929486448406E-02,4.275126821562,
    0.317500100004));
#2534 = CARTESIAN_POINT('',(-2.185066918343,3.402611322029,
    0.423333433338));
#2535 = CARTESIAN_POINT('',(-4.314933081656,1.433642824056E-13,0.6350001
    ));
#2536 = CARTESIAN_POINT('',(-2.185066918343,-3.402611322029,
    0.846666766662));
#2537 = CARTESIAN_POINT('',(-1.929486448417E-02,-4.275126821562,
    0.952500099996));
#2538 = CARTESIAN_POINT('',(2.214523266602,-3.402611322029,
    1.058333433343));
#2539 = CARTESIAN_POINT('',(3.238523500678,-1.701305661014,
    1.164166766666));
#2540 = CARTESIAN_POINT('',(3.25,-1.557506027574E-15,1.2700001));
#2541 = PCURVE('',#2084,#2542);
#2542 = DEFINITIONAL_REPRESENTATION('',(#2543),#2547);
#2543 = LINE('',#2544,#2545);
#2544 = CARTESIAN_POINT('',(5.,0.));
#2545 = VECTOR('',#2546,1.);
#2546 = DIRECTION('',(0.,1.));
#2547 = ( GEOMETRIC_REPRESENTATION_CONTEXT(2) 
PARAMETRIC_REPRESENTATION_CONTEXT() REPRESENTATION_CONTEXT('2D SPACE',''
  ) );
#2548 = PCURVE('',#2429,#2549);
#2549 = DEFINITIONAL_REPRESENTATION('',(#2550),#2554);
#2550 = LINE('',#2551,#2552);
#2551 = CARTESIAN_POINT('',(5.,0.));
#2552 = VECTOR('',#2553,1.);
#2553 = DIRECTION('',(0.,1.));
#2554 = ( GEOMETRIC_REPRESENTATION_CONTEXT(2) 
PARAMETRIC_REPRESENTATION_CONTEXT() REPRESENTATION_CONTEXT('2D SPACE',''
  ) );
#2555 = ADVANCED_FACE('',(#2556),#2134,.F.);
#2556 = FACE_BOUND('',#2557,.F.);
#2557 = EDGE_LOOP('',(#2558,#2582,#2583));
#2558 = ORIENTED_EDGE('',*,*,#2559,.F.);
#2559 = EDGE_CURVE('',#2119,#2560,#2562,.T.);
#2560 = VERTEX_POINT('',#2561);
#2561 = CARTESIAN_POINT('',(3.04139222687,0.22898323593,1.4));
#2562 = SURFACE_CURVE('',#2563,(#2568,#2575),.PCURVE_S1.);
#2563 = CIRCLE('',#2564,3.05);
#2564 = AXIS2_PLACEMENT_3D('',#2565,#2566,#2567);
#2565 = CARTESIAN_POINT('',(0.,0.,1.4));
#2566 = DIRECTION('',(0.,0.,1.));
#2567 = DIRECTION('',(1.,0.,-0.));
#2568 = PCURVE('',#2134,#2569);
#2569 = DEFINITIONAL_REPRESENTATION('',(#2570),#2574);
#2570 = LINE('',#2571,#2572);
#2571 = CARTESIAN_POINT('',(-0.,-1.4));
#2572 = VECTOR('',#2573,1.);
#2573 = DIRECTION('',(-1.,-0.));
#2574 = ( GEOMETRIC_REPRESENTATION_CONTEXT(2) 
PARAMETRIC_REPRESENTATION_CONTEXT() REPRESENTATION_CONTEXT('2D SPACE',''
  ) );
#2575 = PCURVE('',#2163,#2576);
#2576 = DEFINITIONAL_REPRESENTATION('',(#2577),#2581);
#2577 = CIRCLE('',#2578,3.05);
#2578 = AXIS2_PLACEMENT_2D('',#2579,#2580);
#2579 = CARTESIAN_POINT('',(0.,0.));
#2580 = DIRECTION('',(1.,0.));
#2581 = ( GEOMETRIC_REPRESENTATION_CONTEXT(2) 
PARAMETRIC_REPRESENTATION_CONTEXT() REPRESENTATION_CONTEXT('2D SPACE',''
  ) );
#2582 = ORIENTED_EDGE('',*,*,#2118,.F.);
#2583 = ORIENTED_EDGE('',*,*,#2584,.T.);
#2584 = EDGE_CURVE('',#2061,#2560,#2585,.T.);
#2585 = SURFACE_CURVE('',#2586,(#2592,#2601),.PCURVE_S1.);
#2586 = B_SPLINE_CURVE_WITH_KNOTS('',4,(#2587,#2588,#2589,#2590,#2591),
  .UNSPECIFIED.,.F.,.F.,(5,5),(0.,1.),.PIECEWISE_BEZIER_KNOTS.);
#2587 = CARTESIAN_POINT('',(3.084377985178,2.443751704636E-16,
    1.365622014822));
#2588 = CARTESIAN_POINT('',(3.07594450805,5.781416254354E-02,
    1.374055491945));
#2589 = CARTESIAN_POINT('',(3.065950160494,0.115284348014,1.382604931635
    ));
#2590 = CARTESIAN_POINT('',(3.054423444104,0.172357379605,1.391256826579
    ));
#2591 = CARTESIAN_POINT('',(3.04139222687,0.22898323593,1.4));
#2592 = PCURVE('',#2134,#2593);
#2593 = DEFINITIONAL_REPRESENTATION('',(#2594),#2600);
#2594 = B_SPLINE_CURVE_WITH_KNOTS('',4,(#2595,#2596,#2597,#2598,#2599),
  .UNSPECIFIED.,.F.,.F.,(5,5),(0.,1.),.PIECEWISE_BEZIER_KNOTS.);
#2595 = CARTESIAN_POINT('',(0.,-1.365622014822));
#2596 = CARTESIAN_POINT('',(-1.874418855969E-02,-1.374055491947));
#2597 = CARTESIAN_POINT('',(-3.751353113536E-02,-1.38260493054));
#2598 = CARTESIAN_POINT('',(-5.631295399484E-02,-1.391256827882));
#2599 = CARTESIAN_POINT('',(-7.514717808048E-02,-1.4));
#2600 = ( GEOMETRIC_REPRESENTATION_CONTEXT(2) 
PARAMETRIC_REPRESENTATION_CONTEXT() REPRESENTATION_CONTEXT('2D SPACE',''
  ) );
#2601 = PCURVE('',#2497,#2602);
#2602 = DEFINITIONAL_REPRESENTATION('',(#2603),#2609);
#2603 = B_SPLINE_CURVE_WITH_KNOTS('',4,(#2604,#2605,#2606,#2607,#2608),
  .UNSPECIFIED.,.F.,.F.,(5,5),(0.,1.),.PIECEWISE_BEZIER_KNOTS.);
#2604 = CARTESIAN_POINT('',(4.759062891768,2.558615729734E-11));
#2605 = CARTESIAN_POINT('',(4.747361712858,2.983914782768E-03));
#2606 = CARTESIAN_POINT('',(4.735377999558,5.970846523114E-03));
#2607 = CARTESIAN_POINT('',(4.723149344702,8.961907653115E-03));
#2608 = CARTESIAN_POINT('',(4.710707386974,1.195818438186E-02));
#2609 = ( GEOMETRIC_REPRESENTATION_CONTEXT(2) 
PARAMETRIC_REPRESENTATION_CONTEXT() REPRESENTATION_CONTEXT('2D SPACE',''
  ) );
#2610 = ADVANCED_FACE('',(#2611),#2163,.F.);
#2611 = FACE_BOUND('',#2612,.F.);
#2612 = EDGE_LOOP('',(#2613,#2614,#2615,#2671,#2759,#2874));
#2613 = ORIENTED_EDGE('',*,*,#2146,.T.);
#2614 = ORIENTED_EDGE('',*,*,#2559,.T.);
#2615 = ORIENTED_EDGE('',*,*,#2616,.F.);
#2616 = EDGE_CURVE('',#2617,#2560,#2619,.T.);
#2617 = VERTEX_POINT('',#2618);
#2618 = CARTESIAN_POINT('',(3.024833568221,-4.562732921211E-14,1.4));
#2619 = SURFACE_CURVE('',#2620,(#2635,#2653),.PCURVE_S1.);
#2620 = B_SPLINE_CURVE_WITH_KNOTS('',5,(#2621,#2622,#2623,#2624,#2625,
    #2626,#2627,#2628,#2629,#2630,#2631,#2632,#2633,#2634),
  .UNSPECIFIED.,.F.,.F.,(6,4,4,6),(0.,0.355341328338,0.785018254568,1.),
  .UNSPECIFIED.);
#2621 = CARTESIAN_POINT('',(3.024833568214,-2.726533665476E-12,1.4));
#2622 = CARTESIAN_POINT('',(3.040450522656,0.143247572517,1.4));
#2623 = CARTESIAN_POINT('',(3.047906978295,0.287420501793,1.4));
#2624 = CARTESIAN_POINT('',(3.047069702967,0.431892483685,1.4));
#2625 = CARTESIAN_POINT('',(3.037910258385,0.576028459896,1.4));
#2626 = CARTESIAN_POINT('',(2.999458650411,0.892288315937,1.4));
#2627 = CARTESIAN_POINT('',(2.966354062943,1.063970059294,1.4));
#2628 = CARTESIAN_POINT('',(2.921326519339,1.233090150877,1.4));
#2629 = CARTESIAN_POINT('',(2.864720274108,1.398582406253,1.4));
#2630 = CARTESIAN_POINT('',(2.76318733899,1.639934638511,1.4));
#2631 = CARTESIAN_POINT('',(2.726556739019,1.719264683191,1.4));
#2632 = CARTESIAN_POINT('',(2.68721851428,1.797315142209,1.4));
#2633 = CARTESIAN_POINT('',(2.645244637909,1.873969884772,1.4));
#2634 = CARTESIAN_POINT('',(2.600715437212,1.949119773468,1.4));
#2635 = PCURVE('',#2163,#2636);
#2636 = DEFINITIONAL_REPRESENTATION('',(#2637),#2652);
#2637 = B_SPLINE_CURVE_WITH_KNOTS('',5,(#2638,#2639,#2640,#2641,#2642,
    #2643,#2644,#2645,#2646,#2647,#2648,#2649,#2650,#2651),
  .UNSPECIFIED.,.F.,.F.,(6,4,4,6),(0.,0.355341328338,0.785018254568,1.),
  .UNSPECIFIED.);
#2638 = CARTESIAN_POINT('',(3.024833568214,-2.726533665476E-12));
#2639 = CARTESIAN_POINT('',(3.040450522656,0.143247572517));
#2640 = CARTESIAN_POINT('',(3.047906978295,0.287420501793));
#2641 = CARTESIAN_POINT('',(3.047069702967,0.431892483685));
#2642 = CARTESIAN_POINT('',(3.037910258385,0.576028459896));
#2643 = CARTESIAN_POINT('',(2.999458650411,0.892288315937));
#2644 = CARTESIAN_POINT('',(2.966354062943,1.063970059294));
#2645 = CARTESIAN_POINT('',(2.921326519339,1.233090150877));
#2646 = CARTESIAN_POINT('',(2.864720274108,1.398582406253));
#2647 = CARTESIAN_POINT('',(2.76318733899,1.639934638511));
#2648 = CARTESIAN_POINT('',(2.726556739019,1.719264683191));
#2649 = CARTESIAN_POINT('',(2.68721851428,1.797315142209));
#2650 = CARTESIAN_POINT('',(2.645244637909,1.873969884772));
#2651 = CARTESIAN_POINT('',(2.600715437212,1.949119773468));
#2652 = ( GEOMETRIC_REPRESENTATION_CONTEXT(2) 
PARAMETRIC_REPRESENTATION_CONTEXT() REPRESENTATION_CONTEXT('2D SPACE',''
  ) );
#2653 = PCURVE('',#2497,#2654);
#2654 = DEFINITIONAL_REPRESENTATION('',(#2655),#2670);
#2655 = B_SPLINE_CURVE_WITH_KNOTS('',5,(#2656,#2657,#2658,#2659,#2660,
    #2661,#2662,#2663,#2664,#2665,#2666,#2667,#2668,#2669),
  .UNSPECIFIED.,.F.,.F.,(6,4,4,6),(0.,0.355341328338,0.785018254568,1.),
  .UNSPECIFIED.);
#2656 = CARTESIAN_POINT('',(4.67244119696,0.));
#2657 = CARTESIAN_POINT('',(4.696565542099,7.538857858274E-03));
#2658 = CARTESIAN_POINT('',(4.720515036018,1.502307470915E-02));
#2659 = CARTESIAN_POINT('',(4.744305258614,2.245751927015E-02));
#2660 = CARTESIAN_POINT('',(4.76794598729,2.984524698022E-02));
#2661 = CARTESIAN_POINT('',(4.819851484949,4.606571499314E-02));
#2662 = CARTESIAN_POINT('',(4.848050660848,5.487795745676E-02));
#2663 = CARTESIAN_POINT('',(4.8760449869,6.362618434112E-02));
#2664 = CARTESIAN_POINT('',(4.903841639021,7.23126381206E-02));
#2665 = CARTESIAN_POINT('',(4.945250179423,8.525280698103E-02));
#2666 = CARTESIAN_POINT('',(4.959010108056,8.955278467319E-02));
#2667 = CARTESIAN_POINT('',(4.972721421345,9.383757007012E-02));
#2668 = CARTESIAN_POINT('',(4.986384566609,9.810730295892E-02));
#2669 = CARTESIAN_POINT('',(5.,0.102362125887));
#2670 = ( GEOMETRIC_REPRESENTATION_CONTEXT(2) 
PARAMETRIC_REPRESENTATION_CONTEXT() REPRESENTATION_CONTEXT('2D SPACE',''
  ) );
#2671 = ORIENTED_EDGE('',*,*,#2672,.T.);
#2672 = EDGE_CURVE('',#2617,#2673,#2675,.T.);
#2673 = VERTEX_POINT('',#2674);
#2674 = CARTESIAN_POINT('',(0.63507920048,-2.482621151628,1.4));
#2675 = SURFACE_CURVE('',#2676,(#2694,#2715),.PCURVE_S1.);
#2676 = B_SPLINE_CURVE_WITH_KNOTS('',6,(#2677,#2678,#2679,#2680,#2681,
    #2682,#2683,#2684,#2685,#2686,#2687,#2688,#2689,#2690,#2691,#2692,
    #2693),.UNSPECIFIED.,.F.,.F.,(7,5,5,7),(0.,0.374932191207,
    0.706697274555,1.),.UNSPECIFIED.);
#2677 = CARTESIAN_POINT('',(3.024833568221,-4.529709940471E-14,1.4));
#2678 = CARTESIAN_POINT('',(2.996517288979,-0.231130415645,1.4));
#2679 = CARTESIAN_POINT('',(2.947859408419,-0.459771500094,1.4));
#2680 = CARTESIAN_POINT('',(2.878289938207,-0.683417385391,1.4));
#2681 = CARTESIAN_POINT('',(2.787860352791,-0.8994954747,1.4));
#2682 = CARTESIAN_POINT('',(2.677157035352,-1.105338106544,1.4));
#2683 = CARTESIAN_POINT('',(2.432809008706,-1.469018017895,1.4));
#2684 = CARTESIAN_POINT('',(2.303235589873,-1.629709959946,1.4));
#2685 = CARTESIAN_POINT('',(2.15969279366,-1.778535544197,1.4));
#2686 = CARTESIAN_POINT('',(2.003397826314,-1.913853429623,1.4));
#2687 = CARTESIAN_POINT('',(1.835830405208,-2.034150259268,1.4));
#2688 = CARTESIAN_POINT('',(1.502284274034,-2.230031629808,1.4));
#2689 = CARTESIAN_POINT('',(1.338350471789,-2.309196557451,1.4));
#2690 = CARTESIAN_POINT('',(1.168228832865,-2.37470605831,1.4));
#2691 = CARTESIAN_POINT('',(0.993288217773,-2.425812624183,1.4));
#2692 = CARTESIAN_POINT('',(0.815024639022,-2.461914393354,1.4));
#2693 = CARTESIAN_POINT('',(0.63507920048,-2.482621151628,1.4));
#2694 = PCURVE('',#2163,#2695);
#2695 = DEFINITIONAL_REPRESENTATION('',(#2696),#2714);
#2696 = B_SPLINE_CURVE_WITH_KNOTS('',6,(#2697,#2698,#2699,#2700,#2701,
    #2702,#2703,#2704,#2705,#2706,#2707,#2708,#2709,#2710,#2711,#2712,
    #2713),.UNSPECIFIED.,.F.,.F.,(7,5,5,7),(0.,0.374932191207,
    0.706697274555,1.),.UNSPECIFIED.);
#2697 = CARTESIAN_POINT('',(3.024833568221,-4.529709940471E-14));
#2698 = CARTESIAN_POINT('',(2.996517288979,-0.231130415645));
#2699 = CARTESIAN_POINT('',(2.947859408419,-0.459771500094));
#2700 = CARTESIAN_POINT('',(2.878289938207,-0.683417385391));
#2701 = CARTESIAN_POINT('',(2.787860352791,-0.8994954747));
#2702 = CARTESIAN_POINT('',(2.677157035352,-1.105338106544));
#2703 = CARTESIAN_POINT('',(2.432809008706,-1.469018017895));
#2704 = CARTESIAN_POINT('',(2.303235589873,-1.629709959946));
#2705 = CARTESIAN_POINT('',(2.15969279366,-1.778535544197));
#2706 = CARTESIAN_POINT('',(2.003397826314,-1.913853429623));
#2707 = CARTESIAN_POINT('',(1.835830405208,-2.034150259268));
#2708 = CARTESIAN_POINT('',(1.502284274034,-2.230031629808));
#2709 = CARTESIAN_POINT('',(1.338350471789,-2.309196557451));
#2710 = CARTESIAN_POINT('',(1.168228832865,-2.37470605831));
#2711 = CARTESIAN_POINT('',(0.993288217773,-2.425812624183));
#2712 = CARTESIAN_POINT('',(0.815024639022,-2.461914393354));
#2713 = CARTESIAN_POINT('',(0.63507920048,-2.482621151628));
#2714 = ( GEOMETRIC_REPRESENTATION_CONTEXT(2) 
PARAMETRIC_REPRESENTATION_CONTEXT() REPRESENTATION_CONTEXT('2D SPACE',''
  ) );
#2715 = PCURVE('',#2716,#2739);
#2716 = ( BOUNDED_SURFACE() B_SPLINE_SURFACE(1,6,(
    (#2717,#2718,#2719,#2720,#2721,#2722,#2723,#2724,#2725,#2726,#2727)
    ,(#2728,#2729,#2730,#2731,#2732,#2733,#2734,#2735,#2736,#2737,#2738
)),.UNSPECIFIED.,.F.,.F.,.F.) B_SPLINE_SURFACE_WITH_KNOTS((2,2),(7,4,7),
(4.,5.),(0.,0.5,1.),.UNSPECIFIED.) GEOMETRIC_REPRESENTATION_ITEM() 
RATIONAL_B_SPLINE_SURFACE((
    (1.,1.,1.,1.,1.,1.,1.,1.,1.,1.,1.)
,(1.,1.,1.,1.,1.,1.,1.,1.,1.,1.,1.
  ))) REPRESENTATION_ITEM('') SURFACE() );
#2717 = CARTESIAN_POINT('',(2.562592335746,6.198426010596E-14,0.3968751)
  );
#2718 = CARTESIAN_POINT('',(2.553543231203,1.341462414619,0.502708433333
    ));
#2719 = CARTESIAN_POINT('',(1.746129338979,2.682924829238,0.608541766657
    ));
#2720 = CARTESIAN_POINT('',(-1.521380701209E-02,3.370894531646,
    0.714375100004));
#2721 = CARTESIAN_POINT('',(-1.722903303986,2.682924829238,
    0.820208433338));
#2722 = CARTESIAN_POINT('',(-3.402281367506,7.177306757041E-13,1.0318751
    ));
#2723 = CARTESIAN_POINT('',(-1.722903303986,-2.682924829239,
    1.243541766662));
#2724 = CARTESIAN_POINT('',(-1.52138070122E-02,-3.370894531645,
    1.349375099996));
#2725 = CARTESIAN_POINT('',(1.746129338979,-2.682924829239,
    1.455208433343));
#2726 = CARTESIAN_POINT('',(2.553543231203,-1.341462414619,
    1.561041766666));
#2727 = CARTESIAN_POINT('',(2.562592335746,-1.360976947228E-13,1.6668751
    ));
#2728 = CARTESIAN_POINT('',(3.25,-4.440892098501E-16,1.000000002804E-07)
  );
#2729 = CARTESIAN_POINT('',(3.238523500678,1.701305661014,0.105833433333
    ));
#2730 = CARTESIAN_POINT('',(2.214523266602,3.402611322029,0.211666766657
    ));
#2731 = CARTESIAN_POINT('',(-1.929486448406E-02,4.275126821562,
    0.317500100004));
#2732 = CARTESIAN_POINT('',(-2.185066918343,3.402611322029,
    0.423333433338));
#2733 = CARTESIAN_POINT('',(-4.314933081656,1.433642824056E-13,0.6350001
    ));
#2734 = CARTESIAN_POINT('',(-2.185066918343,-3.402611322029,
    0.846666766662));
#2735 = CARTESIAN_POINT('',(-1.929486448417E-02,-4.275126821562,
    0.952500099996));
#2736 = CARTESIAN_POINT('',(2.214523266602,-3.402611322029,
    1.058333433343));
#2737 = CARTESIAN_POINT('',(3.238523500678,-1.701305661014,
    1.164166766666));
#2738 = CARTESIAN_POINT('',(3.25,-1.557506027574E-15,1.2700001));
#2739 = DEFINITIONAL_REPRESENTATION('',(#2740),#2758);
#2740 = B_SPLINE_CURVE_WITH_KNOTS('',6,(#2741,#2742,#2743,#2744,#2745,
    #2746,#2747,#2748,#2749,#2750,#2751,#2752,#2753,#2754,#2755,#2756,
    #2757),.UNSPECIFIED.,.F.,.F.,(7,5,5,7),(0.,0.374932191207,
    0.706697274555,1.),.UNSPECIFIED.);
#2741 = CARTESIAN_POINT('',(4.67244119685,1.));
#2742 = CARTESIAN_POINT('',(4.633516488927,0.987836028774));
#2743 = CARTESIAN_POINT('',(4.594184749508,0.975544860205));
#2744 = CARTESIAN_POINT('',(4.554430823517,0.963121758333));
#2745 = CARTESIAN_POINT('',(4.514231456818,0.950559456239));
#2746 = CARTESIAN_POINT('',(4.473564211904,0.937850942203));
#2747 = CARTESIAN_POINT('',(4.396052802264,0.91362862669));
#2748 = CARTESIAN_POINT('',(4.359295718142,0.902142037902));
#2749 = CARTESIAN_POINT('',(4.322171964988,0.890540865041));
#2750 = CARTESIAN_POINT('',(4.284666749801,0.878820485295));
#2751 = CARTESIAN_POINT('',(4.246760262447,0.866974707997));
#2752 = CARTESIAN_POINT('',(4.1745645566,0.84441354992));
#2753 = CARTESIAN_POINT('',(4.140360519189,0.833724788229));
#2754 = CARTESIAN_POINT('',(4.105819433331,0.822930698899));
#2755 = CARTESIAN_POINT('',(4.07092442421,0.812026008548));
#2756 = CARTESIAN_POINT('',(4.035656038459,0.801004638002));
#2757 = CARTESIAN_POINT('',(4.,0.789862125983));
#2758 = ( GEOMETRIC_REPRESENTATION_CONTEXT(2) 
PARAMETRIC_REPRESENTATION_CONTEXT() REPRESENTATION_CONTEXT('2D SPACE',''
  ) );
#2759 = ORIENTED_EDGE('',*,*,#2760,.T.);
#2760 = EDGE_CURVE('',#2673,#2761,#2763,.T.);
#2761 = VERTEX_POINT('',#2762);
#2762 = CARTESIAN_POINT('',(-2.482747908399,-0.635046410616,1.4));
#2763 = SURFACE_CURVE('',#2764,(#2791,#2821),.PCURVE_S1.);
#2764 = B_SPLINE_CURVE_WITH_KNOTS('',5,(#2765,#2766,#2767,#2768,#2769,
    #2770,#2771,#2772,#2773,#2774,#2775,#2776,#2777,#2778,#2779,#2780,
    #2781,#2782,#2783,#2784,#2785,#2786,#2787,#2788,#2789,#2790),
  .UNSPECIFIED.,.F.,.F.,(6,4,4,4,4,4,6),(0.,0.160019406909,
    0.346981634526,0.512945581763,0.670951628508,0.846989055082,1.),
  .UNSPECIFIED.);
#2765 = CARTESIAN_POINT('',(0.63507920048,-2.482621151628,1.4));
#2766 = CARTESIAN_POINT('',(0.510264549398,-2.514531409806,1.4));
#2767 = CARTESIAN_POINT('',(0.383445767433,-2.538607044933,1.4));
#2768 = CARTESIAN_POINT('',(0.255283072654,-2.554678754325,1.4));
#2769 = CARTESIAN_POINT('',(0.126447536392,-2.562660357549,1.4));
#2770 = CARTESIAN_POINT('',(-0.152896164167,-2.562418451484,1.4));
#2771 = CARTESIAN_POINT('',(-0.303406230554,-2.55124030394,1.4));
#2772 = CARTESIAN_POINT('',(-0.452818506716,-2.529011251118,1.4));
#2773 = CARTESIAN_POINT('',(-0.600062483169,-2.495886737158,1.4));
#2774 = CARTESIAN_POINT('',(-0.871947233914,-2.41338858836,1.4));
#2775 = CARTESIAN_POINT('',(-0.997273551382,-2.366256423149,1.4));
#2776 = CARTESIAN_POINT('',(-1.119342337491,-2.311009073495,1.4));
#2777 = CARTESIAN_POINT('',(-1.237465473675,-2.247959672841,1.4));
#2778 = CARTESIAN_POINT('',(-1.459083662536,-2.110442962716,1.4));
#2779 = CARTESIAN_POINT('',(-1.563011155936,-2.036666262251,1.4));
#2780 = CARTESIAN_POINT('',(-1.662222286407,-1.95653088235,1.4));
#2781 = CARTESIAN_POINT('',(-1.756210865749,-1.870447476954,1.4));
#2782 = CARTESIAN_POINT('',(-1.942909274812,-1.676881452551,1.4));
#2783 = CARTESIAN_POINT('',(-2.034251767805,-1.568074882723,1.4));
#2784 = CARTESIAN_POINT('',(-2.117918528936,-1.453123023466,1.4));
#2785 = CARTESIAN_POINT('',(-2.193375171656,-1.332753512714,1.4));
#2786 = CARTESIAN_POINT('',(-2.31826058481,-1.099127423034,1.4));
#2787 = CARTESIAN_POINT('',(-2.369804687066,-0.986997278192,1.4));
#2788 = CARTESIAN_POINT('',(-2.414533981701,-0.871900935683,1.4));
#2789 = CARTESIAN_POINT('',(-2.452231244265,-0.754390818979,1.4));
#2790 = CARTESIAN_POINT('',(-2.482747908399,-0.635046410616,1.4));
#2791 = PCURVE('',#2163,#2792);
#2792 = DEFINITIONAL_REPRESENTATION('',(#2793),#2820);
#2793 = B_SPLINE_CURVE_WITH_KNOTS('',5,(#2794,#2795,#2796,#2797,#2798,
    #2799,#2800,#2801,#2802,#2803,#2804,#2805,#2806,#2807,#2808,#2809,
    #2810,#2811,#2812,#2813,#2814,#2815,#2816,#2817,#2818,#2819),
  .UNSPECIFIED.,.F.,.F.,(6,4,4,4,4,4,6),(0.,0.160019406909,
    0.346981634526,0.512945581763,0.670951628508,0.846989055082,1.),
  .UNSPECIFIED.);
#2794 = CARTESIAN_POINT('',(0.63507920048,-2.482621151628));
#2795 = CARTESIAN_POINT('',(0.510264549398,-2.514531409806));
#2796 = CARTESIAN_POINT('',(0.383445767433,-2.538607044933));
#2797 = CARTESIAN_POINT('',(0.255283072654,-2.554678754325));
#2798 = CARTESIAN_POINT('',(0.126447536392,-2.562660357549));
#2799 = CARTESIAN_POINT('',(-0.152896164167,-2.562418451484));
#2800 = CARTESIAN_POINT('',(-0.303406230554,-2.55124030394));
#2801 = CARTESIAN_POINT('',(-0.452818506716,-2.529011251118));
#2802 = CARTESIAN_POINT('',(-0.600062483169,-2.495886737158));
#2803 = CARTESIAN_POINT('',(-0.871947233914,-2.41338858836));
#2804 = CARTESIAN_POINT('',(-0.997273551382,-2.366256423149));
#2805 = CARTESIAN_POINT('',(-1.119342337491,-2.311009073495));
#2806 = CARTESIAN_POINT('',(-1.237465473675,-2.247959672841));
#2807 = CARTESIAN_POINT('',(-1.459083662536,-2.110442962716));
#2808 = CARTESIAN_POINT('',(-1.563011155936,-2.036666262251));
#2809 = CARTESIAN_POINT('',(-1.662222286407,-1.95653088235));
#2810 = CARTESIAN_POINT('',(-1.756210865749,-1.870447476954));
#2811 = CARTESIAN_POINT('',(-1.942909274812,-1.676881452551));
#2812 = CARTESIAN_POINT('',(-2.034251767805,-1.568074882723));
#2813 = CARTESIAN_POINT('',(-2.117918528936,-1.453123023466));
#2814 = CARTESIAN_POINT('',(-2.193375171656,-1.332753512714));
#2815 = CARTESIAN_POINT('',(-2.31826058481,-1.099127423034));
#2816 = CARTESIAN_POINT('',(-2.369804687066,-0.986997278192));
#2817 = CARTESIAN_POINT('',(-2.414533981701,-0.871900935683));
#2818 = CARTESIAN_POINT('',(-2.452231244265,-0.754390818979));
#2819 = CARTESIAN_POINT('',(-2.482747908399,-0.635046410616));
#2820 = ( GEOMETRIC_REPRESENTATION_CONTEXT(2) 
PARAMETRIC_REPRESENTATION_CONTEXT() REPRESENTATION_CONTEXT('2D SPACE',''
  ) );
#2821 = PCURVE('',#2822,#2845);
#2822 = ( BOUNDED_SURFACE() B_SPLINE_SURFACE(1,6,(
    (#2823,#2824,#2825,#2826,#2827,#2828,#2829,#2830,#2831,#2832,#2833)
    ,(#2834,#2835,#2836,#2837,#2838,#2839,#2840,#2841,#2842,#2843,#2844
)),.UNSPECIFIED.,.F.,.F.,.F.) B_SPLINE_SURFACE_WITH_KNOTS((2,2),(7,4,7),
(3.,4.),(0.,0.5,1.),.UNSPECIFIED.) GEOMETRIC_REPRESENTATION_ITEM() 
RATIONAL_B_SPLINE_SURFACE((
    (1.,1.,1.,1.,1.,1.,1.,1.,1.,1.,1.)
,(1.,1.,1.,1.,1.,1.,1.,1.,1.,1.,1.
  ))) REPRESENTATION_ITEM('') SURFACE() );
#2823 = CARTESIAN_POINT('',(2.562592335746,6.198426010596E-14,0.7143751)
  );
#2824 = CARTESIAN_POINT('',(2.553543231203,1.341462414619,0.820208433333
    ));
#2825 = CARTESIAN_POINT('',(1.746129338979,2.682924829238,0.926041766657
    ));
#2826 = CARTESIAN_POINT('',(-1.521380701209E-02,3.370894531646,
    1.031875100004));
#2827 = CARTESIAN_POINT('',(-1.722903303986,2.682924829238,
    1.137708433338));
#2828 = CARTESIAN_POINT('',(-3.402281367506,7.177306757041E-13,1.3493751
    ));
#2829 = CARTESIAN_POINT('',(-1.722903303986,-2.682924829239,
    1.561041766663));
#2830 = CARTESIAN_POINT('',(-1.52138070122E-02,-3.370894531645,
    1.666875099996));
#2831 = CARTESIAN_POINT('',(1.746129338979,-2.682924829239,
    1.772708433343));
#2832 = CARTESIAN_POINT('',(2.553543231203,-1.341462414619,
    1.878541766666));
#2833 = CARTESIAN_POINT('',(2.562592335746,-1.360976947228E-13,1.9843751
    ));
#2834 = CARTESIAN_POINT('',(2.562592335746,6.198426010596E-14,0.3968751)
  );
#2835 = CARTESIAN_POINT('',(2.553543231203,1.341462414619,0.502708433333
    ));
#2836 = CARTESIAN_POINT('',(1.746129338979,2.682924829238,0.608541766657
    ));
#2837 = CARTESIAN_POINT('',(-1.521380701209E-02,3.370894531646,
    0.714375100004));
#2838 = CARTESIAN_POINT('',(-1.722903303986,2.682924829238,
    0.820208433338));
#2839 = CARTESIAN_POINT('',(-3.402281367506,7.177306757041E-13,1.0318751
    ));
#2840 = CARTESIAN_POINT('',(-1.722903303986,-2.682924829239,
    1.243541766662));
#2841 = CARTESIAN_POINT('',(-1.52138070122E-02,-3.370894531645,
    1.349375099996));
#2842 = CARTESIAN_POINT('',(1.746129338979,-2.682924829239,
    1.455208433343));
#2843 = CARTESIAN_POINT('',(2.553543231203,-1.341462414619,
    1.561041766666));
#2844 = CARTESIAN_POINT('',(2.562592335746,-1.360976947228E-13,1.6668751
    ));
#2845 = DEFINITIONAL_REPRESENTATION('',(#2846),#2873);
#2846 = B_SPLINE_CURVE_WITH_KNOTS('',5,(#2847,#2848,#2849,#2850,#2851,
    #2852,#2853,#2854,#2855,#2856,#2857,#2858,#2859,#2860,#2861,#2862,
    #2863,#2864,#2865,#2866,#2867,#2868,#2869,#2870,#2871,#2872),
  .UNSPECIFIED.,.F.,.F.,(6,4,4,4,4,4,6),(0.,0.160019406909,
    0.346981634526,0.512945581763,0.670951628508,0.846989055082,1.),
  .UNSPECIFIED.);
#2847 = CARTESIAN_POINT('',(4.,0.789862125983));
#2848 = CARTESIAN_POINT('',(3.968005070527,0.781863393615));
#2849 = CARTESIAN_POINT('',(3.9360080924,0.773864149084));
#2850 = CARTESIAN_POINT('',(3.904008289025,0.76586419824));
#2851 = CARTESIAN_POINT('',(3.872005463777,0.757863491928));
#2852 = CARTESIAN_POINT('',(3.80260570565,0.740513552397));
#2853 = CARTESIAN_POINT('',(3.765206842514,0.731163836613));
#2854 = CARTESIAN_POINT('',(3.727806354322,0.721813714565));
#2855 = CARTESIAN_POINT('',(3.690402753277,0.712462814304));
#2856 = CARTESIAN_POINT('',(3.619798060493,0.694811641109));
#2857 = CARTESIAN_POINT('',(3.586595976611,0.686511120138));
#2858 = CARTESIAN_POINT('',(3.553395042924,0.678210886717));
#2859 = CARTESIAN_POINT('',(3.520196193119,0.669911174266));
#2860 = CARTESIAN_POINT('',(3.455395550184,0.653711013532));
#2861 = CARTESIAN_POINT('',(3.423793236072,0.645810435004));
#2862 = CARTESIAN_POINT('',(3.392193382271,0.637910471554));
#2863 = CARTESIAN_POINT('',(3.360595842583,0.630011086632));
#2864 = CARTESIAN_POINT('',(3.293798493898,0.61331174946));
#2865 = CARTESIAN_POINT('',(3.258598411502,0.604511728861));
#2866 = CARTESIAN_POINT('',(3.223400341353,0.595712211324));
#2867 = CARTESIAN_POINT('',(3.18820074733,0.586912312818));
#2868 = CARTESIAN_POINT('',(3.122403667643,0.570463042896));
#2869 = CARTESIAN_POINT('',(3.091805932095,0.562813609009));
#2870 = CARTESIAN_POINT('',(3.061206154471,0.555163664603));
#2871 = CARTESIAN_POINT('',(3.030604112394,0.547513154084));
#2872 = CARTESIAN_POINT('',(3.,0.539862125985));
#2873 = ( GEOMETRIC_REPRESENTATION_CONTEXT(2) 
PARAMETRIC_REPRESENTATION_CONTEXT() REPRESENTATION_CONTEXT('2D SPACE',''
  ) );
#2874 = ORIENTED_EDGE('',*,*,#2875,.T.);
#2875 = EDGE_CURVE('',#2761,#2147,#2876,.T.);
#2876 = SURFACE_CURVE('',#2877,(#2905,#2936),.PCURVE_S1.);
#2877 = B_SPLINE_CURVE_WITH_KNOTS('',6,(#2878,#2879,#2880,#2881,#2882,
    #2883,#2884,#2885,#2886,#2887,#2888,#2889,#2890,#2891,#2892,#2893,
    #2894,#2895,#2896,#2897,#2898,#2899,#2900,#2901,#2902,#2903,#2904),
  .UNSPECIFIED.,.F.,.F.,(7,5,5,5,5,7),(0.,9.64647893208E-02,
    0.195000001235,0.4298095502,0.687156999198,1.),.UNSPECIFIED.);
#2878 = CARTESIAN_POINT('',(-2.482747908399,-0.635046410616,1.4));
#2879 = CARTESIAN_POINT('',(-2.510454490696,-0.566893611903,1.4));
#2880 = CARTESIAN_POINT('',(-2.535794887656,-0.497763989446,1.4));
#2881 = CARTESIAN_POINT('',(-2.558739546011,-0.427766448519,1.4));
#2882 = CARTESIAN_POINT('',(-2.579266105898,-0.357009475377,1.4));
#2883 = CARTESIAN_POINT('',(-2.597359400865,-0.285601137256,1.4));
#2884 = CARTESIAN_POINT('',(-2.62899945478,-0.140152721409,1.4));
#2885 = CARTESIAN_POINT('',(-2.642440822709,-6.608954788609E-02,1.4));
#2886 = CARTESIAN_POINT('',(-2.653322633127,8.428238189909E-03,1.4));
#2887 = CARTESIAN_POINT('',(-2.661660216898,8.328478108434E-02,1.4));
#2888 = CARTESIAN_POINT('',(-2.66743411605,0.158372456085,1.4));
#2889 = CARTESIAN_POINT('',(-2.678333833284,0.412806460739,1.4));
#2890 = CARTESIAN_POINT('',(-2.671514354534,0.592728945459,1.4));
#2891 = CARTESIAN_POINT('',(-2.650268335506,0.771850894244,1.4));
#2892 = CARTESIAN_POINT('',(-2.614905840146,0.948768923881,1.4));
#2893 = CARTESIAN_POINT('',(-2.56589116708,1.122166828997,1.4));
#2894 = CARTESIAN_POINT('',(-2.435851318545,1.475656067515,1.4));
#2895 = CARTESIAN_POINT('',(-2.352196808108,1.654814773218,1.4));
#2896 = CARTESIAN_POINT('',(-2.253694245043,1.826692232267,1.4));
#2897 = CARTESIAN_POINT('',(-2.141340051303,1.989890986751,1.4));
#2898 = CARTESIAN_POINT('',(-2.016251341501,2.143181719944,1.4));
#2899 = CARTESIAN_POINT('',(-1.713652511004,2.458535055326,1.4));
#2900 = CARTESIAN_POINT('',(-1.530628626467,2.615387937936,1.4));
#2901 = CARTESIAN_POINT('',(-1.33284406998,2.754167772945,1.4));
#2902 = CARTESIAN_POINT('',(-1.122708992956,2.873471867109,1.4));
#2903 = CARTESIAN_POINT('',(-0.902719078175,2.9722809065,1.4));
#2904 = CARTESIAN_POINT('',(-0.675477430178,3.05,1.4));
#2905 = PCURVE('',#2163,#2906);
#2906 = DEFINITIONAL_REPRESENTATION('',(#2907),#2935);
#2907 = B_SPLINE_CURVE_WITH_KNOTS('',6,(#2908,#2909,#2910,#2911,#2912,
    #2913,#2914,#2915,#2916,#2917,#2918,#2919,#2920,#2921,#2922,#2923,
    #2924,#2925,#2926,#2927,#2928,#2929,#2930,#2931,#2932,#2933,#2934),
  .UNSPECIFIED.,.F.,.F.,(7,5,5,5,5,7),(0.,9.64647893208E-02,
    0.195000001235,0.4298095502,0.687156999198,1.),.UNSPECIFIED.);
#2908 = CARTESIAN_POINT('',(-2.482747908399,-0.635046410616));
#2909 = CARTESIAN_POINT('',(-2.510454490696,-0.566893611903));
#2910 = CARTESIAN_POINT('',(-2.535794887656,-0.497763989446));
#2911 = CARTESIAN_POINT('',(-2.558739546011,-0.427766448519));
#2912 = CARTESIAN_POINT('',(-2.579266105898,-0.357009475377));
#2913 = CARTESIAN_POINT('',(-2.597359400865,-0.285601137256));
#2914 = CARTESIAN_POINT('',(-2.62899945478,-0.140152721409));
#2915 = CARTESIAN_POINT('',(-2.642440822709,-6.608954788609E-02));
#2916 = CARTESIAN_POINT('',(-2.653322633127,8.428238189909E-03));
#2917 = CARTESIAN_POINT('',(-2.661660216898,8.328478108434E-02));
#2918 = CARTESIAN_POINT('',(-2.66743411605,0.158372456085));
#2919 = CARTESIAN_POINT('',(-2.678333833284,0.412806460739));
#2920 = CARTESIAN_POINT('',(-2.671514354534,0.592728945459));
#2921 = CARTESIAN_POINT('',(-2.650268335506,0.771850894244));
#2922 = CARTESIAN_POINT('',(-2.614905840146,0.948768923881));
#2923 = CARTESIAN_POINT('',(-2.56589116708,1.122166828997));
#2924 = CARTESIAN_POINT('',(-2.435851318545,1.475656067515));
#2925 = CARTESIAN_POINT('',(-2.352196808108,1.654814773218));
#2926 = CARTESIAN_POINT('',(-2.253694245043,1.826692232267));
#2927 = CARTESIAN_POINT('',(-2.141340051303,1.989890986751));
#2928 = CARTESIAN_POINT('',(-2.016251341501,2.143181719944));
#2929 = CARTESIAN_POINT('',(-1.713652511004,2.458535055326));
#2930 = CARTESIAN_POINT('',(-1.530628626467,2.615387937936));
#2931 = CARTESIAN_POINT('',(-1.33284406998,2.754167772945));
#2932 = CARTESIAN_POINT('',(-1.122708992956,2.873471867109));
#2933 = CARTESIAN_POINT('',(-0.902719078175,2.9722809065));
#2934 = CARTESIAN_POINT('',(-0.675477430178,3.05));
#2935 = ( GEOMETRIC_REPRESENTATION_CONTEXT(2) 
PARAMETRIC_REPRESENTATION_CONTEXT() REPRESENTATION_CONTEXT('2D SPACE',''
  ) );
#2936 = PCURVE('',#2229,#2937);
#2937 = DEFINITIONAL_REPRESENTATION('',(#2938),#2966);
#2938 = B_SPLINE_CURVE_WITH_KNOTS('',6,(#2939,#2940,#2941,#2942,#2943,
    #2944,#2945,#2946,#2947,#2948,#2949,#2950,#2951,#2952,#2953,#2954,
    #2955,#2956,#2957,#2958,#2959,#2960,#2961,#2962,#2963,#2964,#2965),
  .UNSPECIFIED.,.F.,.F.,(7,5,5,5,5,7),(0.,9.64647893208E-02,
    0.195000001235,0.4298095502,0.687156999198,1.),.UNSPECIFIED.);
#2939 = CARTESIAN_POINT('',(3.,0.539862125985));
#2940 = CARTESIAN_POINT('',(2.985512276099,0.535334712266));
#2941 = CARTESIAN_POINT('',(2.971087509089,0.530826972575));
#2942 = CARTESIAN_POINT('',(2.956724739787,0.526338607168));
#2943 = CARTESIAN_POINT('',(2.942423087257,0.521869340753));
#2944 = CARTESIAN_POINT('',(2.928181748809,0.517418922487));
#2945 = CARTESIAN_POINT('',(2.89951386849,0.508460209887));
#2946 = CARTESIAN_POINT('',(2.885090042636,0.503952764308));
#2947 = CARTESIAN_POINT('',(2.870727277037,0.499464400058));
#2948 = CARTESIAN_POINT('',(2.856425516886,0.494995100011));
#2949 = CARTESIAN_POINT('',(2.842183366925,0.490544428148));
#2950 = CARTESIAN_POINT('',(2.794201016613,0.475549943675));
#2951 = CARTESIAN_POINT('',(2.76073477916,0.465091744471));
#2952 = CARTESIAN_POINT('',(2.727594152118,0.45473529852));
#2953 = CARTESIAN_POINT('',(2.694764966689,0.444476178074));
#2954 = CARTESIAN_POINT('',(2.66223557791,0.43431074408));
#2955 = CARTESIAN_POINT('',(2.594670330578,0.413196604288));
#2956 = CARTESIAN_POINT('',(2.55968934198,0.402265045351));
#2957 = CARTESIAN_POINT('',(2.525046222252,0.391439070436));
#2958 = CARTESIAN_POINT('',(2.490724604682,0.380713564946));
#2959 = CARTESIAN_POINT('',(2.456711344967,0.370084421285));
#2960 = CARTESIAN_POINT('',(2.382018990235,0.346743060431));
#2961 = CARTESIAN_POINT('',(2.341477791054,0.334073935687));
#2962 = CARTESIAN_POINT('',(2.301365724371,0.321538914849));
#2963 = CARTESIAN_POINT('',(2.261661608324,0.309131378584));
#2964 = CARTESIAN_POINT('',(2.222349879446,0.29684646331));
#2965 = CARTESIAN_POINT('',(2.183428676773,0.284683587475));
#2966 = ( GEOMETRIC_REPRESENTATION_CONTEXT(2) 
PARAMETRIC_REPRESENTATION_CONTEXT() REPRESENTATION_CONTEXT('2D SPACE',''
  ) );
#2967 = ADVANCED_FACE('',(#2968),#2229,.F.);
#2968 = FACE_BOUND('',#2969,.F.);
#2969 = EDGE_LOOP('',(#2970,#3001,#3002,#3003,#3034,#3078,#3132,#3167,
    #3221,#3255,#3309,#3365,#3421,#3475,#3509,#3563));
#2970 = ORIENTED_EDGE('',*,*,#2971,.F.);
#2971 = EDGE_CURVE('',#2176,#2972,#2974,.T.);
#2972 = VERTEX_POINT('',#2973);
#2973 = CARTESIAN_POINT('',(2.629305203426,1.910302108893,1.238250102993
    ));
#2974 = SURFACE_CURVE('',#2975,(#2987,#2994),.PCURVE_S1.);
#2975 = ( BOUNDED_CURVE() B_SPLINE_CURVE(6,(#2976,#2977,#2978,#2979,
    #2980,#2981,#2982,#2983,#2984,#2985,#2986),.UNSPECIFIED.,.F.,.F.) 
B_SPLINE_CURVE_WITH_KNOTS((7,4,7),(0.,0.5,1.),.UNSPECIFIED.) CURVE() 
GEOMETRIC_REPRESENTATION_ITEM() RATIONAL_B_SPLINE_CURVE((1.,1.,1.,1.,1.,
1.,1.,1.,1.,1.,1.)) REPRESENTATION_ITEM('') );
#2976 = CARTESIAN_POINT('',(3.25,-4.440892098501E-16,1.1112501));
#2977 = CARTESIAN_POINT('',(3.238523500678,1.701305661014,1.217083433333
    ));
#2978 = CARTESIAN_POINT('',(2.214523266602,3.402611322029,1.322916766657
    ));
#2979 = CARTESIAN_POINT('',(-1.929486448406E-02,4.275126821562,
    1.428750100004));
#2980 = CARTESIAN_POINT('',(-2.185066918343,3.402611322029,
    1.534583433338));
#2981 = CARTESIAN_POINT('',(-4.314933081656,1.433642824056E-13,1.7462501
    ));
#2982 = CARTESIAN_POINT('',(-2.185066918343,-3.402611322029,
    1.957916766663));
#2983 = CARTESIAN_POINT('',(-1.929486448417E-02,-4.275126821562,
    2.063750099996));
#2984 = CARTESIAN_POINT('',(2.214523266602,-3.402611322029,
    2.169583433344));
#2985 = CARTESIAN_POINT('',(3.238523500678,-1.701305661014,
    2.275416766666));
#2986 = CARTESIAN_POINT('',(3.25,-1.557506027574E-15,2.3812501));
#2987 = PCURVE('',#2229,#2988);
#2988 = DEFINITIONAL_REPRESENTATION('',(#2989),#2993);
#2989 = LINE('',#2990,#2991);
#2990 = CARTESIAN_POINT('',(2.,0.));
#2991 = VECTOR('',#2992,1.);
#2992 = DIRECTION('',(0.,1.));
#2993 = ( GEOMETRIC_REPRESENTATION_CONTEXT(2) 
PARAMETRIC_REPRESENTATION_CONTEXT() REPRESENTATION_CONTEXT('2D SPACE',''
  ) );
#2994 = PCURVE('',#2298,#2995);
#2995 = DEFINITIONAL_REPRESENTATION('',(#2996),#3000);
#2996 = LINE('',#2997,#2998);
#2997 = CARTESIAN_POINT('',(2.,0.));
#2998 = VECTOR('',#2999,1.);
#2999 = DIRECTION('',(0.,1.));
#3000 = ( GEOMETRIC_REPRESENTATION_CONTEXT(2) 
PARAMETRIC_REPRESENTATION_CONTEXT() REPRESENTATION_CONTEXT('2D SPACE',''
  ) );
#3001 = ORIENTED_EDGE('',*,*,#2175,.F.);
#3002 = ORIENTED_EDGE('',*,*,#2875,.F.);
#3003 = ORIENTED_EDGE('',*,*,#3004,.T.);
#3004 = EDGE_CURVE('',#2761,#3005,#3007,.T.);
#3005 = VERTEX_POINT('',#3006);
#3006 = CARTESIAN_POINT('',(2.562592335761,-4.283713552247E-12,
    1.984375100067));
#3007 = SURFACE_CURVE('',#3008,(#3020,#3027),.PCURVE_S1.);
#3008 = ( BOUNDED_CURVE() B_SPLINE_CURVE(6,(#3009,#3010,#3011,#3012,
    #3013,#3014,#3015,#3016,#3017,#3018,#3019),.UNSPECIFIED.,.F.,.F.) 
B_SPLINE_CURVE_WITH_KNOTS((7,4,7),(0.,0.5,1.),.UNSPECIFIED.) CURVE() 
GEOMETRIC_REPRESENTATION_ITEM() RATIONAL_B_SPLINE_CURVE((1.,1.,1.,1.,1.,
1.,1.,1.,1.,1.,1.)) REPRESENTATION_ITEM('') );
#3009 = CARTESIAN_POINT('',(2.562592335746,6.198426010596E-14,0.7143751)
  );
#3010 = CARTESIAN_POINT('',(2.553543231203,1.341462414619,0.820208433333
    ));
#3011 = CARTESIAN_POINT('',(1.746129338979,2.682924829238,0.926041766657
    ));
#3012 = CARTESIAN_POINT('',(-1.521380701209E-02,3.370894531646,
    1.031875100004));
#3013 = CARTESIAN_POINT('',(-1.722903303986,2.682924829238,
    1.137708433338));
#3014 = CARTESIAN_POINT('',(-3.402281367506,7.177306757041E-13,1.3493751
    ));
#3015 = CARTESIAN_POINT('',(-1.722903303986,-2.682924829239,
    1.561041766663));
#3016 = CARTESIAN_POINT('',(-1.52138070122E-02,-3.370894531645,
    1.666875099996));
#3017 = CARTESIAN_POINT('',(1.746129338979,-2.682924829239,
    1.772708433343));
#3018 = CARTESIAN_POINT('',(2.553543231203,-1.341462414619,
    1.878541766666));
#3019 = CARTESIAN_POINT('',(2.562592335746,-1.360976947228E-13,1.9843751
    ));
#3020 = PCURVE('',#2229,#3021);
#3021 = DEFINITIONAL_REPRESENTATION('',(#3022),#3026);
#3022 = LINE('',#3023,#3024);
#3023 = CARTESIAN_POINT('',(3.,0.));
#3024 = VECTOR('',#3025,1.);
#3025 = DIRECTION('',(0.,1.));
#3026 = ( GEOMETRIC_REPRESENTATION_CONTEXT(2) 
PARAMETRIC_REPRESENTATION_CONTEXT() REPRESENTATION_CONTEXT('2D SPACE',''
  ) );
#3027 = PCURVE('',#2822,#3028);
#3028 = DEFINITIONAL_REPRESENTATION('',(#3029),#3033);
#3029 = LINE('',#3030,#3031);
#3030 = CARTESIAN_POINT('',(3.,0.));
#3031 = VECTOR('',#3032,1.);
#3032 = DIRECTION('',(0.,1.));
#3033 = ( GEOMETRIC_REPRESENTATION_CONTEXT(2) 
PARAMETRIC_REPRESENTATION_CONTEXT() REPRESENTATION_CONTEXT('2D SPACE',''
  ) );
#3034 = ORIENTED_EDGE('',*,*,#3035,.F.);
#3035 = EDGE_CURVE('',#3036,#3005,#3038,.T.);
#3036 = VERTEX_POINT('',#3037);
#3037 = CARTESIAN_POINT('',(3.250000000054,-2.271171731637E-14,2.3812501
    ));
#3038 = SURFACE_CURVE('',#3039,(#3042,#3049),.PCURVE_S1.);
#3039 = B_SPLINE_CURVE_WITH_KNOTS('',1,(#3040,#3041),.UNSPECIFIED.,.F.,
  .F.,(2,2),(2.,3.),.PIECEWISE_BEZIER_KNOTS.);
#3040 = CARTESIAN_POINT('',(3.25,-1.557506027574E-15,2.3812501));
#3041 = CARTESIAN_POINT('',(2.562592335746,-1.360976947228E-13,1.9843751
    ));
#3042 = PCURVE('',#2229,#3043);
#3043 = DEFINITIONAL_REPRESENTATION('',(#3044),#3048);
#3044 = LINE('',#3045,#3046);
#3045 = CARTESIAN_POINT('',(0.,1.));
#3046 = VECTOR('',#3047,1.);
#3047 = DIRECTION('',(1.,0.));
#3048 = ( GEOMETRIC_REPRESENTATION_CONTEXT(2) 
PARAMETRIC_REPRESENTATION_CONTEXT() REPRESENTATION_CONTEXT('2D SPACE',''
  ) );
#3049 = PCURVE('',#3050,#3073);
#3050 = ( BOUNDED_SURFACE() B_SPLINE_SURFACE(1,6,(
    (#3051,#3052,#3053,#3054,#3055,#3056,#3057,#3058,#3059,#3060,#3061)
    ,(#3062,#3063,#3064,#3065,#3066,#3067,#3068,#3069,#3070,#3071,#3072
)),.UNSPECIFIED.,.F.,.F.,.F.) B_SPLINE_SURFACE_WITH_KNOTS((2,2),(7,4,7),
(2.,3.),(0.,0.5,1.),.UNSPECIFIED.) GEOMETRIC_REPRESENTATION_ITEM() 
RATIONAL_B_SPLINE_SURFACE((
    (1.,1.,1.,1.,1.,1.,1.,1.,1.,1.,1.)
,(1.,1.,1.,1.,1.,1.,1.,1.,1.,1.,1.
  ))) REPRESENTATION_ITEM('') SURFACE() );
#3051 = CARTESIAN_POINT('',(3.250000000108,-4.386592860517E-14,2.3812501
    ));
#3052 = CARTESIAN_POINT('',(3.238523500786,1.701305661014,2.487083433336
    ));
#3053 = CARTESIAN_POINT('',(2.214523266709,3.402611322016,2.592916766858
    ));
#3054 = CARTESIAN_POINT('',(-1.929486436763E-02,4.275126821522,
    2.698750100637));
#3055 = CARTESIAN_POINT('',(-2.185066918196,3.402611321962,
    2.804583434391));
#3056 = CARTESIAN_POINT('',(-4.314933081426,-9.327218884241E-11,
    3.016250101466));
#3057 = CARTESIAN_POINT('',(-2.18506691803,-3.402611322096,
    3.227916767715));
#3058 = CARTESIAN_POINT('',(-1.929486413923E-02,-4.275126821602,
    3.333750100629));
#3059 = CARTESIAN_POINT('',(2.214523266956,-3.402611322042,
    3.439583433544));
#3060 = CARTESIAN_POINT('',(3.238523501033,-1.701305661014,
    3.545416766669));
#3061 = CARTESIAN_POINT('',(3.250000000354,-1.416843113145E-13,3.6512501
    ));
#3062 = CARTESIAN_POINT('',(2.562592335777,-8.43132940977E-12,
    1.984375100133));
#3063 = CARTESIAN_POINT('',(2.553543231238,1.34146241461,2.090208433468)
  );
#3064 = CARTESIAN_POINT('',(1.746129339017,2.682924829219,2.196041766948
    ));
#3065 = CARTESIAN_POINT('',(-1.52138069614E-02,3.370894531606,
    2.301875100637));
#3066 = CARTESIAN_POINT('',(-1.722903303906,2.682924829176,
    2.407708434301));
#3067 = CARTESIAN_POINT('',(-3.402281367352,-8.140879710885E-11,
    2.619375101289));
#3068 = CARTESIAN_POINT('',(-1.722903303758,-2.6829248293,2.831041767626
    ));
#3069 = CARTESIAN_POINT('',(-1.521380675531E-02,-3.370894531686,
    2.936875100628));
#3070 = CARTESIAN_POINT('',(1.746129339248,-2.682924829258,
    3.042708433635));
#3071 = CARTESIAN_POINT('',(2.553543231476,-1.341462414627,
    3.148541766801));
#3072 = CARTESIAN_POINT('',(2.562592336023,-8.726116330491E-12,
    3.254375100133));
#3073 = DEFINITIONAL_REPRESENTATION('',(#3074),#3077);
#3074 = B_SPLINE_CURVE_WITH_KNOTS('',1,(#3075,#3076),.UNSPECIFIED.,.F.,
  .F.,(2,2),(2.,3.),.PIECEWISE_BEZIER_KNOTS.);
#3075 = CARTESIAN_POINT('',(2.,0.));
#3076 = CARTESIAN_POINT('',(3.,0.));
#3077 = ( GEOMETRIC_REPRESENTATION_CONTEXT(2) 
PARAMETRIC_REPRESENTATION_CONTEXT() REPRESENTATION_CONTEXT('2D SPACE',''
  ) );
#3078 = ORIENTED_EDGE('',*,*,#3079,.F.);
#3079 = EDGE_CURVE('',#3080,#3036,#3082,.T.);
#3080 = VERTEX_POINT('',#3081);
#3081 = CARTESIAN_POINT('',(2.629305203428,-1.910302108889,
    2.254250097007));
#3082 = SURFACE_CURVE('',#3083,(#3095,#3102),.PCURVE_S1.);
#3083 = ( BOUNDED_CURVE() B_SPLINE_CURVE(6,(#3084,#3085,#3086,#3087,
    #3088,#3089,#3090,#3091,#3092,#3093,#3094),.UNSPECIFIED.,.F.,.F.) 
B_SPLINE_CURVE_WITH_KNOTS((7,4,7),(0.,0.5,1.),.UNSPECIFIED.) CURVE() 
GEOMETRIC_REPRESENTATION_ITEM() RATIONAL_B_SPLINE_CURVE((1.,1.,1.,1.,1.,
1.,1.,1.,1.,1.,1.)) REPRESENTATION_ITEM('') );
#3084 = CARTESIAN_POINT('',(3.25,-4.440892098501E-16,1.1112501));
#3085 = CARTESIAN_POINT('',(3.238523500678,1.701305661014,1.217083433333
    ));
#3086 = CARTESIAN_POINT('',(2.214523266602,3.402611322029,1.322916766657
    ));
#3087 = CARTESIAN_POINT('',(-1.929486448406E-02,4.275126821562,
    1.428750100004));
#3088 = CARTESIAN_POINT('',(-2.185066918343,3.402611322029,
    1.534583433338));
#3089 = CARTESIAN_POINT('',(-4.314933081656,1.433642824056E-13,1.7462501
    ));
#3090 = CARTESIAN_POINT('',(-2.185066918343,-3.402611322029,
    1.957916766663));
#3091 = CARTESIAN_POINT('',(-1.929486448417E-02,-4.275126821562,
    2.063750099996));
#3092 = CARTESIAN_POINT('',(2.214523266602,-3.402611322029,
    2.169583433344));
#3093 = CARTESIAN_POINT('',(3.238523500678,-1.701305661014,
    2.275416766666));
#3094 = CARTESIAN_POINT('',(3.25,-1.557506027574E-15,2.3812501));
#3095 = PCURVE('',#2229,#3096);
#3096 = DEFINITIONAL_REPRESENTATION('',(#3097),#3101);
#3097 = LINE('',#3098,#3099);
#3098 = CARTESIAN_POINT('',(2.,0.));
#3099 = VECTOR('',#3100,1.);
#3100 = DIRECTION('',(0.,1.));
#3101 = ( GEOMETRIC_REPRESENTATION_CONTEXT(2) 
PARAMETRIC_REPRESENTATION_CONTEXT() REPRESENTATION_CONTEXT('2D SPACE',''
  ) );
#3102 = PCURVE('',#3103,#3126);
#3103 = ( BOUNDED_SURFACE() B_SPLINE_SURFACE(1,6,(
    (#3104,#3105,#3106,#3107,#3108,#3109,#3110,#3111,#3112,#3113,#3114)
    ,(#3115,#3116,#3117,#3118,#3119,#3120,#3121,#3122,#3123,#3124,#3125
)),.UNSPECIFIED.,.F.,.F.,.F.) B_SPLINE_SURFACE_WITH_KNOTS((2,2),(7,4,7),
(1.,2.),(0.,0.5,1.),.UNSPECIFIED.) GEOMETRIC_REPRESENTATION_ITEM() 
RATIONAL_B_SPLINE_SURFACE((
    (1.,1.,1.,1.,1.,1.,1.,1.,1.,1.,1.)
,(1.,1.,1.,1.,1.,1.,1.,1.,1.,1.,1.
  ))) REPRESENTATION_ITEM('') SURFACE() );
#3104 = CARTESIAN_POINT('',(3.45,-1.860750302153E-14,1.1112501));
#3105 = CARTESIAN_POINT('',(3.437817254616,1.806001394014,1.217083433333
    ));
#3106 = CARTESIAN_POINT('',(2.350801621348,3.61200278803,1.322916766657)
  );
#3107 = CARTESIAN_POINT('',(-2.048224067563E-02,4.538211548991,
    1.428750100004));
#3108 = CARTESIAN_POINT('',(-2.319532574864,3.612002788029,
    1.534583433338));
#3109 = CARTESIAN_POINT('',(-4.580467425135,-1.406932284806E-13,
    1.7462501));
#3110 = CARTESIAN_POINT('',(-2.319532574864,-3.612002788029,
    1.957916766663));
#3111 = CARTESIAN_POINT('',(-2.048224067566E-02,-4.538211548992,
    2.063750099996));
#3112 = CARTESIAN_POINT('',(2.350801621348,-3.612002788029,
    2.169583433344));
#3113 = CARTESIAN_POINT('',(3.437817254617,-1.806001394015,
    2.275416766666));
#3114 = CARTESIAN_POINT('',(3.45,3.758671528141E-14,2.3812501));
#3115 = CARTESIAN_POINT('',(3.25,-4.440892098501E-16,1.1112501));
#3116 = CARTESIAN_POINT('',(3.238523500678,1.701305661014,1.217083433333
    ));
#3117 = CARTESIAN_POINT('',(2.214523266602,3.402611322029,1.322916766657
    ));
#3118 = CARTESIAN_POINT('',(-1.929486448406E-02,4.275126821562,
    1.428750100004));
#3119 = CARTESIAN_POINT('',(-2.185066918343,3.402611322029,
    1.534583433338));
#3120 = CARTESIAN_POINT('',(-4.314933081656,1.433642824056E-13,1.7462501
    ));
#3121 = CARTESIAN_POINT('',(-2.185066918343,-3.402611322029,
    1.957916766663));
#3122 = CARTESIAN_POINT('',(-1.929486448417E-02,-4.275126821562,
    2.063750099996));
#3123 = CARTESIAN_POINT('',(2.214523266602,-3.402611322029,
    2.169583433344));
#3124 = CARTESIAN_POINT('',(3.238523500678,-1.701305661014,
    2.275416766666));
#3125 = CARTESIAN_POINT('',(3.25,-1.557506027574E-15,2.3812501));
#3126 = DEFINITIONAL_REPRESENTATION('',(#3127),#3131);
#3127 = LINE('',#3128,#3129);
#3128 = CARTESIAN_POINT('',(2.,0.));
#3129 = VECTOR('',#3130,1.);
#3130 = DIRECTION('',(0.,1.));
#3131 = ( GEOMETRIC_REPRESENTATION_CONTEXT(2) 
PARAMETRIC_REPRESENTATION_CONTEXT() REPRESENTATION_CONTEXT('2D SPACE',''
  ) );
#3132 = ORIENTED_EDGE('',*,*,#3133,.T.);
#3133 = EDGE_CURVE('',#3080,#3134,#3136,.T.);
#3134 = VERTEX_POINT('',#3135);
#3135 = CARTESIAN_POINT('',(1.004305260701,-3.090933668542,
    2.127250101896));
#3136 = SURFACE_CURVE('',#3137,(#3145,#3156),.PCURVE_S1.);
#3137 = B_SPLINE_CURVE_WITH_KNOTS('',6,(#3138,#3139,#3140,#3141,#3142,
    #3143,#3144),.UNSPECIFIED.,.F.,.F.,(7,7),(0.,1.),
  .PIECEWISE_BEZIER_KNOTS.);
#3138 = CARTESIAN_POINT('',(2.629305203426,-1.910302108892,
    2.254250097007));
#3139 = CARTESIAN_POINT('',(2.429291169448,-2.185597800526,
    2.232887357678));
#3140 = CARTESIAN_POINT('',(2.194610020333,-2.435869810943,
    2.211640170553));
#3141 = CARTESIAN_POINT('',(1.929318112449,-2.655435146298,
    2.190537321285));
#3142 = CARTESIAN_POINT('',(1.638519821845,-2.839901954121,
    2.169463283416));
#3143 = CARTESIAN_POINT('',(1.327962275744,-2.985771126174,
    2.148366488265));
#3144 = CARTESIAN_POINT('',(1.004305260713,-3.090933668538,
    2.127250101897));
#3145 = PCURVE('',#2229,#3146);
#3146 = DEFINITIONAL_REPRESENTATION('',(#3147),#3155);
#3147 = B_SPLINE_CURVE_WITH_KNOTS('',6,(#3148,#3149,#3150,#3151,#3152,
    #3153,#3154),.UNSPECIFIED.,.F.,.F.,(7,7),(0.,1.),
  .PIECEWISE_BEZIER_KNOTS.);
#3148 = CARTESIAN_POINT('',(2.,0.899999997642));
#3149 = CARTESIAN_POINT('',(2.00047420087,0.883327130823));
#3150 = CARTESIAN_POINT('',(2.000640788511,0.866649120859));
#3151 = CARTESIAN_POINT('',(2.000482670118,0.849983292115));
#3152 = CARTESIAN_POINT('',(2.000272164622,0.833323778542));
#3153 = CARTESIAN_POINT('',(2.000103413565,0.816659394112));
#3154 = CARTESIAN_POINT('',(2.,0.800000001493));
#3155 = ( GEOMETRIC_REPRESENTATION_CONTEXT(2) 
PARAMETRIC_REPRESENTATION_CONTEXT() REPRESENTATION_CONTEXT('2D SPACE',''
  ) );
#3156 = PCURVE('',#2347,#3157);
#3157 = DEFINITIONAL_REPRESENTATION('',(#3158),#3166);
#3158 = B_SPLINE_CURVE_WITH_KNOTS('',6,(#3159,#3160,#3161,#3162,#3163,
    #3164,#3165),.UNSPECIFIED.,.F.,.F.,(7,7),(0.,1.),
  .PIECEWISE_BEZIER_KNOTS.);
#3159 = CARTESIAN_POINT('',(5.654866761651,2.254250097007));
#3160 = CARTESIAN_POINT('',(5.55016393321,2.232887357678));
#3161 = CARTESIAN_POINT('',(5.445421231185,2.211640170553));
#3162 = CARTESIAN_POINT('',(5.340715233531,2.190537321285));
#3163 = CARTESIAN_POINT('',(5.236008051671,2.169463283416));
#3164 = CARTESIAN_POINT('',(5.131259986186,2.148366488265));
#3165 = CARTESIAN_POINT('',(5.026548255124,2.127250101897));
#3166 = ( GEOMETRIC_REPRESENTATION_CONTEXT(2) 
PARAMETRIC_REPRESENTATION_CONTEXT() REPRESENTATION_CONTEXT('2D SPACE',''
  ) );
#3167 = ORIENTED_EDGE('',*,*,#3168,.F.);
#3168 = EDGE_CURVE('',#3169,#3134,#3171,.T.);
#3169 = VERTEX_POINT('',#3170);
#3170 = CARTESIAN_POINT('',(-1.00431700875,-3.090929851346,2.00024932964
    ));
#3171 = SURFACE_CURVE('',#3172,(#3184,#3191),.PCURVE_S1.);
#3172 = ( BOUNDED_CURVE() B_SPLINE_CURVE(6,(#3173,#3174,#3175,#3176,
    #3177,#3178,#3179,#3180,#3181,#3182,#3183),.UNSPECIFIED.,.F.,.F.) 
B_SPLINE_CURVE_WITH_KNOTS((7,4,7),(0.,0.5,1.),.UNSPECIFIED.) CURVE() 
GEOMETRIC_REPRESENTATION_ITEM() RATIONAL_B_SPLINE_CURVE((1.,1.,1.,1.,1.,
1.,1.,1.,1.,1.,1.)) REPRESENTATION_ITEM('') );
#3173 = CARTESIAN_POINT('',(3.25,-4.440892098501E-16,1.1112501));
#3174 = CARTESIAN_POINT('',(3.238523500678,1.701305661014,1.217083433333
    ));
#3175 = CARTESIAN_POINT('',(2.214523266602,3.402611322029,1.322916766657
    ));
#3176 = CARTESIAN_POINT('',(-1.929486448406E-02,4.275126821562,
    1.428750100004));
#3177 = CARTESIAN_POINT('',(-2.185066918343,3.402611322029,
    1.534583433338));
#3178 = CARTESIAN_POINT('',(-4.314933081656,1.433642824056E-13,1.7462501
    ));
#3179 = CARTESIAN_POINT('',(-2.185066918343,-3.402611322029,
    1.957916766663));
#3180 = CARTESIAN_POINT('',(-1.929486448417E-02,-4.275126821562,
    2.063750099996));
#3181 = CARTESIAN_POINT('',(2.214523266602,-3.402611322029,
    2.169583433344));
#3182 = CARTESIAN_POINT('',(3.238523500678,-1.701305661014,
    2.275416766666));
#3183 = CARTESIAN_POINT('',(3.25,-1.557506027574E-15,2.3812501));
#3184 = PCURVE('',#2229,#3185);
#3185 = DEFINITIONAL_REPRESENTATION('',(#3186),#3190);
#3186 = LINE('',#3187,#3188);
#3187 = CARTESIAN_POINT('',(2.,0.));
#3188 = VECTOR('',#3189,1.);
#3189 = DIRECTION('',(0.,1.));
#3190 = ( GEOMETRIC_REPRESENTATION_CONTEXT(2) 
PARAMETRIC_REPRESENTATION_CONTEXT() REPRESENTATION_CONTEXT('2D SPACE',''
  ) );
#3191 = PCURVE('',#3192,#3215);
#3192 = ( BOUNDED_SURFACE() B_SPLINE_SURFACE(1,6,(
    (#3193,#3194,#3195,#3196,#3197,#3198,#3199,#3200,#3201,#3202,#3203)
    ,(#3204,#3205,#3206,#3207,#3208,#3209,#3210,#3211,#3212,#3213,#3214
)),.UNSPECIFIED.,.F.,.F.,.F.) B_SPLINE_SURFACE_WITH_KNOTS((2,2),(7,4,7),
(1.,2.),(0.,0.5,1.),.UNSPECIFIED.) GEOMETRIC_REPRESENTATION_ITEM() 
RATIONAL_B_SPLINE_SURFACE((
    (1.,1.,1.,1.,1.,1.,1.,1.,1.,1.,1.)
,(1.,1.,1.,1.,1.,1.,1.,1.,1.,1.,1.
  ))) REPRESENTATION_ITEM('') SURFACE() );
#3193 = CARTESIAN_POINT('',(3.45,-1.860750302153E-14,1.1112501));
#3194 = CARTESIAN_POINT('',(3.437817254616,1.806001394014,1.217083433333
    ));
#3195 = CARTESIAN_POINT('',(2.350801621348,3.61200278803,1.322916766657)
  );
#3196 = CARTESIAN_POINT('',(-2.048224067563E-02,4.538211548991,
    1.428750100004));
#3197 = CARTESIAN_POINT('',(-2.319532574864,3.612002788029,
    1.534583433338));
#3198 = CARTESIAN_POINT('',(-4.580467425135,-1.406932284806E-13,
    1.7462501));
#3199 = CARTESIAN_POINT('',(-2.319532574864,-3.612002788029,
    1.957916766663));
#3200 = CARTESIAN_POINT('',(-2.048224067566E-02,-4.538211548992,
    2.063750099996));
#3201 = CARTESIAN_POINT('',(2.350801621348,-3.612002788029,
    2.169583433344));
#3202 = CARTESIAN_POINT('',(3.437817254617,-1.806001394015,
    2.275416766666));
#3203 = CARTESIAN_POINT('',(3.45,3.758671528141E-14,2.3812501));
#3204 = CARTESIAN_POINT('',(3.25,-4.440892098501E-16,1.1112501));
#3205 = CARTESIAN_POINT('',(3.238523500678,1.701305661014,1.217083433333
    ));
#3206 = CARTESIAN_POINT('',(2.214523266602,3.402611322029,1.322916766657
    ));
#3207 = CARTESIAN_POINT('',(-1.929486448406E-02,4.275126821562,
    1.428750100004));
#3208 = CARTESIAN_POINT('',(-2.185066918343,3.402611322029,
    1.534583433338));
#3209 = CARTESIAN_POINT('',(-4.314933081656,1.433642824056E-13,1.7462501
    ));
#3210 = CARTESIAN_POINT('',(-2.185066918343,-3.402611322029,
    1.957916766663));
#3211 = CARTESIAN_POINT('',(-1.929486448417E-02,-4.275126821562,
    2.063750099996));
#3212 = CARTESIAN_POINT('',(2.214523266602,-3.402611322029,
    2.169583433344));
#3213 = CARTESIAN_POINT('',(3.238523500678,-1.701305661014,
    2.275416766666));
#3214 = CARTESIAN_POINT('',(3.25,-1.557506027574E-15,2.3812501));
#3215 = DEFINITIONAL_REPRESENTATION('',(#3216),#3220);
#3216 = LINE('',#3217,#3218);
#3217 = CARTESIAN_POINT('',(2.,0.));
#3218 = VECTOR('',#3219,1.);
#3219 = DIRECTION('',(0.,1.));
#3220 = ( GEOMETRIC_REPRESENTATION_CONTEXT(2) 
PARAMETRIC_REPRESENTATION_CONTEXT() REPRESENTATION_CONTEXT('2D SPACE',''
  ) );
#3221 = ORIENTED_EDGE('',*,*,#3222,.F.);
#3222 = EDGE_CURVE('',#3223,#3169,#3225,.T.);
#3223 = VERTEX_POINT('',#3224);
#3224 = CARTESIAN_POINT('',(-1.011801668938,-3.088487879648,
    1.99975955044));
#3225 = SURFACE_CURVE('',#3226,(#3238,#3245),.PCURVE_S1.);
#3226 = ( BOUNDED_CURVE() B_SPLINE_CURVE(6,(#3227,#3228,#3229,#3230,
    #3231,#3232,#3233,#3234,#3235,#3236,#3237),.UNSPECIFIED.,.F.,.F.) 
B_SPLINE_CURVE_WITH_KNOTS((7,4,7),(0.,0.5,1.),.UNSPECIFIED.) CURVE() 
GEOMETRIC_REPRESENTATION_ITEM() RATIONAL_B_SPLINE_CURVE((1.,1.,1.,1.,1.,
1.,1.,1.,1.,1.,1.)) REPRESENTATION_ITEM('') );
#3227 = CARTESIAN_POINT('',(3.25,-4.440892098501E-16,1.1112501));
#3228 = CARTESIAN_POINT('',(3.238523500678,1.701305661014,1.217083433333
    ));
#3229 = CARTESIAN_POINT('',(2.214523266602,3.402611322029,1.322916766657
    ));
#3230 = CARTESIAN_POINT('',(-1.929486448406E-02,4.275126821562,
    1.428750100004));
#3231 = CARTESIAN_POINT('',(-2.185066918343,3.402611322029,
    1.534583433338));
#3232 = CARTESIAN_POINT('',(-4.314933081656,1.433642824056E-13,1.7462501
    ));
#3233 = CARTESIAN_POINT('',(-2.185066918343,-3.402611322029,
    1.957916766663));
#3234 = CARTESIAN_POINT('',(-1.929486448417E-02,-4.275126821562,
    2.063750099996));
#3235 = CARTESIAN_POINT('',(2.214523266602,-3.402611322029,
    2.169583433344));
#3236 = CARTESIAN_POINT('',(3.238523500678,-1.701305661014,
    2.275416766666));
#3237 = CARTESIAN_POINT('',(3.25,-1.557506027574E-15,2.3812501));
#3238 = PCURVE('',#2229,#3239);
#3239 = DEFINITIONAL_REPRESENTATION('',(#3240),#3244);
#3240 = LINE('',#3241,#3242);
#3241 = CARTESIAN_POINT('',(2.,0.));
#3242 = VECTOR('',#3243,1.);
#3243 = DIRECTION('',(0.,1.));
#3244 = ( GEOMETRIC_REPRESENTATION_CONTEXT(2) 
PARAMETRIC_REPRESENTATION_CONTEXT() REPRESENTATION_CONTEXT('2D SPACE',''
  ) );
#3245 = PCURVE('',#2347,#3246);
#3246 = DEFINITIONAL_REPRESENTATION('',(#3247),#3254);
#3247 = B_SPLINE_CURVE_WITH_KNOTS('',5,(#3248,#3249,#3250,#3251,#3252,
    #3253),.UNSPECIFIED.,.F.,.F.,(6,6),(0.699613740505,0.699999393419),
  .PIECEWISE_BEZIER_KNOTS.);
#3248 = CARTESIAN_POINT('',(4.395803457658,1.99975955044));
#3249 = CARTESIAN_POINT('',(4.396287947178,1.99985750628));
#3250 = CARTESIAN_POINT('',(4.396772436654,1.99995546212));
#3251 = CARTESIAN_POINT('',(4.397256926088,2.00005341796));
#3252 = CARTESIAN_POINT('',(4.397741415483,2.0001513738));
#3253 = CARTESIAN_POINT('',(4.398225904838,2.00024932964));
#3254 = ( GEOMETRIC_REPRESENTATION_CONTEXT(2) 
PARAMETRIC_REPRESENTATION_CONTEXT() REPRESENTATION_CONTEXT('2D SPACE',''
  ) );
#3255 = ORIENTED_EDGE('',*,*,#3256,.F.);
#3256 = EDGE_CURVE('',#3257,#3223,#3259,.T.);
#3257 = VERTEX_POINT('',#3258);
#3258 = CARTESIAN_POINT('',(-2.629305434278,-1.910301791152,
    1.873250078571));
#3259 = SURFACE_CURVE('',#3260,(#3272,#3279),.PCURVE_S1.);
#3260 = ( BOUNDED_CURVE() B_SPLINE_CURVE(6,(#3261,#3262,#3263,#3264,
    #3265,#3266,#3267,#3268,#3269,#3270,#3271),.UNSPECIFIED.,.F.,.F.) 
B_SPLINE_CURVE_WITH_KNOTS((7,4,7),(0.,0.5,1.),.UNSPECIFIED.) CURVE() 
GEOMETRIC_REPRESENTATION_ITEM() RATIONAL_B_SPLINE_CURVE((1.,1.,1.,1.,1.,
1.,1.,1.,1.,1.,1.)) REPRESENTATION_ITEM('') );
#3261 = CARTESIAN_POINT('',(3.25,-4.440892098501E-16,1.1112501));
#3262 = CARTESIAN_POINT('',(3.238523500678,1.701305661014,1.217083433333
    ));
#3263 = CARTESIAN_POINT('',(2.214523266602,3.402611322029,1.322916766657
    ));
#3264 = CARTESIAN_POINT('',(-1.929486448406E-02,4.275126821562,
    1.428750100004));
#3265 = CARTESIAN_POINT('',(-2.185066918343,3.402611322029,
    1.534583433338));
#3266 = CARTESIAN_POINT('',(-4.314933081656,1.433642824056E-13,1.7462501
    ));
#3267 = CARTESIAN_POINT('',(-2.185066918343,-3.402611322029,
    1.957916766663));
#3268 = CARTESIAN_POINT('',(-1.929486448417E-02,-4.275126821562,
    2.063750099996));
#3269 = CARTESIAN_POINT('',(2.214523266602,-3.402611322029,
    2.169583433344));
#3270 = CARTESIAN_POINT('',(3.238523500678,-1.701305661014,
    2.275416766666));
#3271 = CARTESIAN_POINT('',(3.25,-1.557506027574E-15,2.3812501));
#3272 = PCURVE('',#2229,#3273);
#3273 = DEFINITIONAL_REPRESENTATION('',(#3274),#3278);
#3274 = LINE('',#3275,#3276);
#3275 = CARTESIAN_POINT('',(2.,0.));
#3276 = VECTOR('',#3277,1.);
#3277 = DIRECTION('',(0.,1.));
#3278 = ( GEOMETRIC_REPRESENTATION_CONTEXT(2) 
PARAMETRIC_REPRESENTATION_CONTEXT() REPRESENTATION_CONTEXT('2D SPACE',''
  ) );
#3279 = PCURVE('',#3280,#3303);
#3280 = ( BOUNDED_SURFACE() B_SPLINE_SURFACE(1,6,(
    (#3281,#3282,#3283,#3284,#3285,#3286,#3287,#3288,#3289,#3290,#3291)
    ,(#3292,#3293,#3294,#3295,#3296,#3297,#3298,#3299,#3300,#3301,#3302
)),.UNSPECIFIED.,.F.,.F.,.F.) B_SPLINE_SURFACE_WITH_KNOTS((2,2),(7,4,7),
(1.,2.),(0.,0.5,1.),.UNSPECIFIED.) GEOMETRIC_REPRESENTATION_ITEM() 
RATIONAL_B_SPLINE_SURFACE((
    (1.,1.,1.,1.,1.,1.,1.,1.,1.,1.,1.)
,(1.,1.,1.,1.,1.,1.,1.,1.,1.,1.,1.
  ))) REPRESENTATION_ITEM('') SURFACE() );
#3281 = CARTESIAN_POINT('',(3.45,-1.860750302153E-14,1.1112501));
#3282 = CARTESIAN_POINT('',(3.437817254616,1.806001394014,1.217083433333
    ));
#3283 = CARTESIAN_POINT('',(2.350801621348,3.61200278803,1.322916766657)
  );
#3284 = CARTESIAN_POINT('',(-2.048224067563E-02,4.538211548991,
    1.428750100004));
#3285 = CARTESIAN_POINT('',(-2.319532574864,3.612002788029,
    1.534583433338));
#3286 = CARTESIAN_POINT('',(-4.580467425135,-1.406932284806E-13,
    1.7462501));
#3287 = CARTESIAN_POINT('',(-2.319532574864,-3.612002788029,
    1.957916766663));
#3288 = CARTESIAN_POINT('',(-2.048224067566E-02,-4.538211548992,
    2.063750099996));
#3289 = CARTESIAN_POINT('',(2.350801621348,-3.612002788029,
    2.169583433344));
#3290 = CARTESIAN_POINT('',(3.437817254617,-1.806001394015,
    2.275416766666));
#3291 = CARTESIAN_POINT('',(3.45,3.758671528141E-14,2.3812501));
#3292 = CARTESIAN_POINT('',(3.25,-4.440892098501E-16,1.1112501));
#3293 = CARTESIAN_POINT('',(3.238523500678,1.701305661014,1.217083433333
    ));
#3294 = CARTESIAN_POINT('',(2.214523266602,3.402611322029,1.322916766657
    ));
#3295 = CARTESIAN_POINT('',(-1.929486448406E-02,4.275126821562,
    1.428750100004));
#3296 = CARTESIAN_POINT('',(-2.185066918343,3.402611322029,
    1.534583433338));
#3297 = CARTESIAN_POINT('',(-4.314933081656,1.433642824056E-13,1.7462501
    ));
#3298 = CARTESIAN_POINT('',(-2.185066918343,-3.402611322029,
    1.957916766663));
#3299 = CARTESIAN_POINT('',(-1.929486448417E-02,-4.275126821562,
    2.063750099996));
#3300 = CARTESIAN_POINT('',(2.214523266602,-3.402611322029,
    2.169583433344));
#3301 = CARTESIAN_POINT('',(3.238523500678,-1.701305661014,
    2.275416766666));
#3302 = CARTESIAN_POINT('',(3.25,-1.557506027574E-15,2.3812501));
#3303 = DEFINITIONAL_REPRESENTATION('',(#3304),#3308);
#3304 = LINE('',#3305,#3306);
#3305 = CARTESIAN_POINT('',(2.,0.));
#3306 = VECTOR('',#3307,1.);
#3307 = DIRECTION('',(0.,1.));
#3308 = ( GEOMETRIC_REPRESENTATION_CONTEXT(2) 
PARAMETRIC_REPRESENTATION_CONTEXT() REPRESENTATION_CONTEXT('2D SPACE',''
  ) );
#3309 = ORIENTED_EDGE('',*,*,#3310,.T.);
#3310 = EDGE_CURVE('',#3257,#3311,#3313,.T.);
#3311 = VERTEX_POINT('',#3312);
#3312 = CARTESIAN_POINT('',(-3.249999999993,6.633769902018E-06,
    1.746249687332));
#3313 = SURFACE_CURVE('',#3314,(#3329,#3347),.PCURVE_S1.);
#3314 = B_SPLINE_CURVE_WITH_KNOTS('',5,(#3315,#3316,#3317,#3318,#3319,
    #3320,#3321,#3322,#3323,#3324,#3325,#3326,#3327,#3328),
  .UNSPECIFIED.,.F.,.F.,(6,4,4,6),(0.,0.160041719163,0.500085303122,1.),
  .UNSPECIFIED.);
#3315 = CARTESIAN_POINT('',(-2.629305434277,-1.910301791152,
    1.873250078571));
#3316 = CARTESIAN_POINT('',(-2.667723821135,-1.857423406276,
    1.869181080471));
#3317 = CARTESIAN_POINT('',(-2.704812885918,-1.803579242922,
    1.865111691215));
#3318 = CARTESIAN_POINT('',(-2.740540232411,-1.748813901333,
    1.861042007683));
#3319 = CARTESIAN_POINT('',(-2.774875783882,-1.693173489868,
    1.85697216141));
#3320 = CARTESIAN_POINT('',(-2.877729011903,-1.516727314032,
    1.844255048666));
#3321 = CARTESIAN_POINT('',(-2.941258215321,-1.393012676992,
    1.835607672817));
#3322 = CARTESIAN_POINT('',(-2.998112265701,-1.266020217096,
    1.826962134996));
#3323 = CARTESIAN_POINT('',(-3.048075494833,-1.136231526316,
    1.818320037145));
#3324 = CARTESIAN_POINT('',(-3.154065135102,-0.809973666003,
    1.796984378151));
#3325 = CARTESIAN_POINT('',(-3.201900250568,-0.610836099511,
    1.784295702903));
#3326 = CARTESIAN_POINT('',(-3.233966287784,-0.408349973215,
    1.771619659699));
#3327 = CARTESIAN_POINT('',(-3.249999546916,-0.204174202489,
    1.75895118914));
#3328 = CARTESIAN_POINT('',(-3.249999999992,-7.212220069608E-06,
    1.746250548651));
#3329 = PCURVE('',#2229,#3330);
#3330 = DEFINITIONAL_REPRESENTATION('',(#3331),#3346);
#3331 = B_SPLINE_CURVE_WITH_KNOTS('',5,(#3332,#3333,#3334,#3335,#3336,
    #3337,#3338,#3339,#3340,#3341,#3342,#3343,#3344,#3345),
  .UNSPECIFIED.,.F.,.F.,(6,4,4,6),(0.,0.160041719163,0.500085303122,1.),
  .UNSPECIFIED.);
#3332 = CARTESIAN_POINT('',(2.,0.599999983128));
#3333 = CARTESIAN_POINT('',(2.000012719413,0.596800022433));
#3334 = CARTESIAN_POINT('',(2.000026419455,0.593600060187));
#3335 = CARTESIAN_POINT('',(2.000040796873,0.590400077909));
#3336 = CARTESIAN_POINT('',(2.000055464312,0.587200058119));
#3337 = CARTESIAN_POINT('',(2.000100729017,0.577200728738));
#3338 = CARTESIAN_POINT('',(2.000130961635,0.570401219069));
#3339 = CARTESIAN_POINT('',(2.00015522914,0.563601292569));
#3340 = CARTESIAN_POINT('',(2.000169256819,0.556800874761));
#3341 = CARTESIAN_POINT('',(2.000170880867,0.540001650784));
#3342 = CARTESIAN_POINT('',(2.000143482847,0.530002006031));
#3343 = CARTESIAN_POINT('',(2.000082487777,0.52000180869));
#3344 = CARTESIAN_POINT('',(2.000000002333,0.51000085832));
#3345 = CARTESIAN_POINT('',(2.,0.500000353269));
#3346 = ( GEOMETRIC_REPRESENTATION_CONTEXT(2) 
PARAMETRIC_REPRESENTATION_CONTEXT() REPRESENTATION_CONTEXT('2D SPACE',''
  ) );
#3347 = PCURVE('',#2347,#3348);
#3348 = DEFINITIONAL_REPRESENTATION('',(#3349),#3364);
#3349 = B_SPLINE_CURVE_WITH_KNOTS('',5,(#3350,#3351,#3352,#3353,#3354,
    #3355,#3356,#3357,#3358,#3359,#3360,#3361,#3362,#3363),
  .UNSPECIFIED.,.F.,.F.,(6,4,4,6),(0.,0.160041719163,0.500085303122,1.),
  .UNSPECIFIED.);
#3350 = CARTESIAN_POINT('',(3.769911078273,1.873250078571));
#3351 = CARTESIAN_POINT('',(3.749799917284,1.869181080471));
#3352 = CARTESIAN_POINT('',(3.729688768117,1.865111691215));
#3353 = CARTESIAN_POINT('',(3.709577628911,1.861042007683));
#3354 = CARTESIAN_POINT('',(3.689466496583,1.85697216141));
#3355 = CARTESIAN_POINT('',(3.626624879587,1.844255048666));
#3356 = CARTESIAN_POINT('',(3.58389431452,1.835607672817));
#3357 = CARTESIAN_POINT('',(3.541163662489,1.826962134996));
#3358 = CARTESIAN_POINT('',(3.498432924873,1.818320037145));
#3359 = CARTESIAN_POINT('',(3.392881458861,1.796984378151));
#3360 = CARTESIAN_POINT('',(3.330058754528,1.784295702903));
#3361 = CARTESIAN_POINT('',(3.267238817213,1.771619659699));
#3362 = CARTESIAN_POINT('',(3.204415485125,1.75895118914));
#3363 = CARTESIAN_POINT('',(3.141594872734,1.746250548651));
#3364 = ( GEOMETRIC_REPRESENTATION_CONTEXT(2) 
PARAMETRIC_REPRESENTATION_CONTEXT() REPRESENTATION_CONTEXT('2D SPACE',''
  ) );
#3365 = ORIENTED_EDGE('',*,*,#3366,.F.);
#3366 = EDGE_CURVE('',#3367,#3311,#3369,.T.);
#3367 = VERTEX_POINT('',#3368);
#3368 = CARTESIAN_POINT('',(-2.629305434266,1.910301791169,
    1.619250121428));
#3369 = SURFACE_CURVE('',#3370,(#3385,#3403),.PCURVE_S1.);
#3370 = B_SPLINE_CURVE_WITH_KNOTS('',5,(#3371,#3372,#3373,#3374,#3375,
    #3376,#3377,#3378,#3379,#3380,#3381,#3382,#3383,#3384),
  .UNSPECIFIED.,.F.,.F.,(6,4,4,6),(0.,0.512001647305,0.815436618753,1.),
  .UNSPECIFIED.);
#3371 = CARTESIAN_POINT('',(-2.629305434268,1.910301791165,
    1.619250121428));
#3372 = CARTESIAN_POINT('',(-2.752215585007,1.741130444125,
    1.632235577236));
#3373 = CARTESIAN_POINT('',(-2.86152338247,1.562068481908,1.645217587184
    ));
#3374 = CARTESIAN_POINT('',(-2.956159044704,1.374589803297,
    1.658199086051));
#3375 = CARTESIAN_POINT('',(-3.035309189221,1.180306295843,
    1.671192031335));
#3376 = CARTESIAN_POINT('',(-3.135828182072,0.862808770926,
    1.691905655603));
#3377 = CARTESIAN_POINT('',(-3.167601453118,0.742880699346,
    1.699618008268));
#3378 = CARTESIAN_POINT('',(-3.19362989813,0.621529275466,1.707335707151
    ));
#3379 = CARTESIAN_POINT('',(-3.213834943826,0.499121170021,
    1.715057281872));
#3380 = CARTESIAN_POINT('',(-3.236894185704,0.301160369178,
    1.727475677294));
#3381 = CARTESIAN_POINT('',(-3.243444778054,0.226037679109,
    1.732172377388));
#3382 = CARTESIAN_POINT('',(-3.247815075517,0.150746108634,
    1.736868163856));
#3383 = CARTESIAN_POINT('',(-3.250000167264,7.536976191064E-02,
    1.741561564167));
#3384 = CARTESIAN_POINT('',(-3.249999999992,-7.212220069584E-06,
    1.746250548651));
#3385 = PCURVE('',#2229,#3386);
#3386 = DEFINITIONAL_REPRESENTATION('',(#3387),#3402);
#3387 = B_SPLINE_CURVE_WITH_KNOTS('',5,(#3388,#3389,#3390,#3391,#3392,
    #3393,#3394,#3395,#3396,#3397,#3398,#3399,#3400,#3401),
  .UNSPECIFIED.,.F.,.F.,(6,4,4,6),(0.,0.512001647305,0.815436618753,1.),
  .UNSPECIFIED.);
#3388 = CARTESIAN_POINT('',(2.,0.400000016871));
#3389 = CARTESIAN_POINT('',(2.000040692624,0.410237501668));
#3390 = CARTESIAN_POINT('',(2.000091186281,0.420475336014));
#3391 = CARTESIAN_POINT('',(2.000143186235,0.430713238651));
#3392 = CARTESIAN_POINT('',(2.000171659691,0.440952802184));
#3393 = CARTESIAN_POINT('',(2.000168806096,0.457261850804));
#3394 = CARTESIAN_POINT('',(2.000157470559,0.463331027083));
#3395 = CARTESIAN_POINT('',(2.000133653922,0.469400512638));
#3396 = CARTESIAN_POINT('',(2.000100824301,0.475470233477));
#3397 = CARTESIAN_POINT('',(2.000048236328,0.485232063847));
#3398 = CARTESIAN_POINT('',(2.000028531539,0.488924095151));
#3399 = CARTESIAN_POINT('',(2.00001122548,0.492616156668));
#3400 = CARTESIAN_POINT('',(1.999999999139,0.496308239233));
#3401 = CARTESIAN_POINT('',(2.,0.500000353269));
#3402 = ( GEOMETRIC_REPRESENTATION_CONTEXT(2) 
PARAMETRIC_REPRESENTATION_CONTEXT() REPRESENTATION_CONTEXT('2D SPACE',''
  ) );
#3403 = PCURVE('',#2347,#3404);
#3404 = DEFINITIONAL_REPRESENTATION('',(#3405),#3420);
#3405 = B_SPLINE_CURVE_WITH_KNOTS('',5,(#3406,#3407,#3408,#3409,#3410,
    #3411,#3412,#3413,#3414,#3415,#3416,#3417,#3418,#3419),
  .UNSPECIFIED.,.F.,.F.,(6,4,4,6),(0.,0.512001647305,0.815436618753,1.),
  .UNSPECIFIED.);
#3406 = CARTESIAN_POINT('',(2.513274228902,1.619250121428));
#3407 = CARTESIAN_POINT('',(2.577614926957,1.632235577236));
#3408 = CARTESIAN_POINT('',(2.641957610036,1.645217587184));
#3409 = CARTESIAN_POINT('',(2.70629676709,1.658199086051));
#3410 = CARTESIAN_POINT('',(2.770639052442,1.671192031335));
#3411 = CARTESIAN_POINT('',(2.873109713275,1.691905655603));
#3412 = CARTESIAN_POINT('',(2.911240363533,1.699618008268));
#3413 = CARTESIAN_POINT('',(2.949370826566,1.707335707151));
#3414 = CARTESIAN_POINT('',(2.987501112688,1.715057281872));
#3415 = CARTESIAN_POINT('',(3.04882397139,1.727475677294));
#3416 = CARTESIAN_POINT('',(3.072016603385,1.732172377388));
#3417 = CARTESIAN_POINT('',(3.095209245636,1.736868163856));
#3418 = CARTESIAN_POINT('',(3.118401957617,1.741561564167));
#3419 = CARTESIAN_POINT('',(3.141594872734,1.746250548651));
#3420 = ( GEOMETRIC_REPRESENTATION_CONTEXT(2) 
PARAMETRIC_REPRESENTATION_CONTEXT() REPRESENTATION_CONTEXT('2D SPACE',''
  ) );
#3421 = ORIENTED_EDGE('',*,*,#3422,.F.);
#3422 = EDGE_CURVE('',#3423,#3367,#3425,.T.);
#3423 = VERTEX_POINT('',#3424);
#3424 = CARTESIAN_POINT('',(-1.011801673661,3.088487878101,
    1.492740649869));
#3425 = SURFACE_CURVE('',#3426,(#3438,#3445),.PCURVE_S1.);
#3426 = ( BOUNDED_CURVE() B_SPLINE_CURVE(6,(#3427,#3428,#3429,#3430,
    #3431,#3432,#3433,#3434,#3435,#3436,#3437),.UNSPECIFIED.,.F.,.F.) 
B_SPLINE_CURVE_WITH_KNOTS((7,4,7),(0.,0.5,1.),.UNSPECIFIED.) CURVE() 
GEOMETRIC_REPRESENTATION_ITEM() RATIONAL_B_SPLINE_CURVE((1.,1.,1.,1.,1.,
1.,1.,1.,1.,1.,1.)) REPRESENTATION_ITEM('') );
#3427 = CARTESIAN_POINT('',(3.25,-4.440892098501E-16,1.1112501));
#3428 = CARTESIAN_POINT('',(3.238523500678,1.701305661014,1.217083433333
    ));
#3429 = CARTESIAN_POINT('',(2.214523266602,3.402611322029,1.322916766657
    ));
#3430 = CARTESIAN_POINT('',(-1.929486448406E-02,4.275126821562,
    1.428750100004));
#3431 = CARTESIAN_POINT('',(-2.185066918343,3.402611322029,
    1.534583433338));
#3432 = CARTESIAN_POINT('',(-4.314933081656,1.433642824056E-13,1.7462501
    ));
#3433 = CARTESIAN_POINT('',(-2.185066918343,-3.402611322029,
    1.957916766663));
#3434 = CARTESIAN_POINT('',(-1.929486448417E-02,-4.275126821562,
    2.063750099996));
#3435 = CARTESIAN_POINT('',(2.214523266602,-3.402611322029,
    2.169583433344));
#3436 = CARTESIAN_POINT('',(3.238523500678,-1.701305661014,
    2.275416766666));
#3437 = CARTESIAN_POINT('',(3.25,-1.557506027574E-15,2.3812501));
#3438 = PCURVE('',#2229,#3439);
#3439 = DEFINITIONAL_REPRESENTATION('',(#3440),#3444);
#3440 = LINE('',#3441,#3442);
#3441 = CARTESIAN_POINT('',(2.,0.));
#3442 = VECTOR('',#3443,1.);
#3443 = DIRECTION('',(0.,1.));
#3444 = ( GEOMETRIC_REPRESENTATION_CONTEXT(2) 
PARAMETRIC_REPRESENTATION_CONTEXT() REPRESENTATION_CONTEXT('2D SPACE',''
  ) );
#3445 = PCURVE('',#3446,#3469);
#3446 = ( BOUNDED_SURFACE() B_SPLINE_SURFACE(1,6,(
    (#3447,#3448,#3449,#3450,#3451,#3452,#3453,#3454,#3455,#3456,#3457)
    ,(#3458,#3459,#3460,#3461,#3462,#3463,#3464,#3465,#3466,#3467,#3468
)),.UNSPECIFIED.,.F.,.F.,.F.) B_SPLINE_SURFACE_WITH_KNOTS((2,2),(7,4,7),
(1.,2.),(0.,0.5,1.),.UNSPECIFIED.) GEOMETRIC_REPRESENTATION_ITEM() 
RATIONAL_B_SPLINE_SURFACE((
    (1.,1.,1.,1.,1.,1.,1.,1.,1.,1.,1.)
,(1.,1.,1.,1.,1.,1.,1.,1.,1.,1.,1.
  ))) REPRESENTATION_ITEM('') SURFACE() );
#3447 = CARTESIAN_POINT('',(3.45,-1.860750302153E-14,1.1112501));
#3448 = CARTESIAN_POINT('',(3.437817254616,1.806001394014,1.217083433333
    ));
#3449 = CARTESIAN_POINT('',(2.350801621348,3.61200278803,1.322916766657)
  );
#3450 = CARTESIAN_POINT('',(-2.048224067563E-02,4.538211548991,
    1.428750100004));
#3451 = CARTESIAN_POINT('',(-2.319532574864,3.612002788029,
    1.534583433338));
#3452 = CARTESIAN_POINT('',(-4.580467425135,-1.406932284806E-13,
    1.7462501));
#3453 = CARTESIAN_POINT('',(-2.319532574864,-3.612002788029,
    1.957916766663));
#3454 = CARTESIAN_POINT('',(-2.048224067566E-02,-4.538211548992,
    2.063750099996));
#3455 = CARTESIAN_POINT('',(2.350801621348,-3.612002788029,
    2.169583433344));
#3456 = CARTESIAN_POINT('',(3.437817254617,-1.806001394015,
    2.275416766666));
#3457 = CARTESIAN_POINT('',(3.45,3.758671528141E-14,2.3812501));
#3458 = CARTESIAN_POINT('',(3.25,-4.440892098501E-16,1.1112501));
#3459 = CARTESIAN_POINT('',(3.238523500678,1.701305661014,1.217083433333
    ));
#3460 = CARTESIAN_POINT('',(2.214523266602,3.402611322029,1.322916766657
    ));
#3461 = CARTESIAN_POINT('',(-1.929486448406E-02,4.275126821562,
    1.428750100004));
#3462 = CARTESIAN_POINT('',(-2.185066918343,3.402611322029,
    1.534583433338));
#3463 = CARTESIAN_POINT('',(-4.314933081656,1.433642824056E-13,1.7462501
    ));
#3464 = CARTESIAN_POINT('',(-2.185066918343,-3.402611322029,
    1.957916766663));
#3465 = CARTESIAN_POINT('',(-1.929486448417E-02,-4.275126821562,
    2.063750099996));
#3466 = CARTESIAN_POINT('',(2.214523266602,-3.402611322029,
    2.169583433344));
#3467 = CARTESIAN_POINT('',(3.238523500678,-1.701305661014,
    2.275416766666));
#3468 = CARTESIAN_POINT('',(3.25,-1.557506027574E-15,2.3812501));
#3469 = DEFINITIONAL_REPRESENTATION('',(#3470),#3474);
#3470 = LINE('',#3471,#3472);
#3471 = CARTESIAN_POINT('',(2.,0.));
#3472 = VECTOR('',#3473,1.);
#3473 = DIRECTION('',(0.,1.));
#3474 = ( GEOMETRIC_REPRESENTATION_CONTEXT(2) 
PARAMETRIC_REPRESENTATION_CONTEXT() REPRESENTATION_CONTEXT('2D SPACE',''
  ) );
#3475 = ORIENTED_EDGE('',*,*,#3476,.F.);
#3476 = EDGE_CURVE('',#3477,#3423,#3479,.T.);
#3477 = VERTEX_POINT('',#3478);
#3478 = CARTESIAN_POINT('',(-1.00432205771,3.090928210816,1.492251200622
    ));
#3479 = SURFACE_CURVE('',#3480,(#3492,#3499),.PCURVE_S1.);
#3480 = ( BOUNDED_CURVE() B_SPLINE_CURVE(6,(#3481,#3482,#3483,#3484,
    #3485,#3486,#3487,#3488,#3489,#3490,#3491),.UNSPECIFIED.,.F.,.F.) 
B_SPLINE_CURVE_WITH_KNOTS((7,4,7),(0.,0.5,1.),.UNSPECIFIED.) CURVE() 
GEOMETRIC_REPRESENTATION_ITEM() RATIONAL_B_SPLINE_CURVE((1.,1.,1.,1.,1.,
1.,1.,1.,1.,1.,1.)) REPRESENTATION_ITEM('') );
#3481 = CARTESIAN_POINT('',(3.25,-4.440892098501E-16,1.1112501));
#3482 = CARTESIAN_POINT('',(3.238523500678,1.701305661014,1.217083433333
    ));
#3483 = CARTESIAN_POINT('',(2.214523266602,3.402611322029,1.322916766657
    ));
#3484 = CARTESIAN_POINT('',(-1.929486448406E-02,4.275126821562,
    1.428750100004));
#3485 = CARTESIAN_POINT('',(-2.185066918343,3.402611322029,
    1.534583433338));
#3486 = CARTESIAN_POINT('',(-4.314933081656,1.433642824056E-13,1.7462501
    ));
#3487 = CARTESIAN_POINT('',(-2.185066918343,-3.402611322029,
    1.957916766663));
#3488 = CARTESIAN_POINT('',(-1.929486448417E-02,-4.275126821562,
    2.063750099996));
#3489 = CARTESIAN_POINT('',(2.214523266602,-3.402611322029,
    2.169583433344));
#3490 = CARTESIAN_POINT('',(3.238523500678,-1.701305661014,
    2.275416766666));
#3491 = CARTESIAN_POINT('',(3.25,-1.557506027574E-15,2.3812501));
#3492 = PCURVE('',#2229,#3493);
#3493 = DEFINITIONAL_REPRESENTATION('',(#3494),#3498);
#3494 = LINE('',#3495,#3496);
#3495 = CARTESIAN_POINT('',(2.,0.));
#3496 = VECTOR('',#3497,1.);
#3497 = DIRECTION('',(0.,1.));
#3498 = ( GEOMETRIC_REPRESENTATION_CONTEXT(2) 
PARAMETRIC_REPRESENTATION_CONTEXT() REPRESENTATION_CONTEXT('2D SPACE',''
  ) );
#3499 = PCURVE('',#2347,#3500);
#3500 = DEFINITIONAL_REPRESENTATION('',(#3501),#3508);
#3501 = B_SPLINE_CURVE_WITH_KNOTS('',5,(#3502,#3503,#3504,#3505,#3506,
    #3507),.UNSPECIFIED.,.F.,.F.,(6,6),(0.30000086663,0.300386259738),
  .PIECEWISE_BEZIER_KNOTS.);
#3502 = CARTESIAN_POINT('',(1.884961035818,1.492251200622));
#3503 = CARTESIAN_POINT('',(1.885445198784,1.492349090471));
#3504 = CARTESIAN_POINT('',(1.885929361789,1.492446980321));
#3505 = CARTESIAN_POINT('',(1.886413524834,1.49254487017));
#3506 = CARTESIAN_POINT('',(1.886897687921,1.492642760019));
#3507 = CARTESIAN_POINT('',(1.887381851051,1.492740649869));
#3508 = ( GEOMETRIC_REPRESENTATION_CONTEXT(2) 
PARAMETRIC_REPRESENTATION_CONTEXT() REPRESENTATION_CONTEXT('2D SPACE',''
  ) );
#3509 = ORIENTED_EDGE('',*,*,#3510,.F.);
#3510 = EDGE_CURVE('',#3511,#3477,#3513,.T.);
#3511 = VERTEX_POINT('',#3512);
#3512 = CARTESIAN_POINT('',(1.004305260719,3.090933668536,1.365250098102
    ));
#3513 = SURFACE_CURVE('',#3514,(#3526,#3533),.PCURVE_S1.);
#3514 = ( BOUNDED_CURVE() B_SPLINE_CURVE(6,(#3515,#3516,#3517,#3518,
    #3519,#3520,#3521,#3522,#3523,#3524,#3525),.UNSPECIFIED.,.F.,.F.) 
B_SPLINE_CURVE_WITH_KNOTS((7,4,7),(0.,0.5,1.),.UNSPECIFIED.) CURVE() 
GEOMETRIC_REPRESENTATION_ITEM() RATIONAL_B_SPLINE_CURVE((1.,1.,1.,1.,1.,
1.,1.,1.,1.,1.,1.)) REPRESENTATION_ITEM('') );
#3515 = CARTESIAN_POINT('',(3.25,-4.440892098501E-16,1.1112501));
#3516 = CARTESIAN_POINT('',(3.238523500678,1.701305661014,1.217083433333
    ));
#3517 = CARTESIAN_POINT('',(2.214523266602,3.402611322029,1.322916766657
    ));
#3518 = CARTESIAN_POINT('',(-1.929486448406E-02,4.275126821562,
    1.428750100004));
#3519 = CARTESIAN_POINT('',(-2.185066918343,3.402611322029,
    1.534583433338));
#3520 = CARTESIAN_POINT('',(-4.314933081656,1.433642824056E-13,1.7462501
    ));
#3521 = CARTESIAN_POINT('',(-2.185066918343,-3.402611322029,
    1.957916766663));
#3522 = CARTESIAN_POINT('',(-1.929486448417E-02,-4.275126821562,
    2.063750099996));
#3523 = CARTESIAN_POINT('',(2.214523266602,-3.402611322029,
    2.169583433344));
#3524 = CARTESIAN_POINT('',(3.238523500678,-1.701305661014,
    2.275416766666));
#3525 = CARTESIAN_POINT('',(3.25,-1.557506027574E-15,2.3812501));
#3526 = PCURVE('',#2229,#3527);
#3527 = DEFINITIONAL_REPRESENTATION('',(#3528),#3532);
#3528 = LINE('',#3529,#3530);
#3529 = CARTESIAN_POINT('',(2.,0.));
#3530 = VECTOR('',#3531,1.);
#3531 = DIRECTION('',(0.,1.));
#3532 = ( GEOMETRIC_REPRESENTATION_CONTEXT(2) 
PARAMETRIC_REPRESENTATION_CONTEXT() REPRESENTATION_CONTEXT('2D SPACE',''
  ) );
#3533 = PCURVE('',#3534,#3557);
#3534 = ( BOUNDED_SURFACE() B_SPLINE_SURFACE(1,6,(
    (#3535,#3536,#3537,#3538,#3539,#3540,#3541,#3542,#3543,#3544,#3545)
    ,(#3546,#3547,#3548,#3549,#3550,#3551,#3552,#3553,#3554,#3555,#3556
)),.UNSPECIFIED.,.F.,.F.,.F.) B_SPLINE_SURFACE_WITH_KNOTS((2,2),(7,4,7),
(1.,2.),(0.,0.5,1.),.UNSPECIFIED.) GEOMETRIC_REPRESENTATION_ITEM() 
RATIONAL_B_SPLINE_SURFACE((
    (1.,1.,1.,1.,1.,1.,1.,1.,1.,1.,1.)
,(1.,1.,1.,1.,1.,1.,1.,1.,1.,1.,1.
  ))) REPRESENTATION_ITEM('') SURFACE() );
#3535 = CARTESIAN_POINT('',(3.45,-1.860750302153E-14,1.1112501));
#3536 = CARTESIAN_POINT('',(3.437817254616,1.806001394014,1.217083433333
    ));
#3537 = CARTESIAN_POINT('',(2.350801621348,3.61200278803,1.322916766657)
  );
#3538 = CARTESIAN_POINT('',(-2.048224067563E-02,4.538211548991,
    1.428750100004));
#3539 = CARTESIAN_POINT('',(-2.319532574864,3.612002788029,
    1.534583433338));
#3540 = CARTESIAN_POINT('',(-4.580467425135,-1.406932284806E-13,
    1.7462501));
#3541 = CARTESIAN_POINT('',(-2.319532574864,-3.612002788029,
    1.957916766663));
#3542 = CARTESIAN_POINT('',(-2.048224067566E-02,-4.538211548992,
    2.063750099996));
#3543 = CARTESIAN_POINT('',(2.350801621348,-3.612002788029,
    2.169583433344));
#3544 = CARTESIAN_POINT('',(3.437817254617,-1.806001394015,
    2.275416766666));
#3545 = CARTESIAN_POINT('',(3.45,3.758671528141E-14,2.3812501));
#3546 = CARTESIAN_POINT('',(3.25,-4.440892098501E-16,1.1112501));
#3547 = CARTESIAN_POINT('',(3.238523500678,1.701305661014,1.217083433333
    ));
#3548 = CARTESIAN_POINT('',(2.214523266602,3.402611322029,1.322916766657
    ));
#3549 = CARTESIAN_POINT('',(-1.929486448406E-02,4.275126821562,
    1.428750100004));
#3550 = CARTESIAN_POINT('',(-2.185066918343,3.402611322029,
    1.534583433338));
#3551 = CARTESIAN_POINT('',(-4.314933081656,1.433642824056E-13,1.7462501
    ));
#3552 = CARTESIAN_POINT('',(-2.185066918343,-3.402611322029,
    1.957916766663));
#3553 = CARTESIAN_POINT('',(-1.929486448417E-02,-4.275126821562,
    2.063750099996));
#3554 = CARTESIAN_POINT('',(2.214523266602,-3.402611322029,
    2.169583433344));
#3555 = CARTESIAN_POINT('',(3.238523500678,-1.701305661014,
    2.275416766666));
#3556 = CARTESIAN_POINT('',(3.25,-1.557506027574E-15,2.3812501));
#3557 = DEFINITIONAL_REPRESENTATION('',(#3558),#3562);
#3558 = LINE('',#3559,#3560);
#3559 = CARTESIAN_POINT('',(2.,0.));
#3560 = VECTOR('',#3561,1.);
#3561 = DIRECTION('',(0.,1.));
#3562 = ( GEOMETRIC_REPRESENTATION_CONTEXT(2) 
PARAMETRIC_REPRESENTATION_CONTEXT() REPRESENTATION_CONTEXT('2D SPACE',''
  ) );
#3563 = ORIENTED_EDGE('',*,*,#3564,.T.);
#3564 = EDGE_CURVE('',#3511,#2972,#3565,.T.);
#3565 = SURFACE_CURVE('',#3566,(#3581,#3599),.PCURVE_S1.);
#3566 = B_SPLINE_CURVE_WITH_KNOTS('',5,(#3567,#3568,#3569,#3570,#3571,
    #3572,#3573,#3574,#3575,#3576,#3577,#3578,#3579,#3580),
  .UNSPECIFIED.,.F.,.F.,(6,4,4,6),(0.,0.300108200229,0.64014244714,1.),
  .UNSPECIFIED.);
#3567 = CARTESIAN_POINT('',(1.004305260723,3.090933668535,1.365250098102
    ));
#3568 = CARTESIAN_POINT('',(1.12087139377,3.053059034785,1.357615399446)
  );
#3569 = CARTESIAN_POINT('',(1.235652181949,3.009689379029,1.349977380636
    ));
#3570 = CARTESIAN_POINT('',(1.348300997639,2.960937484049,1.342336281113
    ));
#3571 = CARTESIAN_POINT('',(1.45848489763,2.906947490612,1.334693201942)
  );
#3572 = CARTESIAN_POINT('',(1.687572683461,2.780986015877,1.318390181027
    ));
#3573 = CARTESIAN_POINT('',(1.805687750688,2.707577155737,1.309730138391
    ));
#3574 = CARTESIAN_POINT('',(1.919765088147,2.627924018291,1.301073094975
    ));
#3575 = CARTESIAN_POINT('',(2.029372229632,2.542328417343,1.29242298125)
  );
#3576 = CARTESIAN_POINT('',(2.244951668923,2.354631941362,1.2746424974)
  );
#3577 = CARTESIAN_POINT('',(2.35034112467,2.251858363167,1.265513353604)
  );
#3578 = CARTESIAN_POINT('',(2.449803072531,2.143230225594,1.256402401806
    ));
#3579 = CARTESIAN_POINT('',(2.542914582032,2.029208594573,1.247314582738
    ));
#3580 = CARTESIAN_POINT('',(2.629305203425,1.910302108893,1.238250102993
    ));
#3581 = PCURVE('',#2229,#3582);
#3582 = DEFINITIONAL_REPRESENTATION('',(#3583),#3598);
#3583 = B_SPLINE_CURVE_WITH_KNOTS('',5,(#3584,#3585,#3586,#3587,#3588,
    #3589,#3590,#3591,#3592,#3593,#3594,#3595,#3596,#3597),
  .UNSPECIFIED.,.F.,.F.,(6,4,4,6),(0.,0.300108200229,0.64014244714,1.),
  .UNSPECIFIED.);
#3584 = CARTESIAN_POINT('',(2.,0.199999998507));
#3585 = CARTESIAN_POINT('',(2.000037244734,0.194000063741));
#3586 = CARTESIAN_POINT('',(2.000083258942,0.188000255142));
#3587 = CARTESIAN_POINT('',(2.000136948059,0.182000419194));
#3588 = CARTESIAN_POINT('',(2.000195021225,0.176000394482));
#3589 = CARTESIAN_POINT('',(2.000316540575,0.163201344936));
#3590 = CARTESIAN_POINT('',(2.000379878496,0.156402206828));
#3591 = CARTESIAN_POINT('',(2.000433342832,0.149602344814));
#3592 = CARTESIAN_POINT('',(2.000466574769,0.142801616625));
#3593 = CARTESIAN_POINT('',(2.000468518056,0.128801842918));
#3594 = CARTESIAN_POINT('',(2.000433593754,0.121602626872));
#3595 = CARTESIAN_POINT('',(2.000349821294,0.114402470184));
#3596 = CARTESIAN_POINT('',(2.000204818167,0.107201393662));
#3597 = CARTESIAN_POINT('',(2.,0.100000002358));
#3598 = ( GEOMETRIC_REPRESENTATION_CONTEXT(2) 
PARAMETRIC_REPRESENTATION_CONTEXT() REPRESENTATION_CONTEXT('2D SPACE',''
  ) );
#3599 = PCURVE('',#2347,#3600);
#3600 = DEFINITIONAL_REPRESENTATION('',(#3601),#3616);
#3601 = B_SPLINE_CURVE_WITH_KNOTS('',5,(#3602,#3603,#3604,#3605,#3606,
    #3607,#3608,#3609,#3610,#3611,#3612,#3613,#3614,#3615),
  .UNSPECIFIED.,.F.,.F.,(6,4,4,6),(0.,0.300108200229,0.64014244714,1.),
  .UNSPECIFIED.);
#3602 = CARTESIAN_POINT('',(1.256637052052,1.365250098102));
#3603 = CARTESIAN_POINT('',(1.218924779468,1.357615399446));
#3604 = CARTESIAN_POINT('',(1.181212577663,1.349977380636));
#3605 = CARTESIAN_POINT('',(1.143500469525,1.342336281113));
#3606 = CARTESIAN_POINT('',(1.105788448604,1.334693201942));
#3607 = CARTESIAN_POINT('',(1.02534735296,1.318390181027));
#3608 = CARTESIAN_POINT('',(0.982618154254,1.309730138391));
#3609 = CARTESIAN_POINT('',(0.939888829856,1.301073094975));
#3610 = CARTESIAN_POINT('',(0.897159300094,1.29242298125));
#3611 = CARTESIAN_POINT('',(0.80920855447,1.2746424974));
#3612 = CARTESIAN_POINT('',(0.763986858943,1.265513353604));
#3613 = CARTESIAN_POINT('',(0.718765164957,1.256402401806));
#3614 = CARTESIAN_POINT('',(0.673542084251,1.247314582738));
#3615 = CARTESIAN_POINT('',(0.628318545529,1.238250102993));
#3616 = ( GEOMETRIC_REPRESENTATION_CONTEXT(2) 
PARAMETRIC_REPRESENTATION_CONTEXT() REPRESENTATION_CONTEXT('2D SPACE',''
  ) );
#3617 = ADVANCED_FACE('',(#3618),#2298,.F.);
#3618 = FACE_BOUND('',#3619,.F.);
#3619 = EDGE_LOOP('',(#3620,#3668,#3669));
#3620 = ORIENTED_EDGE('',*,*,#3621,.F.);
#3621 = EDGE_CURVE('',#2279,#2972,#3622,.T.);
#3622 = SURFACE_CURVE('',#3623,(#3636,#3652),.PCURVE_S1.);
#3623 = B_SPLINE_CURVE_WITH_KNOTS('',6,(#3624,#3625,#3626,#3627,#3628,
    #3629,#3630,#3631,#3632,#3633,#3634,#3635),.UNSPECIFIED.,.F.,.F.,(7,
    5,7),(0.,0.652463417985,1.),.UNSPECIFIED.);
#3624 = CARTESIAN_POINT('',(3.25,-6.800116025829E-16,1.1112501));
#3625 = CARTESIAN_POINT('',(3.25,0.221962752824,1.125057764634));
#3626 = CARTESIAN_POINT('',(3.231808846813,0.4440500228,1.138857899417)
  );
#3627 = CARTESIAN_POINT('',(3.195388926614,0.664273273279,1.152659642677
    ));
#3628 = CARTESIAN_POINT('',(3.141022224004,0.880742846302,1.166465734564
    ));
#3629 = CARTESIAN_POINT('',(3.06921645431,1.091660587008,1.180276456082)
  );
#3630 = CARTESIAN_POINT('',(2.933567142921,1.403807221535,1.2014492068)
  );
#3631 = CARTESIAN_POINT('',(2.881686012148,1.510231059393,1.208808529354
    ));
#3632 = CARTESIAN_POINT('',(2.825179589114,1.614337122731,1.216168568275
    ));
#3633 = CARTESIAN_POINT('',(2.764178574142,1.715875757215,1.223529046187
    ));
#3634 = CARTESIAN_POINT('',(2.698831599822,1.814607236878,1.230889671867
    ));
#3635 = CARTESIAN_POINT('',(2.629305203425,1.910302108894,1.238250102993
    ));
#3636 = PCURVE('',#2298,#3637);
#3637 = DEFINITIONAL_REPRESENTATION('',(#3638),#3651);
#3638 = B_SPLINE_CURVE_WITH_KNOTS('',6,(#3639,#3640,#3641,#3642,#3643,
    #3644,#3645,#3646,#3647,#3648,#3649,#3650),.UNSPECIFIED.,.F.,.F.,(7,
    5,7),(0.,0.652463417985,1.),.UNSPECIFIED.);
#3639 = CARTESIAN_POINT('',(2.,0.));
#3640 = CARTESIAN_POINT('',(1.992513528167,1.087217687716E-02));
#3641 = CARTESIAN_POINT('',(1.989805718345,2.173842473787E-02));
#3642 = CARTESIAN_POINT('',(1.989876528651,3.260593911611E-02));
#3643 = CARTESIAN_POINT('',(1.991265296006,4.347687761002E-02));
#3644 = CARTESIAN_POINT('',(1.993129423824,5.43514614824E-02));
#3645 = CARTESIAN_POINT('',(1.995994231514,7.102291874131E-02));
#3646 = CARTESIAN_POINT('',(1.996991412516,7.681766090989E-02));
#3647 = CARTESIAN_POINT('',(1.997919529191,8.26129671468E-02));
#3648 = CARTESIAN_POINT('',(1.99873912646,8.840861904667E-02));
#3649 = CARTESIAN_POINT('',(1.999433452963,9.420438729852E-02));
#3650 = CARTESIAN_POINT('',(2.,0.100000002358));
#3651 = ( GEOMETRIC_REPRESENTATION_CONTEXT(2) 
PARAMETRIC_REPRESENTATION_CONTEXT() REPRESENTATION_CONTEXT('2D SPACE',''
  ) );
#3652 = PCURVE('',#2347,#3653);
#3653 = DEFINITIONAL_REPRESENTATION('',(#3654),#3667);
#3654 = B_SPLINE_CURVE_WITH_KNOTS('',6,(#3655,#3656,#3657,#3658,#3659,
    #3660,#3661,#3662,#3663,#3664,#3665,#3666),.UNSPECIFIED.,.F.,.F.,(7,
    5,7),(0.,0.652463417985,1.),.UNSPECIFIED.);
#3655 = CARTESIAN_POINT('',(0.,1.1112501));
#3656 = CARTESIAN_POINT('',(6.829623163811E-02,1.125057764634));
#3657 = CARTESIAN_POINT('',(0.136630731125,1.138857899417));
#3658 = CARTESIAN_POINT('',(0.204965364739,1.152659642677));
#3659 = CARTESIAN_POINT('',(0.273294171015,1.166465734564));
#3660 = CARTESIAN_POINT('',(0.341620414523,1.180276456082));
#3661 = CARTESIAN_POINT('',(0.44634264825,1.2014492068));
#3662 = CARTESIAN_POINT('',(0.482737588025,1.208808529354));
#3663 = CARTESIAN_POINT('',(0.519132448949,1.216168568275));
#3664 = CARTESIAN_POINT('',(0.555527529816,1.223529046187));
#3665 = CARTESIAN_POINT('',(0.591923047627,1.230889671867));
#3666 = CARTESIAN_POINT('',(0.628318545529,1.238250102993));
#3667 = ( GEOMETRIC_REPRESENTATION_CONTEXT(2) 
PARAMETRIC_REPRESENTATION_CONTEXT() REPRESENTATION_CONTEXT('2D SPACE',''
  ) );
#3668 = ORIENTED_EDGE('',*,*,#2278,.F.);
#3669 = ORIENTED_EDGE('',*,*,#2971,.T.);
#3670 = ADVANCED_FACE('',(#3671),#2347,.F.);
#3671 = FACE_BOUND('',#3672,.F.);
#3672 = EDGE_LOOP('',(#3673,#3721,#3749,#3822,#3878,#3957,#3991,#4079,
    #4135,#4191,#4279,#4313,#4386,#4421,#4492,#4513,#4514,#4515,#4516,
    #4570,#4571,#4625,#4626,#4627,#4690,#4691,#4745));
#3673 = ORIENTED_EDGE('',*,*,#3674,.F.);
#3674 = EDGE_CURVE('',#3036,#3080,#3675,.T.);
#3675 = SURFACE_CURVE('',#3676,(#3689,#3705),.PCURVE_S1.);
#3676 = B_SPLINE_CURVE_WITH_KNOTS('',6,(#3677,#3678,#3679,#3680,#3681,
    #3682,#3683,#3684,#3685,#3686,#3687,#3688),.UNSPECIFIED.,.F.,.F.,(7,
    5,7),(0.,0.652463418039,1.),.UNSPECIFIED.);
#3677 = CARTESIAN_POINT('',(3.25,-4.662936703426E-15,2.3812501));
#3678 = CARTESIAN_POINT('',(3.25,-0.221962752842,2.367442435365));
#3679 = CARTESIAN_POINT('',(3.23180884681,-0.444050022835,2.353642300581
    ));
#3680 = CARTESIAN_POINT('',(3.195388926605,-0.664273273332,2.33984055732
    ));
#3681 = CARTESIAN_POINT('',(3.141022223986,-0.880742846372,
    2.326034465432));
#3682 = CARTESIAN_POINT('',(3.069216454281,-1.091660587093,
    2.312223743913));
#3683 = CARTESIAN_POINT('',(2.933567142882,-1.403807221614,
    2.291050993194));
#3684 = CARTESIAN_POINT('',(2.881686012115,-1.510231059454,
    2.283691670642));
#3685 = CARTESIAN_POINT('',(2.825179589088,-1.614337122775,
    2.276331631722));
#3686 = CARTESIAN_POINT('',(2.764178574125,-1.715875757242,
    2.268971153811));
#3687 = CARTESIAN_POINT('',(2.698831599814,-1.814607236888,
    2.261610528132));
#3688 = CARTESIAN_POINT('',(2.629305203428,-1.91030210889,2.254250097007
    ));
#3689 = PCURVE('',#2347,#3690);
#3690 = DEFINITIONAL_REPRESENTATION('',(#3691),#3704);
#3691 = B_SPLINE_CURVE_WITH_KNOTS('',6,(#3692,#3693,#3694,#3695,#3696,
    #3697,#3698,#3699,#3700,#3701,#3702,#3703),.UNSPECIFIED.,.F.,.F.,(7,
    5,7),(0.,0.652463418039,1.),.UNSPECIFIED.);
#3692 = CARTESIAN_POINT('',(6.28318530718,2.3812501));
#3693 = CARTESIAN_POINT('',(6.214889075536,2.367442435365));
#3694 = CARTESIAN_POINT('',(6.146554576044,2.353642300581));
#3695 = CARTESIAN_POINT('',(6.078219942424,2.33984055732));
#3696 = CARTESIAN_POINT('',(6.009891136143,2.326034465432));
#3697 = CARTESIAN_POINT('',(5.941564892629,2.312223743913));
#3698 = CARTESIAN_POINT('',(5.836842658902,2.291050993194));
#3699 = CARTESIAN_POINT('',(5.800447719133,2.283691670642));
#3700 = CARTESIAN_POINT('',(5.764052858215,2.276331631722));
#3701 = CARTESIAN_POINT('',(5.727657777353,2.268971153811));
#3702 = CARTESIAN_POINT('',(5.691262259549,2.261610528132));
#3703 = CARTESIAN_POINT('',(5.654866761652,2.254250097007));
#3704 = ( GEOMETRIC_REPRESENTATION_CONTEXT(2) 
PARAMETRIC_REPRESENTATION_CONTEXT() REPRESENTATION_CONTEXT('2D SPACE',''
  ) );
#3705 = PCURVE('',#3103,#3706);
#3706 = DEFINITIONAL_REPRESENTATION('',(#3707),#3720);
#3707 = B_SPLINE_CURVE_WITH_KNOTS('',6,(#3708,#3709,#3710,#3711,#3712,
    #3713,#3714,#3715,#3716,#3717,#3718,#3719),.UNSPECIFIED.,.F.,.F.,(7,
    5,7),(0.,0.652463418039,1.),.UNSPECIFIED.);
#3708 = CARTESIAN_POINT('',(2.,1.));
#3709 = CARTESIAN_POINT('',(1.992513528166,0.989127823122));
#3710 = CARTESIAN_POINT('',(1.989805718345,0.97826157526));
#3711 = CARTESIAN_POINT('',(1.989876528651,0.967394060881));
#3712 = CARTESIAN_POINT('',(1.991265296007,0.956523122387));
#3713 = CARTESIAN_POINT('',(1.993129423825,0.945648538513));
#3714 = CARTESIAN_POINT('',(1.995994231515,0.928977081254));
#3715 = CARTESIAN_POINT('',(1.996991412517,0.923182339087));
#3716 = CARTESIAN_POINT('',(1.997919529191,0.917387032851));
#3717 = CARTESIAN_POINT('',(1.99873912646,0.911591380952));
#3718 = CARTESIAN_POINT('',(1.999433452964,0.905795612701));
#3719 = CARTESIAN_POINT('',(2.,0.899999997642));
#3720 = ( GEOMETRIC_REPRESENTATION_CONTEXT(2) 
PARAMETRIC_REPRESENTATION_CONTEXT() REPRESENTATION_CONTEXT('2D SPACE',''
  ) );
#3721 = ORIENTED_EDGE('',*,*,#3722,.T.);
#3722 = EDGE_CURVE('',#3036,#3723,#3725,.T.);
#3723 = VERTEX_POINT('',#3724);
#3724 = CARTESIAN_POINT('',(3.250000000085,-3.591137292889E-14,2.5400001
    ));
#3725 = SURFACE_CURVE('',#3726,(#3730,#3737),.PCURVE_S1.);
#3726 = LINE('',#3727,#3728);
#3727 = CARTESIAN_POINT('',(3.25,-7.960204194458E-16,0.));
#3728 = VECTOR('',#3729,1.);
#3729 = DIRECTION('',(0.,0.,1.));
#3730 = PCURVE('',#2347,#3731);
#3731 = DEFINITIONAL_REPRESENTATION('',(#3732),#3736);
#3732 = LINE('',#3733,#3734);
#3733 = CARTESIAN_POINT('',(6.28318530718,-0.));
#3734 = VECTOR('',#3735,1.);
#3735 = DIRECTION('',(0.,1.));
#3736 = ( GEOMETRIC_REPRESENTATION_CONTEXT(2) 
PARAMETRIC_REPRESENTATION_CONTEXT() REPRESENTATION_CONTEXT('2D SPACE',''
  ) );
#3737 = PCURVE('',#3738,#3743);
#3738 = CYLINDRICAL_SURFACE('',#3739,3.25);
#3739 = AXIS2_PLACEMENT_3D('',#3740,#3741,#3742);
#3740 = CARTESIAN_POINT('',(0.,0.,0.));
#3741 = DIRECTION('',(0.,0.,1.));
#3742 = DIRECTION('',(1.,0.,-0.));
#3743 = DEFINITIONAL_REPRESENTATION('',(#3744),#3748);
#3744 = LINE('',#3745,#3746);
#3745 = CARTESIAN_POINT('',(0.,-0.));
#3746 = VECTOR('',#3747,1.);
#3747 = DIRECTION('',(0.,1.));
#3748 = ( GEOMETRIC_REPRESENTATION_CONTEXT(2) 
PARAMETRIC_REPRESENTATION_CONTEXT() REPRESENTATION_CONTEXT('2D SPACE',''
  ) );
#3749 = ORIENTED_EDGE('',*,*,#3750,.T.);
#3750 = EDGE_CURVE('',#3723,#3751,#3753,.T.);
#3751 = VERTEX_POINT('',#3752);
#3752 = CARTESIAN_POINT('',(2.629305274442,-1.910302011147,
    2.413000104641));
#3753 = SURFACE_CURVE('',#3754,(#3767,#3783),.PCURVE_S1.);
#3754 = B_SPLINE_CURVE_WITH_KNOTS('',6,(#3755,#3756,#3757,#3758,#3759,
    #3760,#3761,#3762,#3763,#3764,#3765,#3766),.UNSPECIFIED.,.F.,.F.,(7,
    5,7),(0.,0.652463492388,1.),.UNSPECIFIED.);
#3755 = CARTESIAN_POINT('',(3.250000000138,-5.773159728051E-14,2.5400001
    ));
#3756 = CARTESIAN_POINT('',(3.250000000138,-0.22196276469,2.526192434628
    ));
#3757 = CARTESIAN_POINT('',(3.231808844255,-0.444050047624,
    2.512392299041));
#3758 = CARTESIAN_POINT('',(3.195388921271,-0.664273308873,
    2.498590555103));
#3759 = CARTESIAN_POINT('',(3.141022211803,-0.880742893944,
    2.484784462415));
#3760 = CARTESIAN_POINT('',(3.069216434756,-1.091660644484,
    2.470973740187));
#3761 = CARTESIAN_POINT('',(2.93356712434,-1.403807257644,2.449800990736
    ));
#3762 = CARTESIAN_POINT('',(2.88168600663,-1.510231065869,2.4424416702)
  );
#3763 = CARTESIAN_POINT('',(2.825179599203,-1.614337100806,
    2.435081633298));
#3764 = CARTESIAN_POINT('',(2.764178602276,-1.715875708326,
    2.427721157405));
#3765 = CARTESIAN_POINT('',(2.698831648313,-1.814607162655,
    2.420360533745));
#3766 = CARTESIAN_POINT('',(2.62930527444,-1.910302011149,2.413000104641
    ));
#3767 = PCURVE('',#2347,#3768);
#3768 = DEFINITIONAL_REPRESENTATION('',(#3769),#3782);
#3769 = B_SPLINE_CURVE_WITH_KNOTS('',6,(#3770,#3771,#3772,#3773,#3774,
    #3775,#3776,#3777,#3778,#3779,#3780,#3781),.UNSPECIFIED.,.F.,.F.,(7,
    5,7),(0.,0.652463492388,1.),.UNSPECIFIED.);
#3770 = CARTESIAN_POINT('',(6.28318530718,2.5400001));
#3771 = CARTESIAN_POINT('',(6.21488907189,2.526192434628));
#3772 = CARTESIAN_POINT('',(6.146554568414,2.512392299041));
#3773 = CARTESIAN_POINT('',(6.0782199314,2.498590555103));
#3774 = CARTESIAN_POINT('',(6.009891121122,2.484784462415));
#3775 = CARTESIAN_POINT('',(5.941564874039,2.470973740187));
#3776 = CARTESIAN_POINT('',(5.836842646461,2.449800990736));
#3777 = CARTESIAN_POINT('',(5.800447716614,2.4424416702));
#3778 = CARTESIAN_POINT('',(5.76405286562,2.435081633298));
#3779 = CARTESIAN_POINT('',(5.72765779468,2.427721157405));
#3780 = CARTESIAN_POINT('',(5.691262286799,2.420360533745));
#3781 = CARTESIAN_POINT('',(5.654866798825,2.413000104641));
#3782 = ( GEOMETRIC_REPRESENTATION_CONTEXT(2) 
PARAMETRIC_REPRESENTATION_CONTEXT() REPRESENTATION_CONTEXT('2D SPACE',''
  ) );
#3783 = PCURVE('',#3784,#3807);
#3784 = ( BOUNDED_SURFACE() B_SPLINE_SURFACE(1,6,(
    (#3785,#3786,#3787,#3788,#3789,#3790,#3791,#3792,#3793,#3794,#3795)
    ,(#3796,#3797,#3798,#3799,#3800,#3801,#3802,#3803,#3804,#3805,#3806
)),.UNSPECIFIED.,.F.,.F.,.F.) B_SPLINE_SURFACE_WITH_KNOTS((2,2),(7,4,7),
(5.,6.),(0.,0.5,1.),.UNSPECIFIED.) GEOMETRIC_REPRESENTATION_ITEM() 
RATIONAL_B_SPLINE_SURFACE((
    (1.,1.,1.,1.,1.,1.,1.,1.,1.,1.,1.)
,(1.,1.,1.,1.,1.,1.,1.,1.,1.,1.,1.
  ))) REPRESENTATION_ITEM('') SURFACE() );
#3785 = CARTESIAN_POINT('',(3.249999999892,4.075091655001E-14,1.2700001)
  );
#3786 = CARTESIAN_POINT('',(3.23852350057,1.701305661014,1.375833433336)
  );
#3787 = CARTESIAN_POINT('',(2.214523266493,3.402611322016,1.481666766858
    ));
#3788 = CARTESIAN_POINT('',(-1.929486458294E-02,4.275126821522,
    1.587500100638));
#3789 = CARTESIAN_POINT('',(-2.185066918411,3.402611321962,
    1.693333434391));
#3790 = CARTESIAN_POINT('',(-4.314933081641,-9.318757199726E-11,
    1.905000101466));
#3791 = CARTESIAN_POINT('',(-2.185066918245,-3.402611322096,
    2.116666767715));
#3792 = CARTESIAN_POINT('',(-1.929486435454E-02,-4.275126821602,
    2.222500100629));
#3793 = CARTESIAN_POINT('',(2.214523266741,-3.402611322042,
    2.328333433544));
#3794 = CARTESIAN_POINT('',(3.238523500817,-1.701305661014,
    2.434166766669));
#3795 = CARTESIAN_POINT('',(3.250000000138,-5.706746615934E-14,2.5400001
    ));
#3796 = CARTESIAN_POINT('',(3.449999999892,2.48986058487E-12,
    1.270000099961));
#3797 = CARTESIAN_POINT('',(3.437817254507,1.806001394017,1.375833433297
    ));
#3798 = CARTESIAN_POINT('',(2.350801621237,3.612002788019,1.481666766831
    ));
#3799 = CARTESIAN_POINT('',(-2.048224077775E-02,4.538211548951,
    1.587500100638));
#3800 = CARTESIAN_POINT('',(-2.319532574935,3.612002787961,
    1.693333434417));
#3801 = CARTESIAN_POINT('',(-4.58046742512,-9.674735819838E-11,
    1.905000101517));
#3802 = CARTESIAN_POINT('',(-2.319532574764,-3.612002788098,
    2.116666767741));
#3803 = CARTESIAN_POINT('',(-2.048224054279E-02,-4.538211549032,
    2.222500100629));
#3804 = CARTESIAN_POINT('',(2.35080162149,-3.61200278804,2.328333433517)
  );
#3805 = CARTESIAN_POINT('',(3.437817254757,-1.806001394012,2.43416676663
    ));
#3806 = CARTESIAN_POINT('',(3.450000000138,2.449349837281E-12,
    2.540000099961));
#3807 = DEFINITIONAL_REPRESENTATION('',(#3808),#3821);
#3808 = B_SPLINE_CURVE_WITH_KNOTS('',6,(#3809,#3810,#3811,#3812,#3813,
    #3814,#3815,#3816,#3817,#3818,#3819,#3820),.UNSPECIFIED.,.F.,.F.,(7,
    5,7),(0.,0.652463492388,1.),.UNSPECIFIED.);
#3809 = CARTESIAN_POINT('',(5.,1.));
#3810 = CARTESIAN_POINT('',(5.007486472233,0.989127822542));
#3811 = CARTESIAN_POINT('',(5.01019427856,0.978261574045));
#3812 = CARTESIAN_POINT('',(5.01012347344,0.967394059128));
#3813 = CARTESIAN_POINT('',(5.008734701916,0.956523119995));
#3814 = CARTESIAN_POINT('',(5.00687057501,0.945648535552));
#3815 = CARTESIAN_POINT('',(5.004005767511,0.928977079271));
#3816 = CARTESIAN_POINT('',(5.003008586819,0.923182338683));
#3817 = CARTESIAN_POINT('',(5.002080470417,0.917387034026));
#3818 = CARTESIAN_POINT('',(5.001260873353,0.911591383708));
#3819 = CARTESIAN_POINT('',(5.000566546979,0.905795617037));
#3820 = CARTESIAN_POINT('',(5.,0.900000003558));
#3821 = ( GEOMETRIC_REPRESENTATION_CONTEXT(2) 
PARAMETRIC_REPRESENTATION_CONTEXT() REPRESENTATION_CONTEXT('2D SPACE',''
  ) );
#3822 = ORIENTED_EDGE('',*,*,#3823,.F.);
#3823 = EDGE_CURVE('',#3824,#3751,#3826,.T.);
#3824 = VERTEX_POINT('',#3825);
#3825 = CARTESIAN_POINT('',(1.004304961545,-3.090933765744,
    2.286000082768));
#3826 = SURFACE_CURVE('',#3827,(#3842,#3860),.PCURVE_S1.);
#3827 = B_SPLINE_CURVE_WITH_KNOTS('',5,(#3828,#3829,#3830,#3831,#3832,
    #3833,#3834,#3835,#3836,#3837,#3838,#3839,#3840,#3841),
  .UNSPECIFIED.,.F.,.F.,(6,4,4,6),(0.,0.300108136252,0.640142310726,1.),
  .UNSPECIFIED.);
#3828 = CARTESIAN_POINT('',(1.004304961553,-3.090933765741,
    2.286000082769));
#3829 = CARTESIAN_POINT('',(1.12087109827,-3.053059143272,2.293634781398
    ));
#3830 = CARTESIAN_POINT('',(1.23565189065,-3.009689498624,2.301272800181
    ));
#3831 = CARTESIAN_POINT('',(1.348300711062,-2.960937614545,
    2.308913899679));
#3832 = CARTESIAN_POINT('',(1.458484616282,-2.906947631771,
    2.316556978829));
#3833 = CARTESIAN_POINT('',(1.687572414329,-2.780986179194,
    2.332859999705));
#3834 = CARTESIAN_POINT('',(1.805687488681,-2.707577330472,
    2.341520042325));
#3835 = CARTESIAN_POINT('',(1.919764833868,-2.627924204051,
    2.350177085732));
#3836 = CARTESIAN_POINT('',(2.029371983652,-2.542328613694,
    2.358827199455));
#3837 = CARTESIAN_POINT('',(2.244951506767,-2.354632101397,
    2.376607688726));
#3838 = CARTESIAN_POINT('',(2.350341031646,-2.251858468817,
    2.385736837932));
#3839 = CARTESIAN_POINT('',(2.449803041905,-2.143230269594,
    2.394847795123));
#3840 = CARTESIAN_POINT('',(2.542914606303,-2.029208570463,
    2.403935619557));
#3841 = CARTESIAN_POINT('',(2.62930527444,-1.91030201115,2.41300010464)
  );
#3842 = PCURVE('',#2347,#3843);
#3843 = DEFINITIONAL_REPRESENTATION('',(#3844),#3859);
#3844 = B_SPLINE_CURVE_WITH_KNOTS('',5,(#3845,#3846,#3847,#3848,#3849,
    #3850,#3851,#3852,#3853,#3854,#3855,#3856,#3857,#3858),
  .UNSPECIFIED.,.F.,.F.,(6,4,4,6),(0.,0.300108136252,0.640142310726,1.),
  .UNSPECIFIED.);
#3845 = CARTESIAN_POINT('',(5.026548158338,2.286000082769));
#3846 = CARTESIAN_POINT('',(5.064260430923,2.293634781398));
#3847 = CARTESIAN_POINT('',(5.101972632729,2.301272800181));
#3848 = CARTESIAN_POINT('',(5.139684740868,2.308913899679));
#3849 = CARTESIAN_POINT('',(5.177396761791,2.316556978829));
#3850 = CARTESIAN_POINT('',(5.257837857443,2.332859999705));
#3851 = CARTESIAN_POINT('',(5.300567056157,2.341520042325));
#3852 = CARTESIAN_POINT('',(5.343296380562,2.350177085732));
#3853 = CARTESIAN_POINT('',(5.386025910331,2.358827199455));
#3854 = CARTESIAN_POINT('',(5.473976682746,2.376607688726));
#3855 = CARTESIAN_POINT('',(5.519198405056,2.385736837932));
#3856 = CARTESIAN_POINT('',(5.564420125826,2.394847795123));
#3857 = CARTESIAN_POINT('',(5.609643233319,2.403935619557));
#3858 = CARTESIAN_POINT('',(5.654866798825,2.41300010464));
#3859 = ( GEOMETRIC_REPRESENTATION_CONTEXT(2) 
PARAMETRIC_REPRESENTATION_CONTEXT() REPRESENTATION_CONTEXT('2D SPACE',''
  ) );
#3860 = PCURVE('',#2497,#3861);
#3861 = DEFINITIONAL_REPRESENTATION('',(#3862),#3877);
#3862 = B_SPLINE_CURVE_WITH_KNOTS('',5,(#3863,#3864,#3865,#3866,#3867,
    #3868,#3869,#3870,#3871,#3872,#3873,#3874,#3875,#3876),
  .UNSPECIFIED.,.F.,.F.,(6,4,4,6),(0.,0.300108136252,0.640142310726,1.),
  .UNSPECIFIED.);
#3863 = CARTESIAN_POINT('',(5.,0.799999986089));
#3864 = CARTESIAN_POINT('',(4.999962755279,0.805999920855));
#3865 = CARTESIAN_POINT('',(4.999916741083,0.811999729454));
#3866 = CARTESIAN_POINT('',(4.999863051974,0.817999565402));
#3867 = CARTESIAN_POINT('',(4.999804978809,0.823999590114));
#3868 = CARTESIAN_POINT('',(4.999683459445,0.83679863966));
#3869 = CARTESIAN_POINT('',(4.999620121505,0.843597777769));
#3870 = CARTESIAN_POINT('',(4.999566657136,0.850397639782));
#3871 = CARTESIAN_POINT('',(4.999533425151,0.857198367971));
#3872 = CARTESIAN_POINT('',(4.999531481734,0.871198145939));
#3873 = CARTESIAN_POINT('',(4.999566405995,0.878397366248));
#3874 = CARTESIAN_POINT('',(4.999650178464,0.8855975272));
#3875 = CARTESIAN_POINT('',(4.999795181677,0.892798607989));
#3876 = CARTESIAN_POINT('',(5.,0.900000003558));
#3877 = ( GEOMETRIC_REPRESENTATION_CONTEXT(2) 
PARAMETRIC_REPRESENTATION_CONTEXT() REPRESENTATION_CONTEXT('2D SPACE',''
  ) );
#3878 = ORIENTED_EDGE('',*,*,#3879,.T.);
#3879 = EDGE_CURVE('',#3824,#3880,#3882,.T.);
#3880 = VERTEX_POINT('',#3881);
#3881 = CARTESIAN_POINT('',(-1.004287064823,-3.090939580684,
    2.159001289144));
#3882 = SURFACE_CURVE('',#3883,(#3898,#3916),.PCURVE_S1.);
#3883 = B_SPLINE_CURVE_WITH_KNOTS('',5,(#3884,#3885,#3886,#3887,#3888,
    #3889,#3890,#3891,#3892,#3893,#3894,#3895,#3896,#3897),
  .UNSPECIFIED.,.F.,.F.,(6,4,4,6),(0.,0.334941314682,0.694726060225,1.),
  .UNSPECIFIED.);
#3884 = CARTESIAN_POINT('',(1.004304961557,-3.09093376574,2.286000082769
    ));
#3885 = CARTESIAN_POINT('',(0.874208844055,-3.133204544148,
    2.277495712098));
#3886 = CARTESIAN_POINT('',(0.74188806938,-3.168630897968,2.268991119268
    ));
#3887 = CARTESIAN_POINT('',(0.607824854798,-3.197056240341,
    2.260486179639));
#3888 = CARTESIAN_POINT('',(0.472513130065,-3.218375847109,
    2.251980536981));
#3889 = CARTESIAN_POINT('',(0.190309721998,-3.247748866394,
    2.234337080684));
#3890 = CARTESIAN_POINT('',(4.330148989913E-02,-3.254701201034,
    2.22519904267));
#3891 = CARTESIAN_POINT('',(-0.103941905948,-3.253329197802,
    2.216060284879));
#3892 = CARTESIAN_POINT('',(-0.250794738975,-3.243638756412,
    2.206920656687));
#3893 = CARTESIAN_POINT('',(-0.520375492484,-3.210491090757,
    2.190025240944));
#3894 = CARTESIAN_POINT('',(-0.6433888571,-3.189341953463,2.182269525495
    ));
#3895 = CARTESIAN_POINT('',(-0.765292130338,-3.162306011387,
    2.17451354614));
#3896 = CARTESIAN_POINT('',(-0.885712452208,-3.129465955131,
    2.166757457067));
#3897 = CARTESIAN_POINT('',(-1.004285127375,-3.090940210184,
    2.159001415876));
#3898 = PCURVE('',#2347,#3899);
#3899 = DEFINITIONAL_REPRESENTATION('',(#3900),#3915);
#3900 = B_SPLINE_CURVE_WITH_KNOTS('',5,(#3901,#3902,#3903,#3904,#3905,
    #3906,#3907,#3908,#3909,#3910,#3911,#3912,#3913,#3914),
  .UNSPECIFIED.,.F.,.F.,(6,4,4,6),(0.,0.334941314682,0.694726060225,1.),
  .UNSPECIFIED.);
#3901 = CARTESIAN_POINT('',(5.026548158339,2.286000082769));
#3902 = CARTESIAN_POINT('',(4.984458573973,2.277495712098));
#3903 = CARTESIAN_POINT('',(4.942368763784,2.268991119268));
#3904 = CARTESIAN_POINT('',(4.900279391635,2.260486179639));
#3905 = CARTESIAN_POINT('',(4.858189609722,2.251980536981));
#3906 = CARTESIAN_POINT('',(4.770888708442,2.234337080684));
#3907 = CARTESIAN_POINT('',(4.725676992765,2.22519904267));
#3908 = CARTESIAN_POINT('',(4.680465941037,2.216060284879));
#3909 = CARTESIAN_POINT('',(4.635254324948,2.206920656687));
#3910 = CARTESIAN_POINT('',(4.551681701022,2.190025240944));
#3911 = CARTESIAN_POINT('',(4.513320298459,2.182269525495));
#3912 = CARTESIAN_POINT('',(4.474958920862,2.17451354614));
#3913 = CARTESIAN_POINT('',(4.43659758094,2.166757457067));
#3914 = CARTESIAN_POINT('',(4.398236219314,2.159001415876));
#3915 = ( GEOMETRIC_REPRESENTATION_CONTEXT(2) 
PARAMETRIC_REPRESENTATION_CONTEXT() REPRESENTATION_CONTEXT('2D SPACE',''
  ) );
#3916 = PCURVE('',#3917,#3940);
#3917 = ( BOUNDED_SURFACE() B_SPLINE_SURFACE(1,6,(
    (#3918,#3919,#3920,#3921,#3922,#3923,#3924,#3925,#3926,#3927,#3928)
    ,(#3929,#3930,#3931,#3932,#3933,#3934,#3935,#3936,#3937,#3938,#3939
)),.UNSPECIFIED.,.F.,.F.,.F.) B_SPLINE_SURFACE_WITH_KNOTS((2,2),(7,4,7),
(5.,6.),(0.,0.5,1.),.UNSPECIFIED.) GEOMETRIC_REPRESENTATION_ITEM() 
RATIONAL_B_SPLINE_SURFACE((
    (1.,1.,1.,1.,1.,1.,1.,1.,1.,1.,1.)
,(1.,1.,1.,1.,1.,1.,1.,1.,1.,1.,1.
  ))) REPRESENTATION_ITEM('') SURFACE() );
#3918 = CARTESIAN_POINT('',(3.249999999892,4.075091655001E-14,1.2700001)
  );
#3919 = CARTESIAN_POINT('',(3.23852350057,1.701305661014,1.375833433336)
  );
#3920 = CARTESIAN_POINT('',(2.214523266493,3.402611322016,1.481666766858
    ));
#3921 = CARTESIAN_POINT('',(-1.929486458294E-02,4.275126821522,
    1.587500100638));
#3922 = CARTESIAN_POINT('',(-2.185066918411,3.402611321962,
    1.693333434391));
#3923 = CARTESIAN_POINT('',(-4.314933081641,-9.318757199726E-11,
    1.905000101466));
#3924 = CARTESIAN_POINT('',(-2.185066918245,-3.402611322096,
    2.116666767715));
#3925 = CARTESIAN_POINT('',(-1.929486435454E-02,-4.275126821602,
    2.222500100629));
#3926 = CARTESIAN_POINT('',(2.214523266741,-3.402611322042,
    2.328333433544));
#3927 = CARTESIAN_POINT('',(3.238523500817,-1.701305661014,
    2.434166766669));
#3928 = CARTESIAN_POINT('',(3.250000000138,-5.706746615934E-14,2.5400001
    ));
#3929 = CARTESIAN_POINT('',(3.449999999892,2.48986058487E-12,
    1.270000099961));
#3930 = CARTESIAN_POINT('',(3.437817254507,1.806001394017,1.375833433297
    ));
#3931 = CARTESIAN_POINT('',(2.350801621237,3.612002788019,1.481666766831
    ));
#3932 = CARTESIAN_POINT('',(-2.048224077775E-02,4.538211548951,
    1.587500100638));
#3933 = CARTESIAN_POINT('',(-2.319532574935,3.612002787961,
    1.693333434417));
#3934 = CARTESIAN_POINT('',(-4.58046742512,-9.674735819838E-11,
    1.905000101517));
#3935 = CARTESIAN_POINT('',(-2.319532574764,-3.612002788098,
    2.116666767741));
#3936 = CARTESIAN_POINT('',(-2.048224054279E-02,-4.538211549032,
    2.222500100629));
#3937 = CARTESIAN_POINT('',(2.35080162149,-3.61200278804,2.328333433517)
  );
#3938 = CARTESIAN_POINT('',(3.437817254757,-1.806001394012,2.43416676663
    ));
#3939 = CARTESIAN_POINT('',(3.450000000138,2.449349837281E-12,
    2.540000099961));
#3940 = DEFINITIONAL_REPRESENTATION('',(#3941),#3956);
#3941 = B_SPLINE_CURVE_WITH_KNOTS('',5,(#3942,#3943,#3944,#3945,#3946,
    #3947,#3948,#3949,#3950,#3951,#3952,#3953,#3954,#3955),
  .UNSPECIFIED.,.F.,.F.,(6,4,4,6),(0.,0.334941314682,0.694726060225,1.),
  .UNSPECIFIED.);
#3942 = CARTESIAN_POINT('',(5.,0.799999986089));
#3943 = CARTESIAN_POINT('',(5.000142869994,0.79330363121));
#3944 = CARTESIAN_POINT('',(5.000248181655,0.786607101403));
#3945 = CARTESIAN_POINT('',(5.000310388249,0.779910298525));
#3946 = CARTESIAN_POINT('',(5.000335224148,0.773212942081));
#3947 = CARTESIAN_POINT('',(5.00032920358,0.759320456765));
#3948 = CARTESIAN_POINT('',(5.000294046364,0.75212515122));
#3949 = CARTESIAN_POINT('',(5.000238811113,0.744929278921));
#3950 = CARTESIAN_POINT('',(5.000179801448,0.737732721267));
#3951 = CARTESIAN_POINT('',(5.000082817065,0.724429244264));
#3952 = CARTESIAN_POINT('',(5.000042959692,0.718322381687));
#3953 = CARTESIAN_POINT('',(5.000014459279,0.712215311309));
#3954 = CARTESIAN_POINT('',(5.000000349308,0.706108154541));
#3955 = CARTESIAN_POINT('',(5.,0.700001035475));
#3956 = ( GEOMETRIC_REPRESENTATION_CONTEXT(2) 
PARAMETRIC_REPRESENTATION_CONTEXT() REPRESENTATION_CONTEXT('2D SPACE',''
  ) );
#3957 = ORIENTED_EDGE('',*,*,#3958,.F.);
#3958 = EDGE_CURVE('',#3959,#3880,#3961,.T.);
#3959 = VERTEX_POINT('',#3960);
#3960 = CARTESIAN_POINT('',(-1.01183242331,-3.088477804217,
    2.158507537963));
#3961 = SURFACE_CURVE('',#3962,(#3974,#3984),.PCURVE_S1.);
#3962 = ( BOUNDED_CURVE() B_SPLINE_CURVE(6,(#3963,#3964,#3965,#3966,
    #3967,#3968,#3969,#3970,#3971,#3972,#3973),.UNSPECIFIED.,.F.,.F.) 
B_SPLINE_CURVE_WITH_KNOTS((7,4,7),(0.,0.5,1.),.UNSPECIFIED.) CURVE() 
GEOMETRIC_REPRESENTATION_ITEM() RATIONAL_B_SPLINE_CURVE((1.,1.,1.,1.,1.,
1.,1.,1.,1.,1.,1.)) REPRESENTATION_ITEM('') );
#3963 = CARTESIAN_POINT('',(3.249999999892,4.075091655001E-14,1.2700001)
  );
#3964 = CARTESIAN_POINT('',(3.23852350057,1.701305661014,1.375833433336)
  );
#3965 = CARTESIAN_POINT('',(2.214523266493,3.402611322016,1.481666766858
    ));
#3966 = CARTESIAN_POINT('',(-1.929486458294E-02,4.275126821522,
    1.587500100638));
#3967 = CARTESIAN_POINT('',(-2.185066918411,3.402611321962,
    1.693333434391));
#3968 = CARTESIAN_POINT('',(-4.314933081641,-9.318757199726E-11,
    1.905000101466));
#3969 = CARTESIAN_POINT('',(-2.185066918245,-3.402611322096,
    2.116666767715));
#3970 = CARTESIAN_POINT('',(-1.929486435454E-02,-4.275126821602,
    2.222500100629));
#3971 = CARTESIAN_POINT('',(2.214523266741,-3.402611322042,
    2.328333433544));
#3972 = CARTESIAN_POINT('',(3.238523500817,-1.701305661014,
    2.434166766669));
#3973 = CARTESIAN_POINT('',(3.250000000138,-5.706746615934E-14,2.5400001
    ));
#3974 = PCURVE('',#2347,#3975);
#3975 = DEFINITIONAL_REPRESENTATION('',(#3976),#3983);
#3976 = B_SPLINE_CURVE_WITH_KNOTS('',5,(#3977,#3978,#3979,#3980,#3981,
    #3982),.UNSPECIFIED.,.F.,.F.,(6,6),(0.699612155227,0.700000935686),
  .PIECEWISE_BEZIER_KNOTS.);
#3977 = CARTESIAN_POINT('',(4.395793499898,2.158507537963));
#3978 = CARTESIAN_POINT('',(4.396281918503,2.158606288199));
#3979 = CARTESIAN_POINT('',(4.396770337064,2.158705038435));
#3980 = CARTESIAN_POINT('',(4.397258755583,2.158803788672));
#3981 = CARTESIAN_POINT('',(4.39774717406,2.158902538908));
#3982 = CARTESIAN_POINT('',(4.398235592499,2.159001289144));
#3983 = ( GEOMETRIC_REPRESENTATION_CONTEXT(2) 
PARAMETRIC_REPRESENTATION_CONTEXT() REPRESENTATION_CONTEXT('2D SPACE',''
  ) );
#3984 = PCURVE('',#2497,#3985);
#3985 = DEFINITIONAL_REPRESENTATION('',(#3986),#3990);
#3986 = LINE('',#3987,#3988);
#3987 = CARTESIAN_POINT('',(5.,0.));
#3988 = VECTOR('',#3989,1.);
#3989 = DIRECTION('',(0.,1.));
#3990 = ( GEOMETRIC_REPRESENTATION_CONTEXT(2) 
PARAMETRIC_REPRESENTATION_CONTEXT() REPRESENTATION_CONTEXT('2D SPACE',''
  ) );
#3991 = ORIENTED_EDGE('',*,*,#3992,.F.);
#3992 = EDGE_CURVE('',#3993,#3959,#3995,.T.);
#3993 = VERTEX_POINT('',#3994);
#3994 = CARTESIAN_POINT('',(-2.629305472765,-1.910301738178,
    2.032000075632));
#3995 = SURFACE_CURVE('',#3996,(#4014,#4035),.PCURVE_S1.);
#3996 = B_SPLINE_CURVE_WITH_KNOTS('',6,(#3997,#3998,#3999,#4000,#4001,
    #4002,#4003,#4004,#4005,#4006,#4007,#4008,#4009,#4010,#4011,#4012,
    #4013),.UNSPECIFIED.,.F.,.F.,(7,5,5,7),(0.,0.18074657816,
    0.404467200759,1.),.UNSPECIFIED.);
#3997 = CARTESIAN_POINT('',(-2.629305472771,-1.91030173817,
    2.032000075632));
#3998 = CARTESIAN_POINT('',(-2.59328813848,-1.959875359067,
    2.035810039153));
#3999 = CARTESIAN_POINT('',(-2.556149178952,-2.008634104676,
    2.039619999329));
#4000 = CARTESIAN_POINT('',(-2.517911674578,-2.056546209563,
    2.043429972303));
#4001 = CARTESIAN_POINT('',(-2.478599851419,-2.103580843928,
    2.047239973422));
#4002 = CARTESIAN_POINT('',(-2.43823908121,-2.149708113613,
    2.051050017238));
#4003 = CARTESIAN_POINT('',(-2.345633471894,-2.250834540505,
    2.059576101703));
#4004 = CARTESIAN_POINT('',(-2.292844569248,-2.305335619639,
    2.064292174765));
#4005 = CARTESIAN_POINT('',(-2.23853950769,-2.358347338922,
    2.069008362007));
#4006 = CARTESIAN_POINT('',(-2.182771012639,-2.409817260303,
    2.073724683486));
#4007 = CARTESIAN_POINT('',(-2.125594200658,-2.459695466255,
    2.078441154004));
#4008 = CARTESIAN_POINT('',(-1.911269059845,-2.636344547463,
    2.095713207373));
#4009 = CARTESIAN_POINT('',(-1.745892457296,-2.753145854277,
    2.108270315772));
#4010 = CARTESIAN_POINT('',(-1.572032407377,-2.857432433608,
    2.12082814031));
#4011 = CARTESIAN_POINT('',(-1.390877633087,-2.948459200269,
    2.133387182633));
#4012 = CARTESIAN_POINT('',(-1.203693776946,-3.025621099168,2.1459475575
    ));
#4013 = CARTESIAN_POINT('',(-1.01183242331,-3.088477804217,
    2.158507537963));
#4014 = PCURVE('',#2347,#4015);
#4015 = DEFINITIONAL_REPRESENTATION('',(#4016),#4034);
#4016 = B_SPLINE_CURVE_WITH_KNOTS('',6,(#4017,#4018,#4019,#4020,#4021,
    #4022,#4023,#4024,#4025,#4026,#4027,#4028,#4029,#4030,#4031,#4032,
    #4033),.UNSPECIFIED.,.F.,.F.,(7,5,5,7),(0.,0.18074657816,
    0.404467200759,1.),.UNSPECIFIED.);
#4017 = CARTESIAN_POINT('',(3.769911058122,2.032000075632));
#4018 = CARTESIAN_POINT('',(3.788765322646,2.035810039153));
#4019 = CARTESIAN_POINT('',(3.807619590218,2.039619999329));
#4020 = CARTESIAN_POINT('',(3.826473858997,2.043429972303));
#4021 = CARTESIAN_POINT('',(3.845328127112,2.047239973422));
#4022 = CARTESIAN_POINT('',(3.864182392659,2.051050017238));
#4023 = CARTESIAN_POINT('',(3.906373676532,2.059576101703));
#4024 = CARTESIAN_POINT('',(3.929710706872,2.064292174765));
#4025 = CARTESIAN_POINT('',(3.953047736922,2.069008362007));
#4026 = CARTESIAN_POINT('',(3.976384758743,2.073724683486));
#4027 = CARTESIAN_POINT('',(3.999721764264,2.078441154004));
#4028 = CARTESIAN_POINT('',(4.085180589327,2.095713207373));
#4029 = CARTESIAN_POINT('',(4.147305042785,2.108270315772));
#4030 = CARTESIAN_POINT('',(4.20942632665,2.12082814031));
#4031 = CARTESIAN_POINT('',(4.271547550018,2.133387182633));
#4032 = CARTESIAN_POINT('',(4.333671844571,2.1459475575));
#4033 = CARTESIAN_POINT('',(4.395793499898,2.158507537963));
#4034 = ( GEOMETRIC_REPRESENTATION_CONTEXT(2) 
PARAMETRIC_REPRESENTATION_CONTEXT() REPRESENTATION_CONTEXT('2D SPACE',''
  ) );
#4035 = PCURVE('',#4036,#4059);
#4036 = ( BOUNDED_SURFACE() B_SPLINE_SURFACE(1,6,(
    (#4037,#4038,#4039,#4040,#4041,#4042,#4043,#4044,#4045,#4046,#4047)
    ,(#4048,#4049,#4050,#4051,#4052,#4053,#4054,#4055,#4056,#4057,#4058
)),.UNSPECIFIED.,.F.,.F.,.F.) B_SPLINE_SURFACE_WITH_KNOTS((2,2),(7,4,7),
(5.,6.),(0.,0.5,1.),.UNSPECIFIED.) GEOMETRIC_REPRESENTATION_ITEM() 
RATIONAL_B_SPLINE_SURFACE((
    (1.,1.,1.,1.,1.,1.,1.,1.,1.,1.,1.)
,(1.,1.,1.,1.,1.,1.,1.,1.,1.,1.,1.
  ))) REPRESENTATION_ITEM('') SURFACE() );
#4037 = CARTESIAN_POINT('',(3.249999999892,4.075091655001E-14,1.2700001)
  );
#4038 = CARTESIAN_POINT('',(3.23852350057,1.701305661014,1.375833433336)
  );
#4039 = CARTESIAN_POINT('',(2.214523266493,3.402611322016,1.481666766858
    ));
#4040 = CARTESIAN_POINT('',(-1.929486458294E-02,4.275126821522,
    1.587500100638));
#4041 = CARTESIAN_POINT('',(-2.185066918411,3.402611321962,
    1.693333434391));
#4042 = CARTESIAN_POINT('',(-4.314933081641,-9.318757199726E-11,
    1.905000101466));
#4043 = CARTESIAN_POINT('',(-2.185066918245,-3.402611322096,
    2.116666767715));
#4044 = CARTESIAN_POINT('',(-1.929486435454E-02,-4.275126821602,
    2.222500100629));
#4045 = CARTESIAN_POINT('',(2.214523266741,-3.402611322042,
    2.328333433544));
#4046 = CARTESIAN_POINT('',(3.238523500817,-1.701305661014,
    2.434166766669));
#4047 = CARTESIAN_POINT('',(3.250000000138,-5.706746615934E-14,2.5400001
    ));
#4048 = CARTESIAN_POINT('',(3.449999999892,2.48986058487E-12,
    1.270000099961));
#4049 = CARTESIAN_POINT('',(3.437817254507,1.806001394017,1.375833433297
    ));
#4050 = CARTESIAN_POINT('',(2.350801621237,3.612002788019,1.481666766831
    ));
#4051 = CARTESIAN_POINT('',(-2.048224077775E-02,4.538211548951,
    1.587500100638));
#4052 = CARTESIAN_POINT('',(-2.319532574935,3.612002787961,
    1.693333434417));
#4053 = CARTESIAN_POINT('',(-4.58046742512,-9.674735819838E-11,
    1.905000101517));
#4054 = CARTESIAN_POINT('',(-2.319532574764,-3.612002788098,
    2.116666767741));
#4055 = CARTESIAN_POINT('',(-2.048224054279E-02,-4.538211549032,
    2.222500100629));
#4056 = CARTESIAN_POINT('',(2.35080162149,-3.61200278804,2.328333433517)
  );
#4057 = CARTESIAN_POINT('',(3.437817254757,-1.806001394012,2.43416676663
    ));
#4058 = CARTESIAN_POINT('',(3.450000000138,2.449349837281E-12,
    2.540000099961));
#4059 = DEFINITIONAL_REPRESENTATION('',(#4060),#4078);
#4060 = B_SPLINE_CURVE_WITH_KNOTS('',6,(#4061,#4062,#4063,#4064,#4065,
    #4066,#4067,#4068,#4069,#4070,#4071,#4072,#4073,#4074,#4075,#4076,
    #4077),.UNSPECIFIED.,.F.,.F.,(7,5,5,7),(0.,0.18074657816,
    0.404467200759,1.),.UNSPECIFIED.);
#4061 = CARTESIAN_POINT('',(5.,0.599999979917));
#4062 = CARTESIAN_POINT('',(5.000040984902,0.602999951199));
#4063 = CARTESIAN_POINT('',(5.000079133607,0.605999919848));
#4064 = CARTESIAN_POINT('',(5.000113719708,0.608999898573));
#4065 = CARTESIAN_POINT('',(5.000144218346,0.61199989946));
#4066 = CARTESIAN_POINT('',(5.000170306214,0.614999933967));
#4067 = CARTESIAN_POINT('',(5.000218541871,0.621713386316));
#4068 = CARTESIAN_POINT('',(5.000238259139,0.62542682968));
#4069 = CARTESIAN_POINT('',(5.000250833784,0.629140362949));
#4070 = CARTESIAN_POINT('',(5.000256466767,0.632854001918));
#4071 = CARTESIAN_POINT('',(5.000255739589,0.63656775824));
#4072 = CARTESIAN_POINT('',(5.000233309057,0.650167800296));
#4073 = CARTESIAN_POINT('',(5.000178656402,0.660055287249));
#4074 = CARTESIAN_POINT('',(5.000102224645,0.669943338093));
#4075 = CARTESIAN_POINT('',(5.000035559231,0.679832347823));
#4076 = CARTESIAN_POINT('',(5.000000565249,0.689722406802));
#4077 = CARTESIAN_POINT('',(5.,0.699612155227));
#4078 = ( GEOMETRIC_REPRESENTATION_CONTEXT(2) 
PARAMETRIC_REPRESENTATION_CONTEXT() REPRESENTATION_CONTEXT('2D SPACE',''
  ) );
#4079 = ORIENTED_EDGE('',*,*,#4080,.T.);
#4080 = EDGE_CURVE('',#3993,#4081,#4083,.T.);
#4081 = VERTEX_POINT('',#4082);
#4082 = CARTESIAN_POINT('',(-3.24999999585,1.642217540462E-04,
    1.904989885491));
#4083 = SURFACE_CURVE('',#4084,(#4099,#4117),.PCURVE_S1.);
#4084 = B_SPLINE_CURVE_WITH_KNOTS('',5,(#4085,#4086,#4087,#4088,#4089,
    #4090,#4091,#4092,#4093,#4094,#4095,#4096,#4097,#4098),
  .UNSPECIFIED.,.F.,.F.,(6,4,4,6),(0.,0.511961382723,0.815373563046,1.),
  .UNSPECIFIED.);
#4085 = CARTESIAN_POINT('',(-2.629305472766,-1.910301738178,
    2.032000075632));
#4086 = CARTESIAN_POINT('',(-2.752215639619,-1.741130361789,
    2.019014617786));
#4087 = CARTESIAN_POINT('',(-2.861523448676,-1.562068367353,
    2.006032605797));
#4088 = CARTESIAN_POINT('',(-2.956159117503,-1.374589654382,
    1.993051104884));
#4089 = CARTESIAN_POINT('',(-3.035309263297,-1.180306111232,
    1.980058157544));
#4090 = CARTESIAN_POINT('',(-3.13582838158,-0.862808111511,
    1.959344502767));
#4091 = CARTESIAN_POINT('',(-3.16760174055,-0.742879588529,
    1.951632121626));
#4092 = CARTESIAN_POINT('',(-3.193630230565,-0.621527704481,
    1.94391439422));
#4093 = CARTESIAN_POINT('',(-3.213835277631,-0.499119134194,
    1.936192790959));
#4094 = CARTESIAN_POINT('',(-3.236898086084,-0.301126379916,
    1.923772392173));
#4095 = CARTESIAN_POINT('',(-3.243450461621,-0.225971989056,
    1.919073717134));
#4096 = CARTESIAN_POINT('',(-3.247820704077,-0.15064861448,
    1.914375956985));
#4097 = CARTESIAN_POINT('',(-3.250003898492,-7.524046577562E-02,
    1.909680586319));
#4098 = CARTESIAN_POINT('',(-3.249999995647,1.682067423683E-04,
    1.904989637597));
#4099 = PCURVE('',#2347,#4100);
#4100 = DEFINITIONAL_REPRESENTATION('',(#4101),#4116);
#4101 = B_SPLINE_CURVE_WITH_KNOTS('',5,(#4102,#4103,#4104,#4105,#4106,
    #4107,#4108,#4109,#4110,#4111,#4112,#4113,#4114,#4115),
  .UNSPECIFIED.,.F.,.F.,(6,4,4,6),(0.,0.511961382723,0.815373563046,1.),
  .UNSPECIFIED.);
#4102 = CARTESIAN_POINT('',(3.769911058125,2.032000075632));
#4103 = CARTESIAN_POINT('',(3.70557034985,2.019014617786));
#4104 = CARTESIAN_POINT('',(3.641227656549,2.006032605797));
#4105 = CARTESIAN_POINT('',(3.576888489277,1.993051104884));
#4106 = CARTESIAN_POINT('',(3.512546193704,1.980058157544));
#4107 = CARTESIAN_POINT('',(3.410075381942,1.959344502767));
#4108 = CARTESIAN_POINT('',(3.371944590976,1.951632121626));
#4109 = CARTESIAN_POINT('',(3.333813987235,1.94391439422));
#4110 = CARTESIAN_POINT('',(3.295683560407,1.936192790959));
#4111 = CARTESIAN_POINT('',(3.234350808937,1.923772392173));
#4112 = CARTESIAN_POINT('',(3.211148424372,1.919073717134));
#4113 = CARTESIAN_POINT('',(3.187946030049,1.914375956985));
#4114 = CARTESIAN_POINT('',(3.164743566167,1.909680586319));
#4115 = CARTESIAN_POINT('',(3.141540897669,1.904989637597));
#4116 = ( GEOMETRIC_REPRESENTATION_CONTEXT(2) 
PARAMETRIC_REPRESENTATION_CONTEXT() REPRESENTATION_CONTEXT('2D SPACE',''
  ) );
#4117 = PCURVE('',#2497,#4118);
#4118 = DEFINITIONAL_REPRESENTATION('',(#4119),#4134);
#4119 = B_SPLINE_CURVE_WITH_KNOTS('',5,(#4120,#4121,#4122,#4123,#4124,
    #4125,#4126,#4127,#4128,#4129,#4130,#4131,#4132,#4133),
  .UNSPECIFIED.,.F.,.F.,(6,4,4,6),(0.,0.511961382723,0.815373563046,1.),
  .UNSPECIFIED.);
#4120 = CARTESIAN_POINT('',(5.,0.599999979918));
#4121 = CARTESIAN_POINT('',(4.99995930737,0.589762493494));
#4122 = CARTESIAN_POINT('',(4.999908813704,0.579524657522));
#4123 = CARTESIAN_POINT('',(4.999856813745,0.569286753259));
#4124 = CARTESIAN_POINT('',(4.999828340304,0.559047188099));
#4125 = CARTESIAN_POINT('',(4.999831193947,0.542738115455));
#4126 = CARTESIAN_POINT('',(4.999842529577,0.536668916779));
#4127 = CARTESIAN_POINT('',(4.999866346413,0.530599408823));
#4128 = CARTESIAN_POINT('',(4.999899176271,0.524529665582));
#4129 = CARTESIAN_POINT('',(4.999951772717,0.514766260404));
#4130 = CARTESIAN_POINT('',(4.999971485636,0.511072676565));
#4131 = CARTESIAN_POINT('',(4.999988796858,0.507379062582));
#4132 = CARTESIAN_POINT('',(5.000000020094,0.503685427587));
#4133 = CARTESIAN_POINT('',(5.,0.499991760895));
#4134 = ( GEOMETRIC_REPRESENTATION_CONTEXT(2) 
PARAMETRIC_REPRESENTATION_CONTEXT() REPRESENTATION_CONTEXT('2D SPACE',''
  ) );
#4135 = ORIENTED_EDGE('',*,*,#4136,.F.);
#4136 = EDGE_CURVE('',#4137,#4081,#4139,.T.);
#4137 = VERTEX_POINT('',#4138);
#4138 = CARTESIAN_POINT('',(-2.629305505048,1.910301693745,1.77800013005
    ));
#4139 = SURFACE_CURVE('',#4140,(#4155,#4173),.PCURVE_S1.);
#4140 = B_SPLINE_CURVE_WITH_KNOTS('',5,(#4141,#4142,#4143,#4144,#4145,
    #4146,#4147,#4148,#4149,#4150,#4151,#4152,#4153,#4154),
  .UNSPECIFIED.,.F.,.F.,(6,4,4,6),(0.,0.160054346779,0.500124760854,1.),
  .UNSPECIFIED.);
#4141 = CARTESIAN_POINT('',(-2.629305505057,1.910301693732,
    1.778000130051));
#4142 = CARTESIAN_POINT('',(-2.667723889955,1.857423307434,
    1.782069128159));
#4143 = CARTESIAN_POINT('',(-2.704812952742,1.803579142706,
    1.786138517423));
#4144 = CARTESIAN_POINT('',(-2.740540297206,1.748813799795,
    1.790208200961));
#4145 = CARTESIAN_POINT('',(-2.774875846614,1.693173387058,
    1.794278047242));
#4146 = CARTESIAN_POINT('',(-2.877729068095,1.516727207417,
    1.806995160005));
#4147 = CARTESIAN_POINT('',(-2.941258266927,1.393012568029,
    1.815642535866));
#4148 = CARTESIAN_POINT('',(-2.9981123126,1.266020106032,1.824288073695)
  );
#4149 = CARTESIAN_POINT('',(-3.048075536922,1.136231413406,
    1.832930171552));
#4150 = CARTESIAN_POINT('',(-3.154055209687,0.810004193994,
    1.854263826538));
#4151 = CARTESIAN_POINT('',(-3.201885173226,0.610898840081,
    1.866950500563));
#4152 = CARTESIAN_POINT('',(-3.233951119379,0.40844572575,1.879624547141
    ));
#4153 = CARTESIAN_POINT('',(-3.249989430464,0.204302974398,1.89229102223
    ));
#4154 = CARTESIAN_POINT('',(-3.249999995647,1.682067423683E-04,
    1.904989637597));
#4155 = PCURVE('',#2347,#4156);
#4156 = DEFINITIONAL_REPRESENTATION('',(#4157),#4172);
#4157 = B_SPLINE_CURVE_WITH_KNOTS('',5,(#4158,#4159,#4160,#4161,#4162,
    #4163,#4164,#4165,#4166,#4167,#4168,#4169,#4170,#4171),
  .UNSPECIFIED.,.F.,.F.,(6,4,4,6),(0.,0.160054346779,0.500124760854,1.),
  .UNSPECIFIED.);
#4158 = CARTESIAN_POINT('',(2.513274265958,1.778000130051));
#4159 = CARTESIAN_POINT('',(2.533385426946,1.782069128159));
#4160 = CARTESIAN_POINT('',(2.553496576113,1.786138517423));
#4161 = CARTESIAN_POINT('',(2.57360771532,1.790208200961));
#4162 = CARTESIAN_POINT('',(2.593718847647,1.794278047242));
#4163 = CARTESIAN_POINT('',(2.656560464641,1.806995160005));
#4164 = CARTESIAN_POINT('',(2.699291029706,1.815642535866));
#4165 = CARTESIAN_POINT('',(2.742021681736,1.824288073695));
#4166 = CARTESIAN_POINT('',(2.784752419349,1.832930171552));
#4167 = CARTESIAN_POINT('',(2.890293971098,1.854263826538));
#4168 = CARTESIAN_POINT('',(2.953106759216,1.866950500563));
#4169 = CARTESIAN_POINT('',(3.015916783203,1.879624547141));
#4170 = CARTESIAN_POINT('',(3.078730199845,1.89229102223));
#4171 = CARTESIAN_POINT('',(3.141540897669,1.904989637597));
#4172 = ( GEOMETRIC_REPRESENTATION_CONTEXT(2) 
PARAMETRIC_REPRESENTATION_CONTEXT() REPRESENTATION_CONTEXT('2D SPACE',''
  ) );
#4173 = PCURVE('',#2497,#4174);
#4174 = DEFINITIONAL_REPRESENTATION('',(#4175),#4190);
#4175 = B_SPLINE_CURVE_WITH_KNOTS('',5,(#4176,#4177,#4178,#4179,#4180,
    #4181,#4182,#4183,#4184,#4185,#4186,#4187,#4188,#4189),
  .UNSPECIFIED.,.F.,.F.,(6,4,4,6),(0.,0.160054346779,0.500124760854,1.),
  .UNSPECIFIED.);
#4176 = CARTESIAN_POINT('',(5.,0.400000022763));
#4177 = CARTESIAN_POINT('',(4.999987280585,0.403199983459));
#4178 = CARTESIAN_POINT('',(4.999973580542,0.406399945704));
#4179 = CARTESIAN_POINT('',(4.999959203124,0.409599927983));
#4180 = CARTESIAN_POINT('',(4.999944535684,0.412799947773));
#4181 = CARTESIAN_POINT('',(4.999899270979,0.422799277154));
#4182 = CARTESIAN_POINT('',(4.999869038364,0.429598786823));
#4183 = CARTESIAN_POINT('',(4.999844770865,0.436398713322));
#4184 = CARTESIAN_POINT('',(4.999830743193,0.44319913113));
#4185 = CARTESIAN_POINT('',(4.99982911932,0.459996777186));
#4186 = CARTESIAN_POINT('',(4.9998565085,0.469994843404));
#4187 = CARTESIAN_POINT('',(4.999917483509,0.479993462324));
#4188 = CARTESIAN_POINT('',(4.999999945604,0.489992834159));
#4189 = CARTESIAN_POINT('',(5.,0.499991760895));
#4190 = ( GEOMETRIC_REPRESENTATION_CONTEXT(2) 
PARAMETRIC_REPRESENTATION_CONTEXT() REPRESENTATION_CONTEXT('2D SPACE',''
  ) );
#4191 = ORIENTED_EDGE('',*,*,#4192,.T.);
#4192 = EDGE_CURVE('',#4137,#4193,#4195,.T.);
#4193 = VERTEX_POINT('',#4194);
#4194 = CARTESIAN_POINT('',(-1.011754170768,3.088503439845,
    1.651487540986));
#4195 = SURFACE_CURVE('',#4196,(#4214,#4235),.PCURVE_S1.);
#4196 = B_SPLINE_CURVE_WITH_KNOTS('',6,(#4197,#4198,#4199,#4200,#4201,
    #4202,#4203,#4204,#4205,#4206,#4207,#4208,#4209,#4210,#4211,#4212,
    #4213),.UNSPECIFIED.,.F.,.F.,(7,5,5,7),(0.,0.180739257102,
    0.404454374504,1.),.UNSPECIFIED.);
#4197 = CARTESIAN_POINT('',(-2.629305505053,1.910301693738,1.77800013005
    ));
#4198 = CARTESIAN_POINT('',(-2.5932881716,1.959875315243,1.774190166515)
  );
#4199 = CARTESIAN_POINT('',(-2.556149212896,2.00863406148,1.770380206324
    ));
#4200 = CARTESIAN_POINT('',(-2.517911709332,2.056546167012,
    1.766570233336));
#4201 = CARTESIAN_POINT('',(-2.478599886968,2.103580802042,
    1.762760232202));
#4202 = CARTESIAN_POINT('',(-2.438239117539,2.149708072408,1.75895018837
    ));
#4203 = CARTESIAN_POINT('',(-2.345632695613,2.250835390111,
    1.750424028896));
#4204 = CARTESIAN_POINT('',(-2.292842929752,2.305337313784,
    1.745707880837));
#4205 = CARTESIAN_POINT('',(-2.238536957551,2.358349829399,
    1.740991618593));
#4206 = CARTESIAN_POINT('',(-2.182767506984,2.40982049644,1.736275222107
    ));
#4207 = CARTESIAN_POINT('',(-2.12558969731,2.459699395085,1.731558676576
    ));
#4208 = CARTESIAN_POINT('',(-1.911253569368,2.636356736847,
    1.714285769096));
#4209 = CARTESIAN_POINT('',(-1.745865852088,2.753164206195,
    1.701727881262));
#4210 = CARTESIAN_POINT('',(-1.571993730786,2.857455319014,
    1.689169277315));
#4211 = CARTESIAN_POINT('',(-1.390826158113,2.948484864387,
    1.676609455476));
#4212 = CARTESIAN_POINT('',(-1.203629021971,3.025647696035,
    1.664048300913));
#4213 = CARTESIAN_POINT('',(-1.011754170768,3.088503439845,
    1.651487540986));
#4214 = PCURVE('',#2347,#4215);
#4215 = DEFINITIONAL_REPRESENTATION('',(#4216),#4234);
#4216 = B_SPLINE_CURVE_WITH_KNOTS('',6,(#4217,#4218,#4219,#4220,#4221,
    #4222,#4223,#4224,#4225,#4226,#4227,#4228,#4229,#4230,#4231,#4232,
    #4233),.UNSPECIFIED.,.F.,.F.,(7,5,5,7),(0.,0.180739257102,
    0.404454374504,1.),.UNSPECIFIED.);
#4217 = CARTESIAN_POINT('',(2.513274265956,1.77800013005));
#4218 = CARTESIAN_POINT('',(2.494420001433,1.774190166515));
#4219 = CARTESIAN_POINT('',(2.475565733861,1.770380206324));
#4220 = CARTESIAN_POINT('',(2.456711465082,1.766570233336));
#4221 = CARTESIAN_POINT('',(2.437857196967,1.762760232202));
#4222 = CARTESIAN_POINT('',(2.41900293142,1.75895018837));
#4223 = CARTESIAN_POINT('',(2.376811276542,1.750424028896));
#4224 = CARTESIAN_POINT('',(2.353473875193,1.745707880837));
#4225 = CARTESIAN_POINT('',(2.330136474136,1.740991618593));
#4226 = CARTESIAN_POINT('',(2.30679908131,1.736275222107));
#4227 = CARTESIAN_POINT('',(2.283461704785,1.731558676576));
#4228 = CARTESIAN_POINT('',(2.197998654385,1.714285769096));
#4229 = CARTESIAN_POINT('',(2.13587034565,1.701727881262));
#4230 = CARTESIAN_POINT('',(2.07374520755,1.689169277315));
#4231 = CARTESIAN_POINT('',(2.01162013006,1.676609455476));
#4232 = CARTESIAN_POINT('',(1.949491980415,1.664048300913));
#4233 = CARTESIAN_POINT('',(1.887366470459,1.651487540986));
#4234 = ( GEOMETRIC_REPRESENTATION_CONTEXT(2) 
PARAMETRIC_REPRESENTATION_CONTEXT() REPRESENTATION_CONTEXT('2D SPACE',''
  ) );
#4235 = PCURVE('',#4236,#4259);
#4236 = ( BOUNDED_SURFACE() B_SPLINE_SURFACE(1,6,(
    (#4237,#4238,#4239,#4240,#4241,#4242,#4243,#4244,#4245,#4246,#4247)
    ,(#4248,#4249,#4250,#4251,#4252,#4253,#4254,#4255,#4256,#4257,#4258
)),.UNSPECIFIED.,.F.,.F.,.F.) B_SPLINE_SURFACE_WITH_KNOTS((2,2),(7,4,7),
(5.,6.),(0.,0.5,1.),.UNSPECIFIED.) GEOMETRIC_REPRESENTATION_ITEM() 
RATIONAL_B_SPLINE_SURFACE((
    (1.,1.,1.,1.,1.,1.,1.,1.,1.,1.,1.)
,(1.,1.,1.,1.,1.,1.,1.,1.,1.,1.,1.
  ))) REPRESENTATION_ITEM('') SURFACE() );
#4237 = CARTESIAN_POINT('',(3.249999999892,4.075091655001E-14,1.2700001)
  );
#4238 = CARTESIAN_POINT('',(3.23852350057,1.701305661014,1.375833433336)
  );
#4239 = CARTESIAN_POINT('',(2.214523266493,3.402611322016,1.481666766858
    ));
#4240 = CARTESIAN_POINT('',(-1.929486458294E-02,4.275126821522,
    1.587500100638));
#4241 = CARTESIAN_POINT('',(-2.185066918411,3.402611321962,
    1.693333434391));
#4242 = CARTESIAN_POINT('',(-4.314933081641,-9.318757199726E-11,
    1.905000101466));
#4243 = CARTESIAN_POINT('',(-2.185066918245,-3.402611322096,
    2.116666767715));
#4244 = CARTESIAN_POINT('',(-1.929486435454E-02,-4.275126821602,
    2.222500100629));
#4245 = CARTESIAN_POINT('',(2.214523266741,-3.402611322042,
    2.328333433544));
#4246 = CARTESIAN_POINT('',(3.238523500817,-1.701305661014,
    2.434166766669));
#4247 = CARTESIAN_POINT('',(3.250000000138,-5.706746615934E-14,2.5400001
    ));
#4248 = CARTESIAN_POINT('',(3.449999999892,2.48986058487E-12,
    1.270000099961));
#4249 = CARTESIAN_POINT('',(3.437817254507,1.806001394017,1.375833433297
    ));
#4250 = CARTESIAN_POINT('',(2.350801621237,3.612002788019,1.481666766831
    ));
#4251 = CARTESIAN_POINT('',(-2.048224077775E-02,4.538211548951,
    1.587500100638));
#4252 = CARTESIAN_POINT('',(-2.319532574935,3.612002787961,
    1.693333434417));
#4253 = CARTESIAN_POINT('',(-4.58046742512,-9.674735819838E-11,
    1.905000101517));
#4254 = CARTESIAN_POINT('',(-2.319532574764,-3.612002788098,
    2.116666767741));
#4255 = CARTESIAN_POINT('',(-2.048224054279E-02,-4.538211549032,
    2.222500100629));
#4256 = CARTESIAN_POINT('',(2.35080162149,-3.61200278804,2.328333433517)
  );
#4257 = CARTESIAN_POINT('',(3.437817254757,-1.806001394012,2.43416676663
    ));
#4258 = CARTESIAN_POINT('',(3.450000000138,2.449349837281E-12,
    2.540000099961));
#4259 = DEFINITIONAL_REPRESENTATION('',(#4260),#4278);
#4260 = B_SPLINE_CURVE_WITH_KNOTS('',6,(#4261,#4262,#4263,#4264,#4265,
    #4266,#4267,#4268,#4269,#4270,#4271,#4272,#4273,#4274,#4275,#4276,
    #4277),.UNSPECIFIED.,.F.,.F.,(7,5,5,7),(0.,0.180739257102,
    0.404454374504,1.),.UNSPECIFIED.);
#4261 = CARTESIAN_POINT('',(5.,0.400000022763));
#4262 = CARTESIAN_POINT('',(5.000040984907,0.397000051481));
#4263 = CARTESIAN_POINT('',(5.000079133618,0.394000082832));
#4264 = CARTESIAN_POINT('',(5.000113719725,0.391000104107));
#4265 = CARTESIAN_POINT('',(5.000144218369,0.38800010322));
#4266 = CARTESIAN_POINT('',(5.000170306244,0.385000068713));
#4267 = CARTESIAN_POINT('',(5.000218542342,0.37828655733));
#4268 = CARTESIAN_POINT('',(5.00023825982,0.37457305493));
#4269 = CARTESIAN_POINT('',(5.000250834447,0.37085946262));
#4270 = CARTESIAN_POINT('',(5.0002564672,0.367145764608));
#4271 = CARTESIAN_POINT('',(5.000255739617,0.363431949238));
#4272 = CARTESIAN_POINT('',(5.000233306435,0.349831234719));
#4273 = CARTESIAN_POINT('',(5.000178647306,0.339943134088));
#4274 = CARTESIAN_POINT('',(5.000102207977,0.33005446959));
#4275 = CARTESIAN_POINT('',(5.000035540904,0.320164846122));
#4276 = CARTESIAN_POINT('',(5.000000553537,0.310274173267));
#4277 = CARTESIAN_POINT('',(5.,0.300383811148));
#4278 = ( GEOMETRIC_REPRESENTATION_CONTEXT(2) 
PARAMETRIC_REPRESENTATION_CONTEXT() REPRESENTATION_CONTEXT('2D SPACE',''
  ) );
#4279 = ORIENTED_EDGE('',*,*,#4280,.F.);
#4280 = EDGE_CURVE('',#4281,#4193,#4283,.T.);
#4281 = VERTEX_POINT('',#4282);
#4282 = CARTESIAN_POINT('',(-1.004362372807,3.090915111109,
    1.651003838536));
#4283 = SURFACE_CURVE('',#4284,(#4296,#4306),.PCURVE_S1.);
#4284 = ( BOUNDED_CURVE() B_SPLINE_CURVE(6,(#4285,#4286,#4287,#4288,
    #4289,#4290,#4291,#4292,#4293,#4294,#4295),.UNSPECIFIED.,.F.,.F.) 
B_SPLINE_CURVE_WITH_KNOTS((7,4,7),(0.,0.5,1.),.UNSPECIFIED.) CURVE() 
GEOMETRIC_REPRESENTATION_ITEM() RATIONAL_B_SPLINE_CURVE((1.,1.,1.,1.,1.,
1.,1.,1.,1.,1.,1.)) REPRESENTATION_ITEM('') );
#4285 = CARTESIAN_POINT('',(3.249999999892,4.075091655001E-14,1.2700001)
  );
#4286 = CARTESIAN_POINT('',(3.23852350057,1.701305661014,1.375833433336)
  );
#4287 = CARTESIAN_POINT('',(2.214523266493,3.402611322016,1.481666766858
    ));
#4288 = CARTESIAN_POINT('',(-1.929486458294E-02,4.275126821522,
    1.587500100638));
#4289 = CARTESIAN_POINT('',(-2.185066918411,3.402611321962,
    1.693333434391));
#4290 = CARTESIAN_POINT('',(-4.314933081641,-9.318757199726E-11,
    1.905000101466));
#4291 = CARTESIAN_POINT('',(-2.185066918245,-3.402611322096,
    2.116666767715));
#4292 = CARTESIAN_POINT('',(-1.929486435454E-02,-4.275126821602,
    2.222500100629));
#4293 = CARTESIAN_POINT('',(2.214523266741,-3.402611322042,
    2.328333433544));
#4294 = CARTESIAN_POINT('',(3.238523500817,-1.701305661014,
    2.434166766669));
#4295 = CARTESIAN_POINT('',(3.250000000138,-5.706746615934E-14,2.5400001
    ));
#4296 = PCURVE('',#2347,#4297);
#4297 = DEFINITIONAL_REPRESENTATION('',(#4298),#4305);
#4298 = B_SPLINE_CURVE_WITH_KNOTS('',5,(#4299,#4300,#4301,#4302,#4303,
    #4304),.UNSPECIFIED.,.F.,.F.,(6,6),(0.300002943079,0.300383811148),
  .PIECEWISE_BEZIER_KNOTS.);
#4299 = CARTESIAN_POINT('',(1.884974078885,1.651003838536));
#4300 = CARTESIAN_POINT('',(1.885452557121,1.651100579026));
#4301 = CARTESIAN_POINT('',(1.885931035395,1.651197319516));
#4302 = CARTESIAN_POINT('',(1.886409513708,1.651294060006));
#4303 = CARTESIAN_POINT('',(1.886887992062,1.651390800496));
#4304 = CARTESIAN_POINT('',(1.887366470459,1.651487540986));
#4305 = ( GEOMETRIC_REPRESENTATION_CONTEXT(2) 
PARAMETRIC_REPRESENTATION_CONTEXT() REPRESENTATION_CONTEXT('2D SPACE',''
  ) );
#4306 = PCURVE('',#2497,#4307);
#4307 = DEFINITIONAL_REPRESENTATION('',(#4308),#4312);
#4308 = LINE('',#4309,#4310);
#4309 = CARTESIAN_POINT('',(5.,0.));
#4310 = VECTOR('',#4311,1.);
#4311 = DIRECTION('',(0.,1.));
#4312 = ( GEOMETRIC_REPRESENTATION_CONTEXT(2) 
PARAMETRIC_REPRESENTATION_CONTEXT() REPRESENTATION_CONTEXT('2D SPACE',''
  ) );
#4313 = ORIENTED_EDGE('',*,*,#4314,.T.);
#4314 = EDGE_CURVE('',#4281,#4315,#4317,.T.);
#4315 = VERTEX_POINT('',#4316);
#4316 = CARTESIAN_POINT('',(1.004305516371,3.09093358547,1.524000081821)
  );
#4317 = SURFACE_CURVE('',#4318,(#4331,#4347),.PCURVE_S1.);
#4318 = B_SPLINE_CURVE_WITH_KNOTS('',6,(#4319,#4320,#4321,#4322,#4323,
    #4324,#4325,#4326,#4327,#4328,#4329,#4330),.UNSPECIFIED.,.F.,.F.,(7,
    5,7),(0.,0.66857943805,1.),.UNSPECIFIED.);
#4319 = CARTESIAN_POINT('',(-1.004363774201,3.090914655741,
    1.651003930205));
#4320 = CARTESIAN_POINT('',(-0.787954972988,3.161234669253,
    1.636848143846));
#4321 = CARTESIAN_POINT('',(-0.5656230655,3.213377436577,1.622691230795)
  );
#4322 = CARTESIAN_POINT('',(-0.339309273224,3.246707134343,
    1.608536106515));
#4323 = CARTESIAN_POINT('',(-0.110994254828,3.260890167901,
    1.594382589248));
#4324 = CARTESIAN_POINT('',(0.11731510328,3.255843246682,1.580229955506)
  );
#4325 = CARTESIAN_POINT('',(0.455753265893,3.219862144977,1.559065841482
    ));
#4326 = CARTESIAN_POINT('',(0.567422612387,3.203265675248,1.552052042657
    ));
#4327 = CARTESIAN_POINT('',(0.678351565077,3.182023629393,1.54503864194)
  );
#4328 = CARTESIAN_POINT('',(0.78829929628,3.156178649659,1.538025581013)
  );
#4329 = CARTESIAN_POINT('',(0.89702852489,3.125790003877,1.531012768871)
  );
#4330 = CARTESIAN_POINT('',(1.004305516373,3.090933585469,1.524000081821
    ));
#4331 = PCURVE('',#2347,#4332);
#4332 = DEFINITIONAL_REPRESENTATION('',(#4333),#4346);
#4333 = B_SPLINE_CURVE_WITH_KNOTS('',6,(#4334,#4335,#4336,#4337,#4338,
    #4339,#4340,#4341,#4342,#4343,#4344,#4345),.UNSPECIFIED.,.F.,.F.,(7,
    5,7),(0.,0.66857943805,1.),.UNSPECIFIED.);
#4334 = CARTESIAN_POINT('',(1.884974532276,1.651003930205));
#4335 = CARTESIAN_POINT('',(1.814960046172,1.636848143846));
#4336 = CARTESIAN_POINT('',(1.74494075919,1.622691230795));
#4337 = CARTESIAN_POINT('',(1.674927056116,1.608536106515));
#4338 = CARTESIAN_POINT('',(1.604913285499,1.594382589248));
#4339 = CARTESIAN_POINT('',(1.534893806929,1.580229955506));
#4340 = CARTESIAN_POINT('',(1.430172128082,1.559065841482));
#4341 = CARTESIAN_POINT('',(1.395465122939,1.552052042657));
#4342 = CARTESIAN_POINT('',(1.360758068222,1.54503864194));
#4343 = CARTESIAN_POINT('',(1.326051000751,1.538025581013));
#4344 = CARTESIAN_POINT('',(1.29134395625,1.531012768871));
#4345 = CARTESIAN_POINT('',(1.256636969343,1.524000081821));
#4346 = ( GEOMETRIC_REPRESENTATION_CONTEXT(2) 
PARAMETRIC_REPRESENTATION_CONTEXT() REPRESENTATION_CONTEXT('2D SPACE',''
  ) );
#4347 = PCURVE('',#4348,#4371);
#4348 = ( BOUNDED_SURFACE() B_SPLINE_SURFACE(1,6,(
    (#4349,#4350,#4351,#4352,#4353,#4354,#4355,#4356,#4357,#4358,#4359)
    ,(#4360,#4361,#4362,#4363,#4364,#4365,#4366,#4367,#4368,#4369,#4370
)),.UNSPECIFIED.,.F.,.F.,.F.) B_SPLINE_SURFACE_WITH_KNOTS((2,2),(7,4,7),
(5.,6.),(0.,0.5,1.),.UNSPECIFIED.) GEOMETRIC_REPRESENTATION_ITEM() 
RATIONAL_B_SPLINE_SURFACE((
    (1.,1.,1.,1.,1.,1.,1.,1.,1.,1.,1.)
,(1.,1.,1.,1.,1.,1.,1.,1.,1.,1.,1.
  ))) REPRESENTATION_ITEM('') SURFACE() );
#4349 = CARTESIAN_POINT('',(3.249999999892,4.075091655001E-14,1.2700001)
  );
#4350 = CARTESIAN_POINT('',(3.23852350057,1.701305661014,1.375833433336)
  );
#4351 = CARTESIAN_POINT('',(2.214523266493,3.402611322016,1.481666766858
    ));
#4352 = CARTESIAN_POINT('',(-1.929486458294E-02,4.275126821522,
    1.587500100638));
#4353 = CARTESIAN_POINT('',(-2.185066918411,3.402611321962,
    1.693333434391));
#4354 = CARTESIAN_POINT('',(-4.314933081641,-9.318757199726E-11,
    1.905000101466));
#4355 = CARTESIAN_POINT('',(-2.185066918245,-3.402611322096,
    2.116666767715));
#4356 = CARTESIAN_POINT('',(-1.929486435454E-02,-4.275126821602,
    2.222500100629));
#4357 = CARTESIAN_POINT('',(2.214523266741,-3.402611322042,
    2.328333433544));
#4358 = CARTESIAN_POINT('',(3.238523500817,-1.701305661014,
    2.434166766669));
#4359 = CARTESIAN_POINT('',(3.250000000138,-5.706746615934E-14,2.5400001
    ));
#4360 = CARTESIAN_POINT('',(3.449999999892,2.48986058487E-12,
    1.270000099961));
#4361 = CARTESIAN_POINT('',(3.437817254507,1.806001394017,1.375833433297
    ));
#4362 = CARTESIAN_POINT('',(2.350801621237,3.612002788019,1.481666766831
    ));
#4363 = CARTESIAN_POINT('',(-2.048224077775E-02,4.538211548951,
    1.587500100638));
#4364 = CARTESIAN_POINT('',(-2.319532574935,3.612002787961,
    1.693333434417));
#4365 = CARTESIAN_POINT('',(-4.58046742512,-9.674735819838E-11,
    1.905000101517));
#4366 = CARTESIAN_POINT('',(-2.319532574764,-3.612002788098,
    2.116666767741));
#4367 = CARTESIAN_POINT('',(-2.048224054279E-02,-4.538211549032,
    2.222500100629));
#4368 = CARTESIAN_POINT('',(2.35080162149,-3.61200278804,2.328333433517)
  );
#4369 = CARTESIAN_POINT('',(3.437817254757,-1.806001394012,2.43416676663
    ));
#4370 = CARTESIAN_POINT('',(3.450000000138,2.449349837281E-12,
    2.540000099961));
#4371 = DEFINITIONAL_REPRESENTATION('',(#4372),#4385);
#4372 = B_SPLINE_CURVE_WITH_KNOTS('',6,(#4373,#4374,#4375,#4376,#4377,
    #4378,#4379,#4380,#4381,#4382,#4383,#4384),.UNSPECIFIED.,.F.,.F.,(7,
    5,7),(0.,0.66857943805,1.),.UNSPECIFIED.);
#4373 = CARTESIAN_POINT('',(5.,0.300003015259));
#4374 = CARTESIAN_POINT('',(5.000000624275,0.288856726821));
#4375 = CARTESIAN_POINT('',(5.000045078957,0.277709551224));
#4376 = CARTESIAN_POINT('',(5.000137635572,0.26656378411));
#4377 = CARTESIAN_POINT('',(5.000252237891,0.25541928236));
#4378 = CARTESIAN_POINT('',(5.000329561202,0.244275476299));
#4379 = CARTESIAN_POINT('',(5.000333872306,0.227610819638));
#4380 = CARTESIAN_POINT('',(5.000317231437,0.222088143416));
#4381 = CARTESIAN_POINT('',(5.000277193902,0.216565780663));
#4382 = CARTESIAN_POINT('',(5.00021087061,0.211043685463));
#4383 = CARTESIAN_POINT('',(5.000117810392,0.205521786155));
#4384 = CARTESIAN_POINT('',(5.,0.199999985344));
#4385 = ( GEOMETRIC_REPRESENTATION_CONTEXT(2) 
PARAMETRIC_REPRESENTATION_CONTEXT() REPRESENTATION_CONTEXT('2D SPACE',''
  ) );
#4386 = ORIENTED_EDGE('',*,*,#4387,.F.);
#4387 = EDGE_CURVE('',#4388,#4315,#4390,.T.);
#4388 = VERTEX_POINT('',#4389);
#4389 = CARTESIAN_POINT('',(2.629305147719,1.910302185566,1.397000109007
    ));
#4390 = SURFACE_CURVE('',#4391,(#4399,#4410),.PCURVE_S1.);
#4391 = B_SPLINE_CURVE_WITH_KNOTS('',6,(#4392,#4393,#4394,#4395,#4396,
    #4397,#4398),.UNSPECIFIED.,.F.,.F.,(7,7),(0.,1.),
  .PIECEWISE_BEZIER_KNOTS.);
#4392 = CARTESIAN_POINT('',(2.629305147718,1.910302185567,1.397000109007
    ));
#4393 = CARTESIAN_POINT('',(2.42929114131,2.185597822372,1.418362844547)
  );
#4394 = CARTESIAN_POINT('',(2.194610032872,2.435869785806,1.439610027924
    ));
#4395 = CARTESIAN_POINT('',(1.929318176736,2.655435085269,1.460712873524
    ));
#4396 = CARTESIAN_POINT('',(1.638519946135,2.839901870537,1.481786907715
    ));
#4397 = CARTESIAN_POINT('',(1.327962465104,2.98577103505,1.502883699162)
  );
#4398 = CARTESIAN_POINT('',(1.004305516379,3.090933585468,1.52400008182)
  );
#4399 = PCURVE('',#2347,#4400);
#4400 = DEFINITIONAL_REPRESENTATION('',(#4401),#4409);
#4401 = B_SPLINE_CURVE_WITH_KNOTS('',6,(#4402,#4403,#4404,#4405,#4406,
    #4407,#4408),.UNSPECIFIED.,.F.,.F.,(7,7),(0.,1.),
  .PIECEWISE_BEZIER_KNOTS.);
#4402 = CARTESIAN_POINT('',(0.62831857469,1.397000109007));
#4403 = CARTESIAN_POINT('',(0.733021384497,1.418362844547));
#4404 = CARTESIAN_POINT('',(0.837764067854,1.439610027924));
#4405 = CARTESIAN_POINT('',(0.942470046875,1.460712873524));
#4406 = CARTESIAN_POINT('',(1.047177210101,1.481786907715));
#4407 = CARTESIAN_POINT('',(1.151925256916,1.502883699162));
#4408 = CARTESIAN_POINT('',(1.256636969341,1.52400008182));
#4409 = ( GEOMETRIC_REPRESENTATION_CONTEXT(2) 
PARAMETRIC_REPRESENTATION_CONTEXT() REPRESENTATION_CONTEXT('2D SPACE',''
  ) );
#4410 = PCURVE('',#2497,#4411);
#4411 = DEFINITIONAL_REPRESENTATION('',(#4412),#4420);
#4412 = B_SPLINE_CURVE_WITH_KNOTS('',6,(#4413,#4414,#4415,#4416,#4417,
    #4418,#4419),.UNSPECIFIED.,.F.,.F.,(7,7),(0.,1.),
  .PIECEWISE_BEZIER_KNOTS.);
#4413 = CARTESIAN_POINT('',(5.,0.100000006999));
#4414 = CARTESIAN_POINT('',(4.999525799278,0.11667287085));
#4415 = CARTESIAN_POINT('',(4.999359211678,0.13335087784));
#4416 = CARTESIAN_POINT('',(4.999517329957,0.150016703619));
#4417 = CARTESIAN_POINT('',(4.999727835381,0.16667621423));
#4418 = CARTESIAN_POINT('',(4.999896586419,0.18334059569));
#4419 = CARTESIAN_POINT('',(5.,0.199999985343));
#4420 = ( GEOMETRIC_REPRESENTATION_CONTEXT(2) 
PARAMETRIC_REPRESENTATION_CONTEXT() REPRESENTATION_CONTEXT('2D SPACE',''
  ) );
#4421 = ORIENTED_EDGE('',*,*,#4422,.F.);
#4422 = EDGE_CURVE('',#2483,#4388,#4423,.T.);
#4423 = SURFACE_CURVE('',#4424,(#4437,#4453),.PCURVE_S1.);
#4424 = B_SPLINE_CURVE_WITH_KNOTS('',6,(#4425,#4426,#4427,#4428,#4429,
    #4430,#4431,#4432,#4433,#4434,#4435,#4436),.UNSPECIFIED.,.F.,.F.,(7,
    5,7),(0.,0.652463359751,1.),.UNSPECIFIED.);
#4425 = CARTESIAN_POINT('',(3.249999999892,4.153621890879E-14,1.2700001)
  );
#4426 = CARTESIAN_POINT('',(3.249999999892,0.221962743558,1.283807764058
    ));
#4427 = CARTESIAN_POINT('',(3.231808848809,0.444050003418,1.297607898214
    ));
#4428 = CARTESIAN_POINT('',(3.195388930788,0.664273245485,1.311409640946
    ));
#4429 = CARTESIAN_POINT('',(3.14102223353,0.880742809103,1.32521573221)
  );
#4430 = CARTESIAN_POINT('',(3.069216469579,1.091660542129,1.339026453176
    ));
#4431 = CARTESIAN_POINT('',(2.933567157401,1.403807193405,1.360199204894
    ));
#4432 = CARTESIAN_POINT('',(2.881686016393,1.510231054466,1.36755852903)
  );
#4433 = CARTESIAN_POINT('',(2.825179581133,1.614337140042,1.374918569534
    ));
#4434 = CARTESIAN_POINT('',(2.764178552026,1.715875795638,1.382279049031
    ));
#4435 = CARTESIAN_POINT('',(2.698831561759,1.814607295135,1.389639676296
    ));
#4436 = CARTESIAN_POINT('',(2.629305147719,1.910302185566,1.397000109007
    ));
#4437 = PCURVE('',#2347,#4438);
#4438 = DEFINITIONAL_REPRESENTATION('',(#4439),#4452);
#4439 = B_SPLINE_CURVE_WITH_KNOTS('',6,(#4440,#4441,#4442,#4443,#4444,
    #4445,#4446,#4447,#4448,#4449,#4450,#4451),.UNSPECIFIED.,.F.,.F.,(7,
    5,7),(0.,0.652463359751,1.),.UNSPECIFIED.);
#4440 = CARTESIAN_POINT('',(0.,1.2700001));
#4441 = CARTESIAN_POINT('',(6.829622878691E-02,1.283807764058));
#4442 = CARTESIAN_POINT('',(0.136630725159,1.297607898214));
#4443 = CARTESIAN_POINT('',(0.204965356118,1.311409640946));
#4444 = CARTESIAN_POINT('',(0.27329415927,1.32521573221));
#4445 = CARTESIAN_POINT('',(0.341620399986,1.339026453176));
#4446 = CARTESIAN_POINT('',(0.446342638537,1.360199204894));
#4447 = CARTESIAN_POINT('',(0.482737586087,1.36755852903));
#4448 = CARTESIAN_POINT('',(0.519132454785,1.374918569534));
#4449 = CARTESIAN_POINT('',(0.555527543427,1.382279049031));
#4450 = CARTESIAN_POINT('',(0.591923069013,1.389639676296));
#4451 = CARTESIAN_POINT('',(0.62831857469,1.397000109007));
#4452 = ( GEOMETRIC_REPRESENTATION_CONTEXT(2) 
PARAMETRIC_REPRESENTATION_CONTEXT() REPRESENTATION_CONTEXT('2D SPACE',''
  ) );
#4453 = PCURVE('',#4454,#4477);
#4454 = ( BOUNDED_SURFACE() B_SPLINE_SURFACE(1,6,(
    (#4455,#4456,#4457,#4458,#4459,#4460,#4461,#4462,#4463,#4464,#4465)
    ,(#4466,#4467,#4468,#4469,#4470,#4471,#4472,#4473,#4474,#4475,#4476
)),.UNSPECIFIED.,.F.,.F.,.F.) B_SPLINE_SURFACE_WITH_KNOTS((2,2),(7,4,7),
(5.,6.),(0.,0.5,1.),.UNSPECIFIED.) GEOMETRIC_REPRESENTATION_ITEM() 
RATIONAL_B_SPLINE_SURFACE((
    (1.,1.,1.,1.,1.,1.,1.,1.,1.,1.,1.)
,(1.,1.,1.,1.,1.,1.,1.,1.,1.,1.,1.
  ))) REPRESENTATION_ITEM('') SURFACE() );
#4455 = CARTESIAN_POINT('',(3.249999999892,4.075091655001E-14,1.2700001)
  );
#4456 = CARTESIAN_POINT('',(3.23852350057,1.701305661014,1.375833433336)
  );
#4457 = CARTESIAN_POINT('',(2.214523266493,3.402611322016,1.481666766858
    ));
#4458 = CARTESIAN_POINT('',(-1.929486458294E-02,4.275126821522,
    1.587500100638));
#4459 = CARTESIAN_POINT('',(-2.185066918411,3.402611321962,
    1.693333434391));
#4460 = CARTESIAN_POINT('',(-4.314933081641,-9.318757199726E-11,
    1.905000101466));
#4461 = CARTESIAN_POINT('',(-2.185066918245,-3.402611322096,
    2.116666767715));
#4462 = CARTESIAN_POINT('',(-1.929486435454E-02,-4.275126821602,
    2.222500100629));
#4463 = CARTESIAN_POINT('',(2.214523266741,-3.402611322042,
    2.328333433544));
#4464 = CARTESIAN_POINT('',(3.238523500817,-1.701305661014,
    2.434166766669));
#4465 = CARTESIAN_POINT('',(3.250000000138,-5.706746615934E-14,2.5400001
    ));
#4466 = CARTESIAN_POINT('',(3.449999999892,2.48986058487E-12,
    1.270000099961));
#4467 = CARTESIAN_POINT('',(3.437817254507,1.806001394017,1.375833433297
    ));
#4468 = CARTESIAN_POINT('',(2.350801621237,3.612002788019,1.481666766831
    ));
#4469 = CARTESIAN_POINT('',(-2.048224077775E-02,4.538211548951,
    1.587500100638));
#4470 = CARTESIAN_POINT('',(-2.319532574935,3.612002787961,
    1.693333434417));
#4471 = CARTESIAN_POINT('',(-4.58046742512,-9.674735819838E-11,
    1.905000101517));
#4472 = CARTESIAN_POINT('',(-2.319532574764,-3.612002788098,
    2.116666767741));
#4473 = CARTESIAN_POINT('',(-2.048224054279E-02,-4.538211549032,
    2.222500100629));
#4474 = CARTESIAN_POINT('',(2.35080162149,-3.61200278804,2.328333433517)
  );
#4475 = CARTESIAN_POINT('',(3.437817254757,-1.806001394012,2.43416676663
    ));
#4476 = CARTESIAN_POINT('',(3.450000000138,2.449349837281E-12,
    2.540000099961));
#4477 = DEFINITIONAL_REPRESENTATION('',(#4478),#4491);
#4478 = B_SPLINE_CURVE_WITH_KNOTS('',6,(#4479,#4480,#4481,#4482,#4483,
    #4484,#4485,#4486,#4487,#4488,#4489,#4490),.UNSPECIFIED.,.F.,.F.,(7,
    5,7),(0.,0.652463359751,1.),.UNSPECIFIED.);
#4479 = CARTESIAN_POINT('',(5.,0.));
#4480 = CARTESIAN_POINT('',(5.007486471521,1.087217642327E-02));
#4481 = CARTESIAN_POINT('',(5.010194284061,2.173842378782E-02));
#4482 = CARTESIAN_POINT('',(5.010123469723,3.26059377447E-02));
#4483 = CARTESIAN_POINT('',(5.008734705611,4.347687573977E-02));
#4484 = CARTESIAN_POINT('',(5.006870577085,5.435145916702E-02));
#4485 = CARTESIAN_POINT('',(5.004005769246,7.10229171925E-02));
#4486 = CARTESIAN_POINT('',(5.003008588001,7.681766059877E-02));
#4487 = CARTESIAN_POINT('',(5.002080471113,8.261296807362E-02));
#4488 = CARTESIAN_POINT('',(5.001260873685,8.840862121154E-02));
#4489 = CARTESIAN_POINT('',(5.000566547081,9.420439070144E-02));
#4490 = CARTESIAN_POINT('',(5.,0.100000006999));
#4491 = ( GEOMETRIC_REPRESENTATION_CONTEXT(2) 
PARAMETRIC_REPRESENTATION_CONTEXT() REPRESENTATION_CONTEXT('2D SPACE',''
  ) );
#4492 = ORIENTED_EDGE('',*,*,#4493,.F.);
#4493 = EDGE_CURVE('',#2331,#2483,#4494,.T.);
#4494 = SURFACE_CURVE('',#4495,(#4499,#4506),.PCURVE_S1.);
#4495 = LINE('',#4496,#4497);
#4496 = CARTESIAN_POINT('',(3.25,-7.960204194458E-16,0.));
#4497 = VECTOR('',#4498,1.);
#4498 = DIRECTION('',(0.,0.,1.));
#4499 = PCURVE('',#2347,#4500);
#4500 = DEFINITIONAL_REPRESENTATION('',(#4501),#4505);
#4501 = LINE('',#4502,#4503);
#4502 = CARTESIAN_POINT('',(0.,-0.));
#4503 = VECTOR('',#4504,1.);
#4504 = DIRECTION('',(0.,1.));
#4505 = ( GEOMETRIC_REPRESENTATION_CONTEXT(2) 
PARAMETRIC_REPRESENTATION_CONTEXT() REPRESENTATION_CONTEXT('2D SPACE',''
  ) );
#4506 = PCURVE('',#2399,#4507);
#4507 = DEFINITIONAL_REPRESENTATION('',(#4508),#4512);
#4508 = LINE('',#4509,#4510);
#4509 = CARTESIAN_POINT('',(6.28318530718,-0.));
#4510 = VECTOR('',#4511,1.);
#4511 = DIRECTION('',(0.,1.));
#4512 = ( GEOMETRIC_REPRESENTATION_CONTEXT(2) 
PARAMETRIC_REPRESENTATION_CONTEXT() REPRESENTATION_CONTEXT('2D SPACE',''
  ) );
#4513 = ORIENTED_EDGE('',*,*,#2330,.T.);
#4514 = ORIENTED_EDGE('',*,*,#3621,.T.);
#4515 = ORIENTED_EDGE('',*,*,#3564,.F.);
#4516 = ORIENTED_EDGE('',*,*,#4517,.T.);
#4517 = EDGE_CURVE('',#3511,#3477,#4518,.T.);
#4518 = SURFACE_CURVE('',#4519,(#4534,#4552),.PCURVE_S1.);
#4519 = B_SPLINE_CURVE_WITH_KNOTS('',5,(#4520,#4521,#4522,#4523,#4524,
    #4525,#4526,#4527,#4528,#4529,#4530,#4531,#4532,#4533),
  .UNSPECIFIED.,.F.,.F.,(6,4,4,6),(0.,0.334936463785,0.694717085849,1.),
  .UNSPECIFIED.);
#4520 = CARTESIAN_POINT('',(1.004305260721,3.090933668536,1.365250098102
    ));
#4521 = CARTESIAN_POINT('',(0.874208934481,3.133204528688,1.373754482711
    ));
#4522 = CARTESIAN_POINT('',(0.741887943123,3.168630942074,1.382259089479
    ));
#4523 = CARTESIAN_POINT('',(0.607824506272,3.197056321018,1.390764043048
    ));
#4524 = CARTESIAN_POINT('',(0.472512556114,3.218375940886,1.399269699649
    ));
#4525 = CARTESIAN_POINT('',(0.190308237467,3.247748984348,1.416913212482
    ));
#4526 = CARTESIAN_POINT('',(4.329931489254E-02,3.254701276515,
    1.426051293097));
#4527 = CARTESIAN_POINT('',(-0.103944768638,3.253329152904,
    1.435190093493));
#4528 = CARTESIAN_POINT('',(-0.250798277817,3.243638513794,
    1.444329764299));
#4529 = CARTESIAN_POINT('',(-0.52038529991,3.210489721474,1.46122557569)
  );
#4530 = CARTESIAN_POINT('',(-0.643404203462,3.189339191355,
    1.468981644232));
#4531 = CARTESIAN_POINT('',(-0.765312889165,3.162301324237,
    1.476737976672));
#4532 = CARTESIAN_POINT('',(-0.885738446757,3.129458824056,
    1.484494418808));
#4533 = CARTESIAN_POINT('',(-1.004316133144,3.09093013585,1.492250813085
    ));
#4534 = PCURVE('',#2347,#4535);
#4535 = DEFINITIONAL_REPRESENTATION('',(#4536),#4551);
#4536 = B_SPLINE_CURVE_WITH_KNOTS('',5,(#4537,#4538,#4539,#4540,#4541,
    #4542,#4543,#4544,#4545,#4546,#4547,#4548,#4549,#4550),
  .UNSPECIFIED.,.F.,.F.,(6,4,4,6),(0.,0.334936463785,0.694717085849,1.),
  .UNSPECIFIED.);
#4537 = CARTESIAN_POINT('',(1.256637052053,1.365250098102));
#4538 = CARTESIAN_POINT('',(1.298726705275,1.373754482711));
#4539 = CARTESIAN_POINT('',(1.340816584322,1.382259089479));
#4540 = CARTESIAN_POINT('',(1.382906025326,1.390764043048));
#4541 = CARTESIAN_POINT('',(1.424995876096,1.399269699649));
#4542 = CARTESIAN_POINT('',(1.512297056819,1.416913212482));
#4543 = CARTESIAN_POINT('',(1.557508983088,1.426051293097));
#4544 = CARTESIAN_POINT('',(1.602720245394,1.435190093493));
#4545 = CARTESIAN_POINT('',(1.647932072077,1.444329764299));
#4546 = CARTESIAN_POINT('',(1.731506652688,1.46122557569));
#4547 = CARTESIAN_POINT('',(1.769869801471,1.468981644232));
#4548 = CARTESIAN_POINT('',(1.808232925174,1.476737976672));
#4549 = CARTESIAN_POINT('',(1.846596011136,1.484494418808));
#4550 = CARTESIAN_POINT('',(1.884959119059,1.492250813085));
#4551 = ( GEOMETRIC_REPRESENTATION_CONTEXT(2) 
PARAMETRIC_REPRESENTATION_CONTEXT() REPRESENTATION_CONTEXT('2D SPACE',''
  ) );
#4552 = PCURVE('',#3534,#4553);
#4553 = DEFINITIONAL_REPRESENTATION('',(#4554),#4569);
#4554 = B_SPLINE_CURVE_WITH_KNOTS('',5,(#4555,#4556,#4557,#4558,#4559,
    #4560,#4561,#4562,#4563,#4564,#4565,#4566,#4567,#4568),
  .UNSPECIFIED.,.F.,.F.,(6,4,4,6),(0.,0.334936463785,0.694717085849,1.),
  .UNSPECIFIED.);
#4555 = CARTESIAN_POINT('',(2.,0.199999998507));
#4556 = CARTESIAN_POINT('',(1.999857129721,0.20669636434));
#4557 = CARTESIAN_POINT('',(1.99975181789,0.213392905103));
#4558 = CARTESIAN_POINT('',(1.999689611279,0.220089718936));
#4559 = CARTESIAN_POINT('',(1.999664775475,0.226787086338));
#4560 = CARTESIAN_POINT('',(1.999670796368,0.240679616128));
#4561 = CARTESIAN_POINT('',(1.999705954017,0.247874955194));
#4562 = CARTESIAN_POINT('',(1.999761189781,0.255070861018));
#4563 = CARTESIAN_POINT('',(1.999820199796,0.262267452204));
#4564 = CARTESIAN_POINT('',(1.999917186201,0.2755712407));
#4565 = CARTESIAN_POINT('',(1.999957044935,0.281678381284));
#4566 = CARTESIAN_POINT('',(1.999985545272,0.287785729662));
#4567 = CARTESIAN_POINT('',(1.999999653535,0.293893164415));
#4568 = CARTESIAN_POINT('',(2.,0.300000561483));
#4569 = ( GEOMETRIC_REPRESENTATION_CONTEXT(2) 
PARAMETRIC_REPRESENTATION_CONTEXT() REPRESENTATION_CONTEXT('2D SPACE',''
  ) );
#4570 = ORIENTED_EDGE('',*,*,#3476,.T.);
#4571 = ORIENTED_EDGE('',*,*,#4572,.T.);
#4572 = EDGE_CURVE('',#3423,#3367,#4573,.T.);
#4573 = SURFACE_CURVE('',#4574,(#4589,#4607),.PCURVE_S1.);
#4574 = B_SPLINE_CURVE_WITH_KNOTS('',5,(#4575,#4576,#4577,#4578,#4579,
    #4580,#4581,#4582,#4583,#4584,#4585,#4586,#4587,#4588),
  .UNSPECIFIED.,.F.,.F.,(6,4,4,6),(0.,0.209480673139,0.64112532742,1.),
  .UNSPECIFIED.);
#4575 = CARTESIAN_POINT('',(-1.011801673661,3.088487878101,
    1.492740649869));
#4576 = CARTESIAN_POINT('',(-1.092789069109,3.061956065287,
    1.498042378289));
#4577 = CARTESIAN_POINT('',(-1.172906898471,3.032769619735,
    1.503344084183));
#4578 = CARTESIAN_POINT('',(-1.252038919477,3.000966629293,
    1.508645713955));
#4579 = CARTESIAN_POINT('',(-1.330071890029,2.966592603338,
    1.513947222391));
#4580 = CARTESIAN_POINT('',(-1.565194324421,2.853682524643,
    1.530172251056));
#4581 = CARTESIAN_POINT('',(-1.718361087516,2.766971709475,
    1.541095424017));
#4582 = CARTESIAN_POINT('',(-1.865426645505,2.670033862017,
    1.552017316835));
#4583 = CARTESIAN_POINT('',(-2.005499035798,2.563456851542,
    1.562938450541));
#4584 = CARTESIAN_POINT('',(-2.247737929292,2.351912084153,
    1.582937709979));
#4585 = CARTESIAN_POINT('',(-2.352316033441,2.249700241171,
    1.592016274056));
#4586 = CARTESIAN_POINT('',(-2.451037411791,2.141718359888,
    1.601094392013));
#4587 = CARTESIAN_POINT('',(-2.54348818527,2.028419127488,1.61017225417)
  );
#4588 = CARTESIAN_POINT('',(-2.629305434272,1.910301791159,
    1.619250121429));
#4589 = PCURVE('',#2347,#4590);
#4590 = DEFINITIONAL_REPRESENTATION('',(#4591),#4606);
#4591 = B_SPLINE_CURVE_WITH_KNOTS('',5,(#4592,#4593,#4594,#4595,#4596,
    #4597,#4598,#4599,#4600,#4601,#4602,#4603,#4604,#4605),
  .UNSPECIFIED.,.F.,.F.,(6,4,4,6),(0.,0.209480673139,0.64112532742,1.),
  .UNSPECIFIED.);
#4592 = CARTESIAN_POINT('',(1.887381851051,1.492740649869));
#4593 = CARTESIAN_POINT('',(1.913604196304,1.498042378289));
#4594 = CARTESIAN_POINT('',(1.939826555487,1.503344084183));
#4595 = CARTESIAN_POINT('',(1.966048919391,1.508645713955));
#4596 = CARTESIAN_POINT('',(1.992271283885,1.513947222391));
#4597 = CARTESIAN_POINT('',(2.072526052787,1.530172251056));
#4598 = CARTESIAN_POINT('',(2.126559268181,1.541095424017));
#4599 = CARTESIAN_POINT('',(2.180591047412,1.552017316835));
#4600 = CARTESIAN_POINT('',(2.234624358349,1.562938450541));
#4601 = CARTESIAN_POINT('',(2.33358026635,1.582937709979));
#4602 = CARTESIAN_POINT('',(2.378503761692,1.592016274056));
#4603 = CARTESIAN_POINT('',(2.423427313289,1.601094392013));
#4604 = CARTESIAN_POINT('',(2.468350830204,1.61017225417));
#4605 = CARTESIAN_POINT('',(2.513274228904,1.619250121429));
#4606 = ( GEOMETRIC_REPRESENTATION_CONTEXT(2) 
PARAMETRIC_REPRESENTATION_CONTEXT() REPRESENTATION_CONTEXT('2D SPACE',''
  ) );
#4607 = PCURVE('',#3446,#4608);
#4608 = DEFINITIONAL_REPRESENTATION('',(#4609),#4624);
#4609 = B_SPLINE_CURVE_WITH_KNOTS('',5,(#4610,#4611,#4612,#4613,#4614,
    #4615,#4616,#4617,#4618,#4619,#4620,#4621,#4622,#4623),
  .UNSPECIFIED.,.F.,.F.,(6,4,4,6),(0.,0.209480673139,0.64112532742,1.),
  .UNSPECIFIED.);
#4610 = CARTESIAN_POINT('',(2.,0.300386259738));
#4611 = CARTESIAN_POINT('',(1.999999763353,0.304560849045));
#4612 = CARTESIAN_POINT('',(1.999993113075,0.308735420615));
#4613 = CARTESIAN_POINT('',(1.99998037327,0.312909932247));
#4614 = CARTESIAN_POINT('',(1.999962559596,0.317084348338));
#4615 = CARTESIAN_POINT('',(1.999897736195,0.32985996146));
#4616 = CARTESIAN_POINT('',(1.999839741233,0.338460885051));
#4617 = CARTESIAN_POINT('',(1.999781549586,0.347060800656));
#4618 = CARTESIAN_POINT('',(1.999747008763,0.355660118534));
#4619 = CARTESIAN_POINT('',(1.999745924115,0.371407566911));
#4620 = CARTESIAN_POINT('',(1.999768711286,0.378556042562));
#4621 = CARTESIAN_POINT('',(1.999821564233,0.385704166938));
#4622 = CARTESIAN_POINT('',(1.999902346705,0.392852089896));
#4623 = CARTESIAN_POINT('',(2.,0.400000016871));
#4624 = ( GEOMETRIC_REPRESENTATION_CONTEXT(2) 
PARAMETRIC_REPRESENTATION_CONTEXT() REPRESENTATION_CONTEXT('2D SPACE',''
  ) );
#4625 = ORIENTED_EDGE('',*,*,#3366,.T.);
#4626 = ORIENTED_EDGE('',*,*,#3310,.F.);
#4627 = ORIENTED_EDGE('',*,*,#4628,.T.);
#4628 = EDGE_CURVE('',#3257,#3223,#4629,.T.);
#4629 = SURFACE_CURVE('',#4630,(#4648,#4669),.PCURVE_S1.);
#4630 = B_SPLINE_CURVE_WITH_KNOTS('',6,(#4631,#4632,#4633,#4634,#4635,
    #4636,#4637,#4638,#4639,#4640,#4641,#4642,#4643,#4644,#4645,#4646,
    #4647),.UNSPECIFIED.,.F.,.F.,(7,5,5,7),(0.,0.180743708544,
    0.404460755847,1.),.UNSPECIFIED.);
#4631 = CARTESIAN_POINT('',(-2.629305434282,-1.910301791147,
    1.87325007857));
#4632 = CARTESIAN_POINT('',(-2.593288098992,-1.959875411317,
    1.877060042098));
#4633 = CARTESIAN_POINT('',(-2.556149138482,-2.008634156177,
    1.880870002282));
#4634 = CARTESIAN_POINT('',(-2.517911633143,-2.056546260293,
    1.884679975263));
#4635 = CARTESIAN_POINT('',(-2.478599809037,-2.103580893866,
    1.88848997639));
#4636 = CARTESIAN_POINT('',(-2.4382390379,-2.149708162736,1.892300020214
    ));
#4637 = CARTESIAN_POINT('',(-2.345633431907,-2.250834581909,
    1.900826104203));
#4638 = CARTESIAN_POINT('',(-2.29284453385,-2.305335654426,
    1.905542176782));
#4639 = CARTESIAN_POINT('',(-2.238539477225,-2.358347367379,
    1.910258363541));
#4640 = CARTESIAN_POINT('',(-2.182770987432,-2.409817282735,
    1.914974684538));
#4641 = CARTESIAN_POINT('',(-2.125594181018,-2.459695482982,
    1.919691154574));
#4642 = CARTESIAN_POINT('',(-1.911264885728,-2.636347986377,
    1.936963542707));
#4643 = CARTESIAN_POINT('',(-1.745883610715,-2.753152101367,
    1.949520986499));
#4644 = CARTESIAN_POINT('',(-1.572018464844,-2.857440795899,
    1.962079146419));
#4645 = CARTESIAN_POINT('',(-1.390858269228,-2.948468929559,
    1.974638524174));
#4646 = CARTESIAN_POINT('',(-1.203668771405,-3.025631406819,
    1.987199234556));
#4647 = CARTESIAN_POINT('',(-1.011801668938,-3.088487879648,
    1.99975955044));
#4648 = PCURVE('',#2347,#4649);
#4649 = DEFINITIONAL_REPRESENTATION('',(#4650),#4668);
#4650 = B_SPLINE_CURVE_WITH_KNOTS('',6,(#4651,#4652,#4653,#4654,#4655,
    #4656,#4657,#4658,#4659,#4660,#4661,#4662,#4663,#4664,#4665,#4666,
    #4667),.UNSPECIFIED.,.F.,.F.,(7,5,5,7),(0.,0.180743708544,
    0.404460755847,1.),.UNSPECIFIED.);
#4651 = CARTESIAN_POINT('',(3.769911078271,1.87325007857));
#4652 = CARTESIAN_POINT('',(3.788765342794,1.877060042098));
#4653 = CARTESIAN_POINT('',(3.807619610366,1.880870002282));
#4654 = CARTESIAN_POINT('',(3.826473879145,1.884679975263));
#4655 = CARTESIAN_POINT('',(3.845328147259,1.88848997639));
#4656 = CARTESIAN_POINT('',(3.864182412806,1.892300020214));
#4657 = CARTESIAN_POINT('',(3.906373694237,1.900826104203));
#4658 = CARTESIAN_POINT('',(3.929710722135,1.905542176782));
#4659 = CARTESIAN_POINT('',(3.953047749743,1.910258363541));
#4660 = CARTESIAN_POINT('',(3.976384769122,1.914974684538));
#4661 = CARTESIAN_POINT('',(3.9997217722,1.919691154574));
#4662 = CARTESIAN_POINT('',(4.08518225341,1.936963542707));
#4663 = CARTESIAN_POINT('',(4.147308365865,1.949520986499));
#4664 = CARTESIAN_POINT('',(4.209431308277,1.962079146419));
#4665 = CARTESIAN_POINT('',(4.271554190145,1.974638524174));
#4666 = CARTESIAN_POINT('',(4.333680143614,1.987199234556));
#4667 = CARTESIAN_POINT('',(4.395803457658,1.99975955044));
#4668 = ( GEOMETRIC_REPRESENTATION_CONTEXT(2) 
PARAMETRIC_REPRESENTATION_CONTEXT() REPRESENTATION_CONTEXT('2D SPACE',''
  ) );
#4669 = PCURVE('',#3280,#4670);
#4670 = DEFINITIONAL_REPRESENTATION('',(#4671),#4689);
#4671 = B_SPLINE_CURVE_WITH_KNOTS('',6,(#4672,#4673,#4674,#4675,#4676,
    #4677,#4678,#4679,#4680,#4681,#4682,#4683,#4684,#4685,#4686,#4687,
    #4688),.UNSPECIFIED.,.F.,.F.,(7,5,5,7),(0.,0.180743708544,
    0.404460755847,1.),.UNSPECIFIED.);
#4672 = CARTESIAN_POINT('',(2.,0.599999983128));
#4673 = CARTESIAN_POINT('',(1.999959015099,0.60299995441));
#4674 = CARTESIAN_POINT('',(1.999920866393,0.605999923058));
#4675 = CARTESIAN_POINT('',(1.999886280294,0.608999901784));
#4676 = CARTESIAN_POINT('',(1.999855781657,0.611999902671));
#4677 = CARTESIAN_POINT('',(1.99982969379,0.614999937178));
#4678 = CARTESIAN_POINT('',(1.999781458138,0.621713389138));
#4679 = CARTESIAN_POINT('',(1.999761740873,0.625426832113));
#4680 = CARTESIAN_POINT('',(1.99974916623,0.629140364995));
#4681 = CARTESIAN_POINT('',(1.999743533245,0.632854003575));
#4682 = CARTESIAN_POINT('',(1.999744260421,0.636567759508));
#4683 = CARTESIAN_POINT('',(1.999766691374,0.650168065126));
#4684 = CARTESIAN_POINT('',(1.999821346494,0.660055816143));
#4685 = CARTESIAN_POINT('',(1.999897781462,0.66994413104));
#4686 = CARTESIAN_POINT('',(1.999964447825,0.679833404863));
#4687 = CARTESIAN_POINT('',(1.99999943936,0.689723727998));
#4688 = CARTESIAN_POINT('',(2.,0.699613740505));
#4689 = ( GEOMETRIC_REPRESENTATION_CONTEXT(2) 
PARAMETRIC_REPRESENTATION_CONTEXT() REPRESENTATION_CONTEXT('2D SPACE',''
  ) );
#4690 = ORIENTED_EDGE('',*,*,#3222,.T.);
#4691 = ORIENTED_EDGE('',*,*,#4692,.F.);
#4692 = EDGE_CURVE('',#3134,#3169,#4693,.T.);
#4693 = SURFACE_CURVE('',#4694,(#4709,#4727),.PCURVE_S1.);
#4694 = B_SPLINE_CURVE_WITH_KNOTS('',5,(#4695,#4696,#4697,#4698,#4699,
    #4700,#4701,#4702,#4703,#4704,#4705,#4706,#4707,#4708),
  .UNSPECIFIED.,.F.,.F.,(6,4,4,6),(0.,0.334936462721,0.694717083733,1.),
  .UNSPECIFIED.);
#4695 = CARTESIAN_POINT('',(1.004305260704,-3.090933668541,
    2.127250101897));
#4696 = CARTESIAN_POINT('',(0.874208934463,-3.133204528693,
    2.118745717288));
#4697 = CARTESIAN_POINT('',(0.741887943105,-3.168630942078,
    2.110241110519));
#4698 = CARTESIAN_POINT('',(0.607824506253,-3.197056321022,2.10173615695
    ));
#4699 = CARTESIAN_POINT('',(0.472512556094,-3.218375940889,2.09323050035
    ));
#4700 = CARTESIAN_POINT('',(0.19030823741,-3.247748984353,2.075586987514
    ));
#4701 = CARTESIAN_POINT('',(4.329931479733E-02,-3.254701276519,
    2.066448906898));
#4702 = CARTESIAN_POINT('',(-0.103944768771,-3.253329152903,
    2.057310106499));
#4703 = CARTESIAN_POINT('',(-0.250798277986,-3.243638513782,
    2.04817043569));
#4704 = CARTESIAN_POINT('',(-0.520385301366,-3.210489721287,
    2.031274624219));
#4705 = CARTESIAN_POINT('',(-0.643404206153,-3.189339190886,
    2.023518555599));
#4706 = CARTESIAN_POINT('',(-0.765312893065,-3.162301323368,
    2.01576222308));
#4707 = CARTESIAN_POINT('',(-0.885738451827,-3.129458822671,
    2.008005780866));
#4708 = CARTESIAN_POINT('',(-1.004316139336,-3.090930133838,
    2.00024938651));
#4709 = PCURVE('',#2347,#4710);
#4710 = DEFINITIONAL_REPRESENTATION('',(#4711),#4726);
#4711 = B_SPLINE_CURVE_WITH_KNOTS('',5,(#4712,#4713,#4714,#4715,#4716,
    #4717,#4718,#4719,#4720,#4721,#4722,#4723,#4724,#4725),
  .UNSPECIFIED.,.F.,.F.,(6,4,4,6),(0.,0.334936462721,0.694717083733,1.),
  .UNSPECIFIED.);
#4712 = CARTESIAN_POINT('',(5.026548255121,2.127250101897));
#4713 = CARTESIAN_POINT('',(4.984458601899,2.118745717288));
#4714 = CARTESIAN_POINT('',(4.942368722852,2.110241110519));
#4715 = CARTESIAN_POINT('',(4.900279281848,2.10173615695));
#4716 = CARTESIAN_POINT('',(4.858189431078,2.09323050035));
#4717 = CARTESIAN_POINT('',(4.770888250342,2.075586987514));
#4718 = CARTESIAN_POINT('',(4.725676324062,2.066448906898));
#4719 = CARTESIAN_POINT('',(4.680465061744,2.057310106499));
#4720 = CARTESIAN_POINT('',(4.63525323505,2.04817043569));
#4721 = CARTESIAN_POINT('',(4.551678654039,2.031274624219));
#4722 = CARTESIAN_POINT('',(4.513315504869,2.023518555599));
#4723 = CARTESIAN_POINT('',(4.474952380778,2.01576222308));
#4724 = CARTESIAN_POINT('',(4.436589294429,2.008005780866));
#4725 = CARTESIAN_POINT('',(4.398226186117,2.00024938651));
#4726 = ( GEOMETRIC_REPRESENTATION_CONTEXT(2) 
PARAMETRIC_REPRESENTATION_CONTEXT() REPRESENTATION_CONTEXT('2D SPACE',''
  ) );
#4727 = PCURVE('',#3192,#4728);
#4728 = DEFINITIONAL_REPRESENTATION('',(#4729),#4744);
#4729 = B_SPLINE_CURVE_WITH_KNOTS('',5,(#4730,#4731,#4732,#4733,#4734,
    #4735,#4736,#4737,#4738,#4739,#4740,#4741,#4742,#4743),
  .UNSPECIFIED.,.F.,.F.,(6,4,4,6),(0.,0.334936462721,0.694717083733,1.),
  .UNSPECIFIED.);
#4730 = CARTESIAN_POINT('',(2.,0.800000001492));
#4731 = CARTESIAN_POINT('',(1.999857129721,0.793303635659));
#4732 = CARTESIAN_POINT('',(1.99975181789,0.786607094896));
#4733 = CARTESIAN_POINT('',(1.999689611279,0.779910281063));
#4734 = CARTESIAN_POINT('',(1.999664775475,0.773212913661));
#4735 = CARTESIAN_POINT('',(1.999670796368,0.759320383869));
#4736 = CARTESIAN_POINT('',(1.999705954017,0.752125044801));
#4737 = CARTESIAN_POINT('',(1.999761189781,0.744929138975));
#4738 = CARTESIAN_POINT('',(1.999820199796,0.737732547788));
#4739 = CARTESIAN_POINT('',(1.999917186202,0.724428759228));
#4740 = CARTESIAN_POINT('',(1.999957044936,0.718321618582));
#4741 = CARTESIAN_POINT('',(1.999985545273,0.712214270143));
#4742 = CARTESIAN_POINT('',(1.999999653536,0.706106835328));
#4743 = CARTESIAN_POINT('',(2.,0.699999438198));
#4744 = ( GEOMETRIC_REPRESENTATION_CONTEXT(2) 
PARAMETRIC_REPRESENTATION_CONTEXT() REPRESENTATION_CONTEXT('2D SPACE',''
  ) );
#4745 = ORIENTED_EDGE('',*,*,#3133,.F.);
#4746 = ADVANCED_FACE('',(#4747),#2399,.F.);
#4747 = FACE_BOUND('',#4748,.F.);
#4748 = EDGE_LOOP('',(#4749,#4750,#4751));
#4749 = ORIENTED_EDGE('',*,*,#2382,.T.);
#4750 = ORIENTED_EDGE('',*,*,#4493,.T.);
#4751 = ORIENTED_EDGE('',*,*,#4752,.T.);
#4752 = EDGE_CURVE('',#2483,#2383,#4753,.T.);
#4753 = SURFACE_CURVE('',#4754,(#4767,#4783),.PCURVE_S1.);
#4754 = B_SPLINE_CURVE_WITH_KNOTS('',6,(#4755,#4756,#4757,#4758,#4759,
    #4760,#4761,#4762,#4763,#4764,#4765,#4766),.UNSPECIFIED.,.F.,.F.,(7,
    5,7),(0.,0.652463418012,1.),.UNSPECIFIED.);
#4755 = CARTESIAN_POINT('',(3.25,-4.662936703426E-15,1.2700001));
#4756 = CARTESIAN_POINT('',(3.25,-0.221962752832,1.256192435365));
#4757 = CARTESIAN_POINT('',(3.231808846812,-0.444050022817,
    1.242392300582));
#4758 = CARTESIAN_POINT('',(3.19538892661,-0.664273273305,1.228590557321
    ));
#4759 = CARTESIAN_POINT('',(3.141022223995,-0.880742846336,
    1.214784465434));
#4760 = CARTESIAN_POINT('',(3.069216454296,-1.091660587049,
    1.200973743916));
#4761 = CARTESIAN_POINT('',(2.933567142903,-1.403807221572,
    1.179800993197));
#4762 = CARTESIAN_POINT('',(2.881686012132,-1.510231059421,
    1.172441670644));
#4763 = CARTESIAN_POINT('',(2.825179589102,-1.614337122751,
    1.165081631724));
#4764 = CARTESIAN_POINT('',(2.764178574135,-1.715875757227,
    1.157721153812));
#4765 = CARTESIAN_POINT('',(2.698831599819,-1.814607236881,
    1.150360528133));
#4766 = CARTESIAN_POINT('',(2.629305203428,-1.910302108889,
    1.143000097007));
#4767 = PCURVE('',#2399,#4768);
#4768 = DEFINITIONAL_REPRESENTATION('',(#4769),#4782);
#4769 = B_SPLINE_CURVE_WITH_KNOTS('',6,(#4770,#4771,#4772,#4773,#4774,
    #4775,#4776,#4777,#4778,#4779,#4780,#4781),.UNSPECIFIED.,.F.,.F.,(7,
    5,7),(0.,0.652463418012,1.),.UNSPECIFIED.);
#4770 = CARTESIAN_POINT('',(6.28318530718,1.2700001));
#4771 = CARTESIAN_POINT('',(6.214889075539,1.256192435365));
#4772 = CARTESIAN_POINT('',(6.14655457605,1.242392300582));
#4773 = CARTESIAN_POINT('',(6.078219942433,1.228590557321));
#4774 = CARTESIAN_POINT('',(6.009891136154,1.214784465434));
#4775 = CARTESIAN_POINT('',(5.941564892643,1.200973743916));
#4776 = CARTESIAN_POINT('',(5.836842658916,1.179800993197));
#4777 = CARTESIAN_POINT('',(5.800447719144,1.172441670644));
#4778 = CARTESIAN_POINT('',(5.764052858224,1.165081631724));
#4779 = CARTESIAN_POINT('',(5.727657777359,1.157721153812));
#4780 = CARTESIAN_POINT('',(5.691262259552,1.150360528133));
#4781 = CARTESIAN_POINT('',(5.654866761652,1.143000097007));
#4782 = ( GEOMETRIC_REPRESENTATION_CONTEXT(2) 
PARAMETRIC_REPRESENTATION_CONTEXT() REPRESENTATION_CONTEXT('2D SPACE',''
  ) );
#4783 = PCURVE('',#2429,#4784);
#4784 = DEFINITIONAL_REPRESENTATION('',(#4785),#4798);
#4785 = B_SPLINE_CURVE_WITH_KNOTS('',6,(#4786,#4787,#4788,#4789,#4790,
    #4791,#4792,#4793,#4794,#4795,#4796,#4797),.UNSPECIFIED.,.F.,.F.,(7,
    5,7),(0.,0.652463418012,1.),.UNSPECIFIED.);
#4786 = CARTESIAN_POINT('',(5.,1.));
#4787 = CARTESIAN_POINT('',(5.007486471834,0.989127823122));
#4788 = CARTESIAN_POINT('',(5.010194281655,0.978261575261));
#4789 = CARTESIAN_POINT('',(5.010123471349,0.967394060883));
#4790 = CARTESIAN_POINT('',(5.008734703994,0.956523122388));
#4791 = CARTESIAN_POINT('',(5.006870576175,0.945648538515));
#4792 = CARTESIAN_POINT('',(5.004005768486,0.928977081257));
#4793 = CARTESIAN_POINT('',(5.003008587483,0.923182339089));
#4794 = CARTESIAN_POINT('',(5.002080470809,0.917387032852));
#4795 = CARTESIAN_POINT('',(5.00126087354,0.911591380953));
#4796 = CARTESIAN_POINT('',(5.000566547036,0.905795612701));
#4797 = CARTESIAN_POINT('',(5.,0.899999997642));
#4798 = ( GEOMETRIC_REPRESENTATION_CONTEXT(2) 
PARAMETRIC_REPRESENTATION_CONTEXT() REPRESENTATION_CONTEXT('2D SPACE',''
  ) );
#4799 = ADVANCED_FACE('',(#4800),#2429,.F.);
#4800 = FACE_BOUND('',#4801,.F.);
#4801 = EDGE_LOOP('',(#4802,#4803,#4804));
#4802 = ORIENTED_EDGE('',*,*,#4752,.F.);
#4803 = ORIENTED_EDGE('',*,*,#2527,.F.);
#4804 = ORIENTED_EDGE('',*,*,#2411,.F.);
#4805 = ADVANCED_FACE('',(#4806),#2497,.F.);
#4806 = FACE_BOUND('',#4807,.F.);
#4807 = EDGE_LOOP('',(#4808,#4864,#4883,#4884,#4885,#4886,#4915,#4916,
    #4945,#4946,#4975,#4976,#4977,#5006,#5007,#5036,#5037,#5066));
#4808 = ORIENTED_EDGE('',*,*,#4809,.F.);
#4809 = EDGE_CURVE('',#4810,#4812,#4814,.T.);
#4810 = VERTEX_POINT('',#4811);
#4811 = CARTESIAN_POINT('',(2.562592335731,-4.27162543151E-12,
    1.666875100067));
#4812 = VERTEX_POINT('',#4813);
#4813 = CARTESIAN_POINT('',(2.562592335946,-1.283746728811E-11,
    2.9368751002));
#4814 = SURFACE_CURVE('',#4815,(#4827,#4834),.PCURVE_S1.);
#4815 = ( BOUNDED_CURVE() B_SPLINE_CURVE(6,(#4816,#4817,#4818,#4819,
    #4820,#4821,#4822,#4823,#4824,#4825,#4826),.UNSPECIFIED.,.F.,.F.) 
B_SPLINE_CURVE_WITH_KNOTS((7,4,7),(0.,0.5,1.),.UNSPECIFIED.) CURVE() 
GEOMETRIC_REPRESENTATION_ITEM() RATIONAL_B_SPLINE_CURVE((1.,1.,1.,1.,1.,
1.,1.,1.,1.,1.,1.)) REPRESENTATION_ITEM('') );
#4816 = CARTESIAN_POINT('',(2.562592335715,-8.407153168297E-12,
    1.666875100133));
#4817 = CARTESIAN_POINT('',(2.553543231177,1.34146241461,1.772708433468)
  );
#4818 = CARTESIAN_POINT('',(1.746129338956,2.682924829219,1.878541766948
    ));
#4819 = CARTESIAN_POINT('',(-1.521380702292E-02,3.370894531606,
    1.984375100637));
#4820 = CARTESIAN_POINT('',(-1.722903303968,2.682924829176,
    2.090208434301));
#4821 = CARTESIAN_POINT('',(-3.402281367414,-8.138462086738E-11,
    2.301875101289));
#4822 = CARTESIAN_POINT('',(-1.72290330382,-2.6829248293,2.513541767626)
  );
#4823 = CARTESIAN_POINT('',(-1.521380681682E-02,-3.370894531686,
    2.619375100629));
#4824 = CARTESIAN_POINT('',(1.746129339186,-2.682924829258,
    2.725208433635));
#4825 = CARTESIAN_POINT('',(2.553543231415,-1.341462414627,
    2.831041766801));
#4826 = CARTESIAN_POINT('',(2.562592335961,-8.701940089018E-12,
    2.936875100133));
#4827 = PCURVE('',#2497,#4828);
#4828 = DEFINITIONAL_REPRESENTATION('',(#4829),#4833);
#4829 = LINE('',#4830,#4831);
#4830 = CARTESIAN_POINT('',(4.,0.));
#4831 = VECTOR('',#4832,1.);
#4832 = DIRECTION('',(0.,1.));
#4833 = ( GEOMETRIC_REPRESENTATION_CONTEXT(2) 
PARAMETRIC_REPRESENTATION_CONTEXT() REPRESENTATION_CONTEXT('2D SPACE',''
  ) );
#4834 = PCURVE('',#4835,#4858);
#4835 = ( BOUNDED_SURFACE() B_SPLINE_SURFACE(1,6,(
    (#4836,#4837,#4838,#4839,#4840,#4841,#4842,#4843,#4844,#4845,#4846)
    ,(#4847,#4848,#4849,#4850,#4851,#4852,#4853,#4854,#4855,#4856,#4857
)),.UNSPECIFIED.,.F.,.F.,.F.) B_SPLINE_SURFACE_WITH_KNOTS((2,2),(7,4,7),
(3.,4.),(0.,0.5,1.),.UNSPECIFIED.) GEOMETRIC_REPRESENTATION_ITEM() 
RATIONAL_B_SPLINE_SURFACE((
    (1.,1.,1.,1.,1.,1.,1.,1.,1.,1.,1.)
,(1.,1.,1.,1.,1.,1.,1.,1.,1.,1.,1.
  ))) REPRESENTATION_ITEM('') SURFACE() );
#4836 = CARTESIAN_POINT('',(2.562592335777,-8.43132940977E-12,
    1.984375100133));
#4837 = CARTESIAN_POINT('',(2.553543231238,1.34146241461,2.090208433468)
  );
#4838 = CARTESIAN_POINT('',(1.746129339017,2.682924829219,2.196041766948
    ));
#4839 = CARTESIAN_POINT('',(-1.52138069614E-02,3.370894531606,
    2.301875100637));
#4840 = CARTESIAN_POINT('',(-1.722903303906,2.682924829176,
    2.407708434301));
#4841 = CARTESIAN_POINT('',(-3.402281367352,-8.140879710885E-11,
    2.619375101289));
#4842 = CARTESIAN_POINT('',(-1.722903303758,-2.6829248293,2.831041767626
    ));
#4843 = CARTESIAN_POINT('',(-1.521380675531E-02,-3.370894531686,
    2.936875100628));
#4844 = CARTESIAN_POINT('',(1.746129339248,-2.682924829258,
    3.042708433635));
#4845 = CARTESIAN_POINT('',(2.553543231476,-1.341462414627,
    3.148541766801));
#4846 = CARTESIAN_POINT('',(2.562592336023,-8.726116330491E-12,
    3.254375100133));
#4847 = CARTESIAN_POINT('',(2.562592335715,-8.407153168297E-12,
    1.666875100133));
#4848 = CARTESIAN_POINT('',(2.553543231177,1.34146241461,1.772708433468)
  );
#4849 = CARTESIAN_POINT('',(1.746129338956,2.682924829219,1.878541766948
    ));
#4850 = CARTESIAN_POINT('',(-1.521380702292E-02,3.370894531606,
    1.984375100637));
#4851 = CARTESIAN_POINT('',(-1.722903303968,2.682924829176,
    2.090208434301));
#4852 = CARTESIAN_POINT('',(-3.402281367414,-8.138462086738E-11,
    2.301875101289));
#4853 = CARTESIAN_POINT('',(-1.72290330382,-2.6829248293,2.513541767626)
  );
#4854 = CARTESIAN_POINT('',(-1.521380681682E-02,-3.370894531686,
    2.619375100629));
#4855 = CARTESIAN_POINT('',(1.746129339186,-2.682924829258,
    2.725208433635));
#4856 = CARTESIAN_POINT('',(2.553543231415,-1.341462414627,
    2.831041766801));
#4857 = CARTESIAN_POINT('',(2.562592335961,-8.701940089018E-12,
    2.936875100133));
#4858 = DEFINITIONAL_REPRESENTATION('',(#4859),#4863);
#4859 = LINE('',#4860,#4861);
#4860 = CARTESIAN_POINT('',(4.,0.));
#4861 = VECTOR('',#4862,1.);
#4862 = DIRECTION('',(0.,1.));
#4863 = ( GEOMETRIC_REPRESENTATION_CONTEXT(2) 
PARAMETRIC_REPRESENTATION_CONTEXT() REPRESENTATION_CONTEXT('2D SPACE',''
  ) );
#4864 = ORIENTED_EDGE('',*,*,#4865,.T.);
#4865 = EDGE_CURVE('',#4810,#2617,#4866,.T.);
#4866 = SURFACE_CURVE('',#4867,(#4870,#4876),.PCURVE_S1.);
#4867 = B_SPLINE_CURVE_WITH_KNOTS('',1,(#4868,#4869),.UNSPECIFIED.,.F.,
  .F.,(2,2),(4.,5.),.PIECEWISE_BEZIER_KNOTS.);
#4868 = CARTESIAN_POINT('',(2.562592335746,-1.360976947228E-13,1.6668751
    ));
#4869 = CARTESIAN_POINT('',(3.25,-1.557506027574E-15,1.2700001));
#4870 = PCURVE('',#2497,#4871);
#4871 = DEFINITIONAL_REPRESENTATION('',(#4872),#4875);
#4872 = B_SPLINE_CURVE_WITH_KNOTS('',1,(#4873,#4874),.UNSPECIFIED.,.F.,
  .F.,(2,2),(4.,5.),.PIECEWISE_BEZIER_KNOTS.);
#4873 = CARTESIAN_POINT('',(4.,0.));
#4874 = CARTESIAN_POINT('',(5.,0.));
#4875 = ( GEOMETRIC_REPRESENTATION_CONTEXT(2) 
PARAMETRIC_REPRESENTATION_CONTEXT() REPRESENTATION_CONTEXT('2D SPACE',''
  ) );
#4876 = PCURVE('',#2716,#4877);
#4877 = DEFINITIONAL_REPRESENTATION('',(#4878),#4882);
#4878 = LINE('',#4879,#4880);
#4879 = CARTESIAN_POINT('',(0.,1.));
#4880 = VECTOR('',#4881,1.);
#4881 = DIRECTION('',(1.,0.));
#4882 = ( GEOMETRIC_REPRESENTATION_CONTEXT(2) 
PARAMETRIC_REPRESENTATION_CONTEXT() REPRESENTATION_CONTEXT('2D SPACE',''
  ) );
#4883 = ORIENTED_EDGE('',*,*,#2616,.T.);
#4884 = ORIENTED_EDGE('',*,*,#2584,.F.);
#4885 = ORIENTED_EDGE('',*,*,#2482,.T.);
#4886 = ORIENTED_EDGE('',*,*,#4887,.T.);
#4887 = EDGE_CURVE('',#2483,#4388,#4888,.T.);
#4888 = SURFACE_CURVE('',#4889,(#4901,#4908),.PCURVE_S1.);
#4889 = ( BOUNDED_CURVE() B_SPLINE_CURVE(6,(#4890,#4891,#4892,#4893,
    #4894,#4895,#4896,#4897,#4898,#4899,#4900),.UNSPECIFIED.,.F.,.F.) 
B_SPLINE_CURVE_WITH_KNOTS((7,4,7),(0.,0.5,1.),.UNSPECIFIED.) CURVE() 
GEOMETRIC_REPRESENTATION_ITEM() RATIONAL_B_SPLINE_CURVE((1.,1.,1.,1.,1.,
1.,1.,1.,1.,1.,1.)) REPRESENTATION_ITEM('') );
#4890 = CARTESIAN_POINT('',(3.249999999892,4.075091655001E-14,1.2700001)
  );
#4891 = CARTESIAN_POINT('',(3.23852350057,1.701305661014,1.375833433336)
  );
#4892 = CARTESIAN_POINT('',(2.214523266493,3.402611322016,1.481666766858
    ));
#4893 = CARTESIAN_POINT('',(-1.929486458294E-02,4.275126821522,
    1.587500100638));
#4894 = CARTESIAN_POINT('',(-2.185066918411,3.402611321962,
    1.693333434391));
#4895 = CARTESIAN_POINT('',(-4.314933081641,-9.318757199726E-11,
    1.905000101466));
#4896 = CARTESIAN_POINT('',(-2.185066918245,-3.402611322096,
    2.116666767715));
#4897 = CARTESIAN_POINT('',(-1.929486435454E-02,-4.275126821602,
    2.222500100629));
#4898 = CARTESIAN_POINT('',(2.214523266741,-3.402611322042,
    2.328333433544));
#4899 = CARTESIAN_POINT('',(3.238523500817,-1.701305661014,
    2.434166766669));
#4900 = CARTESIAN_POINT('',(3.250000000138,-5.706746615934E-14,2.5400001
    ));
#4901 = PCURVE('',#2497,#4902);
#4902 = DEFINITIONAL_REPRESENTATION('',(#4903),#4907);
#4903 = LINE('',#4904,#4905);
#4904 = CARTESIAN_POINT('',(5.,0.));
#4905 = VECTOR('',#4906,1.);
#4906 = DIRECTION('',(0.,1.));
#4907 = ( GEOMETRIC_REPRESENTATION_CONTEXT(2) 
PARAMETRIC_REPRESENTATION_CONTEXT() REPRESENTATION_CONTEXT('2D SPACE',''
  ) );
#4908 = PCURVE('',#4454,#4909);
#4909 = DEFINITIONAL_REPRESENTATION('',(#4910),#4914);
#4910 = LINE('',#4911,#4912);
#4911 = CARTESIAN_POINT('',(5.,0.));
#4912 = VECTOR('',#4913,1.);
#4913 = DIRECTION('',(0.,1.));
#4914 = ( GEOMETRIC_REPRESENTATION_CONTEXT(2) 
PARAMETRIC_REPRESENTATION_CONTEXT() REPRESENTATION_CONTEXT('2D SPACE',''
  ) );
#4915 = ORIENTED_EDGE('',*,*,#4387,.T.);
#4916 = ORIENTED_EDGE('',*,*,#4917,.T.);
#4917 = EDGE_CURVE('',#4315,#4281,#4918,.T.);
#4918 = SURFACE_CURVE('',#4919,(#4931,#4938),.PCURVE_S1.);
#4919 = ( BOUNDED_CURVE() B_SPLINE_CURVE(6,(#4920,#4921,#4922,#4923,
    #4924,#4925,#4926,#4927,#4928,#4929,#4930),.UNSPECIFIED.,.F.,.F.) 
B_SPLINE_CURVE_WITH_KNOTS((7,4,7),(0.,0.5,1.),.UNSPECIFIED.) CURVE() 
GEOMETRIC_REPRESENTATION_ITEM() RATIONAL_B_SPLINE_CURVE((1.,1.,1.,1.,1.,
1.,1.,1.,1.,1.,1.)) REPRESENTATION_ITEM('') );
#4920 = CARTESIAN_POINT('',(3.249999999892,4.075091655001E-14,1.2700001)
  );
#4921 = CARTESIAN_POINT('',(3.23852350057,1.701305661014,1.375833433336)
  );
#4922 = CARTESIAN_POINT('',(2.214523266493,3.402611322016,1.481666766858
    ));
#4923 = CARTESIAN_POINT('',(-1.929486458294E-02,4.275126821522,
    1.587500100638));
#4924 = CARTESIAN_POINT('',(-2.185066918411,3.402611321962,
    1.693333434391));
#4925 = CARTESIAN_POINT('',(-4.314933081641,-9.318757199726E-11,
    1.905000101466));
#4926 = CARTESIAN_POINT('',(-2.185066918245,-3.402611322096,
    2.116666767715));
#4927 = CARTESIAN_POINT('',(-1.929486435454E-02,-4.275126821602,
    2.222500100629));
#4928 = CARTESIAN_POINT('',(2.214523266741,-3.402611322042,
    2.328333433544));
#4929 = CARTESIAN_POINT('',(3.238523500817,-1.701305661014,
    2.434166766669));
#4930 = CARTESIAN_POINT('',(3.250000000138,-5.706746615934E-14,2.5400001
    ));
#4931 = PCURVE('',#2497,#4932);
#4932 = DEFINITIONAL_REPRESENTATION('',(#4933),#4937);
#4933 = LINE('',#4934,#4935);
#4934 = CARTESIAN_POINT('',(5.,0.));
#4935 = VECTOR('',#4936,1.);
#4936 = DIRECTION('',(0.,1.));
#4937 = ( GEOMETRIC_REPRESENTATION_CONTEXT(2) 
PARAMETRIC_REPRESENTATION_CONTEXT() REPRESENTATION_CONTEXT('2D SPACE',''
  ) );
#4938 = PCURVE('',#4348,#4939);
#4939 = DEFINITIONAL_REPRESENTATION('',(#4940),#4944);
#4940 = LINE('',#4941,#4942);
#4941 = CARTESIAN_POINT('',(5.,0.));
#4942 = VECTOR('',#4943,1.);
#4943 = DIRECTION('',(0.,1.));
#4944 = ( GEOMETRIC_REPRESENTATION_CONTEXT(2) 
PARAMETRIC_REPRESENTATION_CONTEXT() REPRESENTATION_CONTEXT('2D SPACE',''
  ) );
#4945 = ORIENTED_EDGE('',*,*,#4280,.T.);
#4946 = ORIENTED_EDGE('',*,*,#4947,.T.);
#4947 = EDGE_CURVE('',#4193,#4137,#4948,.T.);
#4948 = SURFACE_CURVE('',#4949,(#4961,#4968),.PCURVE_S1.);
#4949 = ( BOUNDED_CURVE() B_SPLINE_CURVE(6,(#4950,#4951,#4952,#4953,
    #4954,#4955,#4956,#4957,#4958,#4959,#4960),.UNSPECIFIED.,.F.,.F.) 
B_SPLINE_CURVE_WITH_KNOTS((7,4,7),(0.,0.5,1.),.UNSPECIFIED.) CURVE() 
GEOMETRIC_REPRESENTATION_ITEM() RATIONAL_B_SPLINE_CURVE((1.,1.,1.,1.,1.,
1.,1.,1.,1.,1.,1.)) REPRESENTATION_ITEM('') );
#4950 = CARTESIAN_POINT('',(3.249999999892,4.075091655001E-14,1.2700001)
  );
#4951 = CARTESIAN_POINT('',(3.23852350057,1.701305661014,1.375833433336)
  );
#4952 = CARTESIAN_POINT('',(2.214523266493,3.402611322016,1.481666766858
    ));
#4953 = CARTESIAN_POINT('',(-1.929486458294E-02,4.275126821522,
    1.587500100638));
#4954 = CARTESIAN_POINT('',(-2.185066918411,3.402611321962,
    1.693333434391));
#4955 = CARTESIAN_POINT('',(-4.314933081641,-9.318757199726E-11,
    1.905000101466));
#4956 = CARTESIAN_POINT('',(-2.185066918245,-3.402611322096,
    2.116666767715));
#4957 = CARTESIAN_POINT('',(-1.929486435454E-02,-4.275126821602,
    2.222500100629));
#4958 = CARTESIAN_POINT('',(2.214523266741,-3.402611322042,
    2.328333433544));
#4959 = CARTESIAN_POINT('',(3.238523500817,-1.701305661014,
    2.434166766669));
#4960 = CARTESIAN_POINT('',(3.250000000138,-5.706746615934E-14,2.5400001
    ));
#4961 = PCURVE('',#2497,#4962);
#4962 = DEFINITIONAL_REPRESENTATION('',(#4963),#4967);
#4963 = LINE('',#4964,#4965);
#4964 = CARTESIAN_POINT('',(5.,0.));
#4965 = VECTOR('',#4966,1.);
#4966 = DIRECTION('',(0.,1.));
#4967 = ( GEOMETRIC_REPRESENTATION_CONTEXT(2) 
PARAMETRIC_REPRESENTATION_CONTEXT() REPRESENTATION_CONTEXT('2D SPACE',''
  ) );
#4968 = PCURVE('',#4236,#4969);
#4969 = DEFINITIONAL_REPRESENTATION('',(#4970),#4974);
#4970 = LINE('',#4971,#4972);
#4971 = CARTESIAN_POINT('',(5.,0.));
#4972 = VECTOR('',#4973,1.);
#4973 = DIRECTION('',(0.,1.));
#4974 = ( GEOMETRIC_REPRESENTATION_CONTEXT(2) 
PARAMETRIC_REPRESENTATION_CONTEXT() REPRESENTATION_CONTEXT('2D SPACE',''
  ) );
#4975 = ORIENTED_EDGE('',*,*,#4136,.T.);
#4976 = ORIENTED_EDGE('',*,*,#4080,.F.);
#4977 = ORIENTED_EDGE('',*,*,#4978,.T.);
#4978 = EDGE_CURVE('',#3993,#3959,#4979,.T.);
#4979 = SURFACE_CURVE('',#4980,(#4992,#4999),.PCURVE_S1.);
#4980 = ( BOUNDED_CURVE() B_SPLINE_CURVE(6,(#4981,#4982,#4983,#4984,
    #4985,#4986,#4987,#4988,#4989,#4990,#4991),.UNSPECIFIED.,.F.,.F.) 
B_SPLINE_CURVE_WITH_KNOTS((7,4,7),(0.,0.5,1.),.UNSPECIFIED.) CURVE() 
GEOMETRIC_REPRESENTATION_ITEM() RATIONAL_B_SPLINE_CURVE((1.,1.,1.,1.,1.,
1.,1.,1.,1.,1.,1.)) REPRESENTATION_ITEM('') );
#4981 = CARTESIAN_POINT('',(3.249999999892,4.075091655001E-14,1.2700001)
  );
#4982 = CARTESIAN_POINT('',(3.23852350057,1.701305661014,1.375833433336)
  );
#4983 = CARTESIAN_POINT('',(2.214523266493,3.402611322016,1.481666766858
    ));
#4984 = CARTESIAN_POINT('',(-1.929486458294E-02,4.275126821522,
    1.587500100638));
#4985 = CARTESIAN_POINT('',(-2.185066918411,3.402611321962,
    1.693333434391));
#4986 = CARTESIAN_POINT('',(-4.314933081641,-9.318757199726E-11,
    1.905000101466));
#4987 = CARTESIAN_POINT('',(-2.185066918245,-3.402611322096,
    2.116666767715));
#4988 = CARTESIAN_POINT('',(-1.929486435454E-02,-4.275126821602,
    2.222500100629));
#4989 = CARTESIAN_POINT('',(2.214523266741,-3.402611322042,
    2.328333433544));
#4990 = CARTESIAN_POINT('',(3.238523500817,-1.701305661014,
    2.434166766669));
#4991 = CARTESIAN_POINT('',(3.250000000138,-5.706746615934E-14,2.5400001
    ));
#4992 = PCURVE('',#2497,#4993);
#4993 = DEFINITIONAL_REPRESENTATION('',(#4994),#4998);
#4994 = LINE('',#4995,#4996);
#4995 = CARTESIAN_POINT('',(5.,0.));
#4996 = VECTOR('',#4997,1.);
#4997 = DIRECTION('',(0.,1.));
#4998 = ( GEOMETRIC_REPRESENTATION_CONTEXT(2) 
PARAMETRIC_REPRESENTATION_CONTEXT() REPRESENTATION_CONTEXT('2D SPACE',''
  ) );
#4999 = PCURVE('',#4036,#5000);
#5000 = DEFINITIONAL_REPRESENTATION('',(#5001),#5005);
#5001 = LINE('',#5002,#5003);
#5002 = CARTESIAN_POINT('',(5.,0.));
#5003 = VECTOR('',#5004,1.);
#5004 = DIRECTION('',(0.,1.));
#5005 = ( GEOMETRIC_REPRESENTATION_CONTEXT(2) 
PARAMETRIC_REPRESENTATION_CONTEXT() REPRESENTATION_CONTEXT('2D SPACE',''
  ) );
#5006 = ORIENTED_EDGE('',*,*,#3958,.T.);
#5007 = ORIENTED_EDGE('',*,*,#5008,.T.);
#5008 = EDGE_CURVE('',#3880,#3824,#5009,.T.);
#5009 = SURFACE_CURVE('',#5010,(#5022,#5029),.PCURVE_S1.);
#5010 = ( BOUNDED_CURVE() B_SPLINE_CURVE(6,(#5011,#5012,#5013,#5014,
    #5015,#5016,#5017,#5018,#5019,#5020,#5021),.UNSPECIFIED.,.F.,.F.) 
B_SPLINE_CURVE_WITH_KNOTS((7,4,7),(0.,0.5,1.),.UNSPECIFIED.) CURVE() 
GEOMETRIC_REPRESENTATION_ITEM() RATIONAL_B_SPLINE_CURVE((1.,1.,1.,1.,1.,
1.,1.,1.,1.,1.,1.)) REPRESENTATION_ITEM('') );
#5011 = CARTESIAN_POINT('',(3.249999999892,4.075091655001E-14,1.2700001)
  );
#5012 = CARTESIAN_POINT('',(3.23852350057,1.701305661014,1.375833433336)
  );
#5013 = CARTESIAN_POINT('',(2.214523266493,3.402611322016,1.481666766858
    ));
#5014 = CARTESIAN_POINT('',(-1.929486458294E-02,4.275126821522,
    1.587500100638));
#5015 = CARTESIAN_POINT('',(-2.185066918411,3.402611321962,
    1.693333434391));
#5016 = CARTESIAN_POINT('',(-4.314933081641,-9.318757199726E-11,
    1.905000101466));
#5017 = CARTESIAN_POINT('',(-2.185066918245,-3.402611322096,
    2.116666767715));
#5018 = CARTESIAN_POINT('',(-1.929486435454E-02,-4.275126821602,
    2.222500100629));
#5019 = CARTESIAN_POINT('',(2.214523266741,-3.402611322042,
    2.328333433544));
#5020 = CARTESIAN_POINT('',(3.238523500817,-1.701305661014,
    2.434166766669));
#5021 = CARTESIAN_POINT('',(3.250000000138,-5.706746615934E-14,2.5400001
    ));
#5022 = PCURVE('',#2497,#5023);
#5023 = DEFINITIONAL_REPRESENTATION('',(#5024),#5028);
#5024 = LINE('',#5025,#5026);
#5025 = CARTESIAN_POINT('',(5.,0.));
#5026 = VECTOR('',#5027,1.);
#5027 = DIRECTION('',(0.,1.));
#5028 = ( GEOMETRIC_REPRESENTATION_CONTEXT(2) 
PARAMETRIC_REPRESENTATION_CONTEXT() REPRESENTATION_CONTEXT('2D SPACE',''
  ) );
#5029 = PCURVE('',#3917,#5030);
#5030 = DEFINITIONAL_REPRESENTATION('',(#5031),#5035);
#5031 = LINE('',#5032,#5033);
#5032 = CARTESIAN_POINT('',(5.,0.));
#5033 = VECTOR('',#5034,1.);
#5034 = DIRECTION('',(0.,1.));
#5035 = ( GEOMETRIC_REPRESENTATION_CONTEXT(2) 
PARAMETRIC_REPRESENTATION_CONTEXT() REPRESENTATION_CONTEXT('2D SPACE',''
  ) );
#5036 = ORIENTED_EDGE('',*,*,#3823,.T.);
#5037 = ORIENTED_EDGE('',*,*,#5038,.T.);
#5038 = EDGE_CURVE('',#3751,#3723,#5039,.T.);
#5039 = SURFACE_CURVE('',#5040,(#5052,#5059),.PCURVE_S1.);
#5040 = ( BOUNDED_CURVE() B_SPLINE_CURVE(6,(#5041,#5042,#5043,#5044,
    #5045,#5046,#5047,#5048,#5049,#5050,#5051),.UNSPECIFIED.,.F.,.F.) 
B_SPLINE_CURVE_WITH_KNOTS((7,4,7),(0.,0.5,1.),.UNSPECIFIED.) CURVE() 
GEOMETRIC_REPRESENTATION_ITEM() RATIONAL_B_SPLINE_CURVE((1.,1.,1.,1.,1.,
1.,1.,1.,1.,1.,1.)) REPRESENTATION_ITEM('') );
#5041 = CARTESIAN_POINT('',(3.249999999892,4.075091655001E-14,1.2700001)
  );
#5042 = CARTESIAN_POINT('',(3.23852350057,1.701305661014,1.375833433336)
  );
#5043 = CARTESIAN_POINT('',(2.214523266493,3.402611322016,1.481666766858
    ));
#5044 = CARTESIAN_POINT('',(-1.929486458294E-02,4.275126821522,
    1.587500100638));
#5045 = CARTESIAN_POINT('',(-2.185066918411,3.402611321962,
    1.693333434391));
#5046 = CARTESIAN_POINT('',(-4.314933081641,-9.318757199726E-11,
    1.905000101466));
#5047 = CARTESIAN_POINT('',(-2.185066918245,-3.402611322096,
    2.116666767715));
#5048 = CARTESIAN_POINT('',(-1.929486435454E-02,-4.275126821602,
    2.222500100629));
#5049 = CARTESIAN_POINT('',(2.214523266741,-3.402611322042,
    2.328333433544));
#5050 = CARTESIAN_POINT('',(3.238523500817,-1.701305661014,
    2.434166766669));
#5051 = CARTESIAN_POINT('',(3.250000000138,-5.706746615934E-14,2.5400001
    ));
#5052 = PCURVE('',#2497,#5053);
#5053 = DEFINITIONAL_REPRESENTATION('',(#5054),#5058);
#5054 = LINE('',#5055,#5056);
#5055 = CARTESIAN_POINT('',(5.,0.));
#5056 = VECTOR('',#5057,1.);
#5057 = DIRECTION('',(0.,1.));
#5058 = ( GEOMETRIC_REPRESENTATION_CONTEXT(2) 
PARAMETRIC_REPRESENTATION_CONTEXT() REPRESENTATION_CONTEXT('2D SPACE',''
  ) );
#5059 = PCURVE('',#3784,#5060);
#5060 = DEFINITIONAL_REPRESENTATION('',(#5061),#5065);
#5061 = LINE('',#5062,#5063);
#5062 = CARTESIAN_POINT('',(5.,0.));
#5063 = VECTOR('',#5064,1.);
#5064 = DIRECTION('',(0.,1.));
#5065 = ( GEOMETRIC_REPRESENTATION_CONTEXT(2) 
PARAMETRIC_REPRESENTATION_CONTEXT() REPRESENTATION_CONTEXT('2D SPACE',''
  ) );
#5066 = ORIENTED_EDGE('',*,*,#5067,.F.);
#5067 = EDGE_CURVE('',#4812,#3723,#5068,.T.);
#5068 = SURFACE_CURVE('',#5069,(#5072,#5079),.PCURVE_S1.);
#5069 = B_SPLINE_CURVE_WITH_KNOTS('',1,(#5070,#5071),.UNSPECIFIED.,.F.,
  .F.,(2,2),(4.,5.),.PIECEWISE_BEZIER_KNOTS.);
#5070 = CARTESIAN_POINT('',(2.562592335961,-8.701940089018E-12,
    2.936875100133));
#5071 = CARTESIAN_POINT('',(3.250000000138,-5.706746615934E-14,2.5400001
    ));
#5072 = PCURVE('',#2497,#5073);
#5073 = DEFINITIONAL_REPRESENTATION('',(#5074),#5078);
#5074 = LINE('',#5075,#5076);
#5075 = CARTESIAN_POINT('',(0.,1.));
#5076 = VECTOR('',#5077,1.);
#5077 = DIRECTION('',(1.,0.));
#5078 = ( GEOMETRIC_REPRESENTATION_CONTEXT(2) 
PARAMETRIC_REPRESENTATION_CONTEXT() REPRESENTATION_CONTEXT('2D SPACE',''
  ) );
#5079 = PCURVE('',#5080,#5103);
#5080 = ( BOUNDED_SURFACE() B_SPLINE_SURFACE(1,6,(
    (#5081,#5082,#5083,#5084,#5085,#5086,#5087,#5088,#5089,#5090,#5091)
    ,(#5092,#5093,#5094,#5095,#5096,#5097,#5098,#5099,#5100,#5101,#5102
)),.UNSPECIFIED.,.F.,.F.,.F.) B_SPLINE_SURFACE_WITH_KNOTS((2,2),(7,4,7),
(4.,5.),(0.,0.5,1.),.UNSPECIFIED.) GEOMETRIC_REPRESENTATION_ITEM() 
RATIONAL_B_SPLINE_SURFACE((
    (1.,1.,1.,1.,1.,1.,1.,1.,1.,1.,1.)
,(1.,1.,1.,1.,1.,1.,1.,1.,1.,1.,1.
  ))) REPRESENTATION_ITEM('') SURFACE() );
#5081 = CARTESIAN_POINT('',(2.562592335931,-1.697299448721E-11,
    2.936875100266));
#5082 = CARTESIAN_POINT('',(2.553543231396,1.341462414602,3.042708433604
    ));
#5083 = CARTESIAN_POINT('',(1.746129339179,2.682924829201,3.14854176724)
  );
#5084 = CARTESIAN_POINT('',(-1.521380678768E-02,3.370894531566,
    3.254375101269));
#5085 = CARTESIAN_POINT('',(-1.722903303704,2.682924829115,
    3.360208435265));
#5086 = CARTESIAN_POINT('',(-3.402281367075,-1.635836806026E-10,
    3.571875102578));
#5087 = CARTESIAN_POINT('',(-1.722903303407,-2.682924829362,
    3.783541768589));
#5088 = CARTESIAN_POINT('',(-1.521380637539E-02,-3.370894531726,
    3.889375101261));
#5089 = CARTESIAN_POINT('',(1.746129339639,-2.682924829276,
    3.995208433926));
#5090 = CARTESIAN_POINT('',(2.553543231872,-1.341462414636,
    4.101041766936));
#5091 = CARTESIAN_POINT('',(2.562592336423,-1.736449497698E-11,
    4.206875100266));
#5092 = CARTESIAN_POINT('',(3.250000000031,-1.475527969844E-14,2.5400001
    ));
#5093 = CARTESIAN_POINT('',(3.238523500708,1.701305661014,2.645833433338
    ));
#5094 = CARTESIAN_POINT('',(2.214523266631,3.402611322003,2.751666767058
    ));
#5095 = CARTESIAN_POINT('',(-1.929486443575E-02,4.275126821481,
    2.857500101271));
#5096 = CARTESIAN_POINT('',(-2.185066918233,3.402611321895,
    2.963333435444));
#5097 = CARTESIAN_POINT('',(-4.31493308138,-1.866152137806E-10,
    3.175000102931));
#5098 = CARTESIAN_POINT('',(-2.185066917901,-3.402611322163,
    3.386666768768));
#5099 = CARTESIAN_POINT('',(-1.929486397884E-02,-4.275126821643,
    3.492500101262));
#5100 = CARTESIAN_POINT('',(2.214523267127,-3.402611322055,
    3.598333433744));
#5101 = CARTESIAN_POINT('',(3.238523501202,-1.701305661015,
    3.704166766671));
#5102 = CARTESIAN_POINT('',(3.250000000523,-2.092872314613E-13,3.8100001
    ));
#5103 = DEFINITIONAL_REPRESENTATION('',(#5104),#5107);
#5104 = B_SPLINE_CURVE_WITH_KNOTS('',1,(#5105,#5106),.UNSPECIFIED.,.F.,
  .F.,(2,2),(4.,5.),.PIECEWISE_BEZIER_KNOTS.);
#5105 = CARTESIAN_POINT('',(4.,0.));
#5106 = CARTESIAN_POINT('',(5.,0.));
#5107 = ( GEOMETRIC_REPRESENTATION_CONTEXT(2) 
PARAMETRIC_REPRESENTATION_CONTEXT() REPRESENTATION_CONTEXT('2D SPACE',''
  ) );
#5108 = ADVANCED_FACE('',(#5109),#2822,.F.);
#5109 = FACE_BOUND('',#5110,.F.);
#5110 = EDGE_LOOP('',(#5111,#5112,#5113,#5142));
#5111 = ORIENTED_EDGE('',*,*,#3004,.F.);
#5112 = ORIENTED_EDGE('',*,*,#2760,.F.);
#5113 = ORIENTED_EDGE('',*,*,#5114,.T.);
#5114 = EDGE_CURVE('',#2673,#4810,#5115,.T.);
#5115 = SURFACE_CURVE('',#5116,(#5128,#5135),.PCURVE_S1.);
#5116 = ( BOUNDED_CURVE() B_SPLINE_CURVE(6,(#5117,#5118,#5119,#5120,
    #5121,#5122,#5123,#5124,#5125,#5126,#5127),.UNSPECIFIED.,.F.,.F.) 
B_SPLINE_CURVE_WITH_KNOTS((7,4,7),(0.,0.5,1.),.UNSPECIFIED.) CURVE() 
GEOMETRIC_REPRESENTATION_ITEM() RATIONAL_B_SPLINE_CURVE((1.,1.,1.,1.,1.,
1.,1.,1.,1.,1.,1.)) REPRESENTATION_ITEM('') );
#5117 = CARTESIAN_POINT('',(2.562592335746,6.198426010596E-14,0.3968751)
  );
#5118 = CARTESIAN_POINT('',(2.553543231203,1.341462414619,0.502708433333
    ));
#5119 = CARTESIAN_POINT('',(1.746129338979,2.682924829238,0.608541766657
    ));
#5120 = CARTESIAN_POINT('',(-1.521380701209E-02,3.370894531646,
    0.714375100004));
#5121 = CARTESIAN_POINT('',(-1.722903303986,2.682924829238,
    0.820208433338));
#5122 = CARTESIAN_POINT('',(-3.402281367506,7.177306757041E-13,1.0318751
    ));
#5123 = CARTESIAN_POINT('',(-1.722903303986,-2.682924829239,
    1.243541766662));
#5124 = CARTESIAN_POINT('',(-1.52138070122E-02,-3.370894531645,
    1.349375099996));
#5125 = CARTESIAN_POINT('',(1.746129338979,-2.682924829239,
    1.455208433343));
#5126 = CARTESIAN_POINT('',(2.553543231203,-1.341462414619,
    1.561041766666));
#5127 = CARTESIAN_POINT('',(2.562592335746,-1.360976947228E-13,1.6668751
    ));
#5128 = PCURVE('',#2822,#5129);
#5129 = DEFINITIONAL_REPRESENTATION('',(#5130),#5134);
#5130 = LINE('',#5131,#5132);
#5131 = CARTESIAN_POINT('',(4.,0.));
#5132 = VECTOR('',#5133,1.);
#5133 = DIRECTION('',(0.,1.));
#5134 = ( GEOMETRIC_REPRESENTATION_CONTEXT(2) 
PARAMETRIC_REPRESENTATION_CONTEXT() REPRESENTATION_CONTEXT('2D SPACE',''
  ) );
#5135 = PCURVE('',#2716,#5136);
#5136 = DEFINITIONAL_REPRESENTATION('',(#5137),#5141);
#5137 = LINE('',#5138,#5139);
#5138 = CARTESIAN_POINT('',(4.,0.));
#5139 = VECTOR('',#5140,1.);
#5140 = DIRECTION('',(0.,1.));
#5141 = ( GEOMETRIC_REPRESENTATION_CONTEXT(2) 
PARAMETRIC_REPRESENTATION_CONTEXT() REPRESENTATION_CONTEXT('2D SPACE',''
  ) );
#5142 = ORIENTED_EDGE('',*,*,#5143,.F.);
#5143 = EDGE_CURVE('',#3005,#4810,#5144,.T.);
#5144 = SURFACE_CURVE('',#5145,(#5148,#5155),.PCURVE_S1.);
#5145 = B_SPLINE_CURVE_WITH_KNOTS('',1,(#5146,#5147),.UNSPECIFIED.,.F.,
  .F.,(2,2),(3.,4.),.PIECEWISE_BEZIER_KNOTS.);
#5146 = CARTESIAN_POINT('',(2.562592335746,-1.360976947228E-13,1.9843751
    ));
#5147 = CARTESIAN_POINT('',(2.562592335746,-1.360976947228E-13,1.6668751
    ));
#5148 = PCURVE('',#2822,#5149);
#5149 = DEFINITIONAL_REPRESENTATION('',(#5150),#5154);
#5150 = LINE('',#5151,#5152);
#5151 = CARTESIAN_POINT('',(0.,1.));
#5152 = VECTOR('',#5153,1.);
#5153 = DIRECTION('',(1.,0.));
#5154 = ( GEOMETRIC_REPRESENTATION_CONTEXT(2) 
PARAMETRIC_REPRESENTATION_CONTEXT() REPRESENTATION_CONTEXT('2D SPACE',''
  ) );
#5155 = PCURVE('',#4835,#5156);
#5156 = DEFINITIONAL_REPRESENTATION('',(#5157),#5160);
#5157 = B_SPLINE_CURVE_WITH_KNOTS('',1,(#5158,#5159),.UNSPECIFIED.,.F.,
  .F.,(2,2),(3.,4.),.PIECEWISE_BEZIER_KNOTS.);
#5158 = CARTESIAN_POINT('',(3.,0.));
#5159 = CARTESIAN_POINT('',(4.,0.));
#5160 = ( GEOMETRIC_REPRESENTATION_CONTEXT(2) 
PARAMETRIC_REPRESENTATION_CONTEXT() REPRESENTATION_CONTEXT('2D SPACE',''
  ) );
#5161 = ADVANCED_FACE('',(#5162),#2716,.F.);
#5162 = FACE_BOUND('',#5163,.F.);
#5163 = EDGE_LOOP('',(#5164,#5165,#5166));
#5164 = ORIENTED_EDGE('',*,*,#5114,.F.);
#5165 = ORIENTED_EDGE('',*,*,#2672,.F.);
#5166 = ORIENTED_EDGE('',*,*,#4865,.F.);
#5167 = ADVANCED_FACE('',(#5168),#3534,.F.);
#5168 = FACE_BOUND('',#5169,.F.);
#5169 = EDGE_LOOP('',(#5170,#5171));
#5170 = ORIENTED_EDGE('',*,*,#4517,.F.);
#5171 = ORIENTED_EDGE('',*,*,#3510,.T.);
#5172 = ADVANCED_FACE('',(#5173),#3446,.F.);
#5173 = FACE_BOUND('',#5174,.F.);
#5174 = EDGE_LOOP('',(#5175,#5176));
#5175 = ORIENTED_EDGE('',*,*,#4572,.F.);
#5176 = ORIENTED_EDGE('',*,*,#3422,.T.);
#5177 = ADVANCED_FACE('',(#5178),#3280,.F.);
#5178 = FACE_BOUND('',#5179,.F.);
#5179 = EDGE_LOOP('',(#5180,#5181));
#5180 = ORIENTED_EDGE('',*,*,#3256,.T.);
#5181 = ORIENTED_EDGE('',*,*,#4628,.F.);
#5182 = ADVANCED_FACE('',(#5183),#3192,.F.);
#5183 = FACE_BOUND('',#5184,.F.);
#5184 = EDGE_LOOP('',(#5185,#5186));
#5185 = ORIENTED_EDGE('',*,*,#3168,.T.);
#5186 = ORIENTED_EDGE('',*,*,#4692,.T.);
#5187 = ADVANCED_FACE('',(#5188),#3103,.F.);
#5188 = FACE_BOUND('',#5189,.F.);
#5189 = EDGE_LOOP('',(#5190,#5191));
#5190 = ORIENTED_EDGE('',*,*,#3079,.T.);
#5191 = ORIENTED_EDGE('',*,*,#3674,.T.);
#5192 = ADVANCED_FACE('',(#5193),#3050,.F.);
#5193 = FACE_BOUND('',#5194,.F.);
#5194 = EDGE_LOOP('',(#5195,#5249,#5250,#5281,#5325,#5379,#5414,#5468,
    #5502,#5556,#5612,#5646,#5702,#5756,#5790,#5844));
#5195 = ORIENTED_EDGE('',*,*,#5196,.F.);
#5196 = EDGE_CURVE('',#3036,#5197,#5199,.T.);
#5197 = VERTEX_POINT('',#5198);
#5198 = CARTESIAN_POINT('',(2.629305254642,1.910302038399,2.508250097696
    ));
#5199 = SURFACE_CURVE('',#5200,(#5212,#5219),.PCURVE_S1.);
#5200 = ( BOUNDED_CURVE() B_SPLINE_CURVE(6,(#5201,#5202,#5203,#5204,
    #5205,#5206,#5207,#5208,#5209,#5210,#5211),.UNSPECIFIED.,.F.,.F.) 
B_SPLINE_CURVE_WITH_KNOTS((7,4,7),(0.,0.5,1.),.UNSPECIFIED.) CURVE() 
GEOMETRIC_REPRESENTATION_ITEM() RATIONAL_B_SPLINE_CURVE((1.,1.,1.,1.,1.,
1.,1.,1.,1.,1.,1.)) REPRESENTATION_ITEM('') );
#5201 = CARTESIAN_POINT('',(3.250000000108,-4.386592860517E-14,2.3812501
    ));
#5202 = CARTESIAN_POINT('',(3.238523500786,1.701305661014,2.487083433336
    ));
#5203 = CARTESIAN_POINT('',(2.214523266709,3.402611322016,2.592916766858
    ));
#5204 = CARTESIAN_POINT('',(-1.929486436763E-02,4.275126821522,
    2.698750100637));
#5205 = CARTESIAN_POINT('',(-2.185066918196,3.402611321962,
    2.804583434391));
#5206 = CARTESIAN_POINT('',(-4.314933081426,-9.327218884241E-11,
    3.016250101466));
#5207 = CARTESIAN_POINT('',(-2.18506691803,-3.402611322096,
    3.227916767715));
#5208 = CARTESIAN_POINT('',(-1.929486413923E-02,-4.275126821602,
    3.333750100629));
#5209 = CARTESIAN_POINT('',(2.214523266956,-3.402611322042,
    3.439583433544));
#5210 = CARTESIAN_POINT('',(3.238523501033,-1.701305661014,
    3.545416766669));
#5211 = CARTESIAN_POINT('',(3.250000000354,-1.416843113145E-13,3.6512501
    ));
#5212 = PCURVE('',#3050,#5213);
#5213 = DEFINITIONAL_REPRESENTATION('',(#5214),#5218);
#5214 = LINE('',#5215,#5216);
#5215 = CARTESIAN_POINT('',(2.,0.));
#5216 = VECTOR('',#5217,1.);
#5217 = DIRECTION('',(0.,1.));
#5218 = ( GEOMETRIC_REPRESENTATION_CONTEXT(2) 
PARAMETRIC_REPRESENTATION_CONTEXT() REPRESENTATION_CONTEXT('2D SPACE',''
  ) );
#5219 = PCURVE('',#5220,#5243);
#5220 = ( BOUNDED_SURFACE() B_SPLINE_SURFACE(1,6,(
    (#5221,#5222,#5223,#5224,#5225,#5226,#5227,#5228,#5229,#5230,#5231)
    ,(#5232,#5233,#5234,#5235,#5236,#5237,#5238,#5239,#5240,#5241,#5242
)),.UNSPECIFIED.,.F.,.F.,.F.) B_SPLINE_SURFACE_WITH_KNOTS((2,2),(7,4,7),
(1.,2.),(0.,0.5,1.),.UNSPECIFIED.) GEOMETRIC_REPRESENTATION_ITEM() 
RATIONAL_B_SPLINE_SURFACE((
    (1.,1.,1.,1.,1.,1.,1.,1.,1.,1.,1.)
,(1.,1.,1.,1.,1.,1.,1.,1.,1.,1.,1.
  ))) REPRESENTATION_ITEM('') SURFACE() );
#5221 = CARTESIAN_POINT('',(3.450000000108,2.405243739714E-12,
    2.381250099961));
#5222 = CARTESIAN_POINT('',(3.437817254722,1.806001394017,2.487083433297
    ));
#5223 = CARTESIAN_POINT('',(2.350801621453,3.612002788019,2.592916766831
    ));
#5224 = CARTESIAN_POINT('',(-2.048224056245E-02,4.538211548951,
    2.698750100638));
#5225 = CARTESIAN_POINT('',(-2.319532574719,3.612002787961,
    2.804583434417));
#5226 = CARTESIAN_POINT('',(-4.580467424905,-9.683197504354E-11,
    3.016250101517));
#5227 = CARTESIAN_POINT('',(-2.319532574548,-3.612002788098,
    3.227916767741));
#5228 = CARTESIAN_POINT('',(-2.048224032748E-02,-4.538211549032,
    3.333750100629));
#5229 = CARTESIAN_POINT('',(2.350801621705,-3.61200278804,3.439583433518
    ));
#5230 = CARTESIAN_POINT('',(3.437817254972,-1.806001394012,3.54541676663
    ));
#5231 = CARTESIAN_POINT('',(3.450000000354,2.364732992126E-12,
    3.651250099961));
#5232 = CARTESIAN_POINT('',(3.250000000108,-4.386592860517E-14,2.3812501
    ));
#5233 = CARTESIAN_POINT('',(3.238523500786,1.701305661014,2.487083433336
    ));
#5234 = CARTESIAN_POINT('',(2.214523266709,3.402611322016,2.592916766858
    ));
#5235 = CARTESIAN_POINT('',(-1.929486436763E-02,4.275126821522,
    2.698750100637));
#5236 = CARTESIAN_POINT('',(-2.185066918196,3.402611321962,
    2.804583434391));
#5237 = CARTESIAN_POINT('',(-4.314933081426,-9.327218884241E-11,
    3.016250101466));
#5238 = CARTESIAN_POINT('',(-2.18506691803,-3.402611322096,
    3.227916767715));
#5239 = CARTESIAN_POINT('',(-1.929486413923E-02,-4.275126821602,
    3.333750100629));
#5240 = CARTESIAN_POINT('',(2.214523266956,-3.402611322042,
    3.439583433544));
#5241 = CARTESIAN_POINT('',(3.238523501033,-1.701305661014,
    3.545416766669));
#5242 = CARTESIAN_POINT('',(3.250000000354,-1.416843113145E-13,3.6512501
    ));
#5243 = DEFINITIONAL_REPRESENTATION('',(#5244),#5248);
#5244 = LINE('',#5245,#5246);
#5245 = CARTESIAN_POINT('',(2.,0.));
#5246 = VECTOR('',#5247,1.);
#5247 = DIRECTION('',(0.,1.));
#5248 = ( GEOMETRIC_REPRESENTATION_CONTEXT(2) 
PARAMETRIC_REPRESENTATION_CONTEXT() REPRESENTATION_CONTEXT('2D SPACE',''
  ) );
#5249 = ORIENTED_EDGE('',*,*,#3035,.T.);
#5250 = ORIENTED_EDGE('',*,*,#5251,.T.);
#5251 = EDGE_CURVE('',#3005,#5252,#5254,.T.);
#5252 = VERTEX_POINT('',#5253);
#5253 = CARTESIAN_POINT('',(2.562592336038,-1.287373272572E-11,
    3.2543751002));
#5254 = SURFACE_CURVE('',#5255,(#5267,#5274),.PCURVE_S1.);
#5255 = ( BOUNDED_CURVE() B_SPLINE_CURVE(6,(#5256,#5257,#5258,#5259,
    #5260,#5261,#5262,#5263,#5264,#5265,#5266),.UNSPECIFIED.,.F.,.F.) 
B_SPLINE_CURVE_WITH_KNOTS((7,4,7),(0.,0.5,1.),.UNSPECIFIED.) CURVE() 
GEOMETRIC_REPRESENTATION_ITEM() RATIONAL_B_SPLINE_CURVE((1.,1.,1.,1.,1.,
1.,1.,1.,1.,1.,1.)) REPRESENTATION_ITEM('') );
#5256 = CARTESIAN_POINT('',(2.562592335777,-8.43132940977E-12,
    1.984375100133));
#5257 = CARTESIAN_POINT('',(2.553543231238,1.34146241461,2.090208433468)
  );
#5258 = CARTESIAN_POINT('',(1.746129339017,2.682924829219,2.196041766948
    ));
#5259 = CARTESIAN_POINT('',(-1.52138069614E-02,3.370894531606,
    2.301875100637));
#5260 = CARTESIAN_POINT('',(-1.722903303906,2.682924829176,
    2.407708434301));
#5261 = CARTESIAN_POINT('',(-3.402281367352,-8.140879710885E-11,
    2.619375101289));
#5262 = CARTESIAN_POINT('',(-1.722903303758,-2.6829248293,2.831041767626
    ));
#5263 = CARTESIAN_POINT('',(-1.521380675531E-02,-3.370894531686,
    2.936875100628));
#5264 = CARTESIAN_POINT('',(1.746129339248,-2.682924829258,
    3.042708433635));
#5265 = CARTESIAN_POINT('',(2.553543231476,-1.341462414627,
    3.148541766801));
#5266 = CARTESIAN_POINT('',(2.562592336023,-8.726116330491E-12,
    3.254375100133));
#5267 = PCURVE('',#3050,#5268);
#5268 = DEFINITIONAL_REPRESENTATION('',(#5269),#5273);
#5269 = LINE('',#5270,#5271);
#5270 = CARTESIAN_POINT('',(3.,0.));
#5271 = VECTOR('',#5272,1.);
#5272 = DIRECTION('',(0.,1.));
#5273 = ( GEOMETRIC_REPRESENTATION_CONTEXT(2) 
PARAMETRIC_REPRESENTATION_CONTEXT() REPRESENTATION_CONTEXT('2D SPACE',''
  ) );
#5274 = PCURVE('',#4835,#5275);
#5275 = DEFINITIONAL_REPRESENTATION('',(#5276),#5280);
#5276 = LINE('',#5277,#5278);
#5277 = CARTESIAN_POINT('',(3.,0.));
#5278 = VECTOR('',#5279,1.);
#5279 = DIRECTION('',(0.,1.));
#5280 = ( GEOMETRIC_REPRESENTATION_CONTEXT(2) 
PARAMETRIC_REPRESENTATION_CONTEXT() REPRESENTATION_CONTEXT('2D SPACE',''
  ) );
#5281 = ORIENTED_EDGE('',*,*,#5282,.F.);
#5282 = EDGE_CURVE('',#5283,#5252,#5285,.T.);
#5283 = VERTEX_POINT('',#5284);
#5284 = CARTESIAN_POINT('',(3.250000000408,-1.62840404545E-13,3.6512501)
  );
#5285 = SURFACE_CURVE('',#5286,(#5289,#5296),.PCURVE_S1.);
#5286 = B_SPLINE_CURVE_WITH_KNOTS('',1,(#5287,#5288),.UNSPECIFIED.,.F.,
  .F.,(2,2),(2.,3.),.PIECEWISE_BEZIER_KNOTS.);
#5287 = CARTESIAN_POINT('',(3.250000000354,-1.416843113145E-13,3.6512501
    ));
#5288 = CARTESIAN_POINT('',(2.562592336023,-8.726116330491E-12,
    3.254375100133));
#5289 = PCURVE('',#3050,#5290);
#5290 = DEFINITIONAL_REPRESENTATION('',(#5291),#5295);
#5291 = LINE('',#5292,#5293);
#5292 = CARTESIAN_POINT('',(0.,1.));
#5293 = VECTOR('',#5294,1.);
#5294 = DIRECTION('',(1.,0.));
#5295 = ( GEOMETRIC_REPRESENTATION_CONTEXT(2) 
PARAMETRIC_REPRESENTATION_CONTEXT() REPRESENTATION_CONTEXT('2D SPACE',''
  ) );
#5296 = PCURVE('',#5297,#5320);
#5297 = ( BOUNDED_SURFACE() B_SPLINE_SURFACE(1,6,(
    (#5298,#5299,#5300,#5301,#5302,#5303,#5304,#5305,#5306,#5307,#5308)
    ,(#5309,#5310,#5311,#5312,#5313,#5314,#5315,#5316,#5317,#5318,#5319
)),.UNSPECIFIED.,.F.,.F.,.F.) B_SPLINE_SURFACE_WITH_KNOTS((2,2),(7,4,7),
(2.,3.),(0.,0.5,1.),.UNSPECIFIED.) GEOMETRIC_REPRESENTATION_ITEM() 
RATIONAL_B_SPLINE_SURFACE((
    (1.,1.,1.,1.,1.,1.,1.,1.,1.,1.,1.)
,(1.,1.,1.,1.,1.,1.,1.,1.,1.,1.,1.
  ))) REPRESENTATION_ITEM('') SURFACE() );
#5298 = CARTESIAN_POINT('',(3.250000000461,-1.839964977754E-13,3.6512501
    ));
#5299 = CARTESIAN_POINT('',(3.238523501139,1.701305661014,3.757083433338
    ));
#5300 = CARTESIAN_POINT('',(2.214523267061,3.402611322003,3.862916767059
    ));
#5301 = CARTESIAN_POINT('',(-1.929486400514E-02,4.275126821481,
    3.968750101271));
#5302 = CARTESIAN_POINT('',(-2.185066917802,3.402611321894,
    4.074583435444));
#5303 = CARTESIAN_POINT('',(-4.314933080949,-1.867844549987E-10,
    4.286250102931));
#5304 = CARTESIAN_POINT('',(-2.18506691747,-3.402611322163,
    4.497916768768));
#5305 = CARTESIAN_POINT('',(-1.929486354823E-02,-4.275126821643,
    4.603750101262));
#5306 = CARTESIAN_POINT('',(2.214523267557,-3.402611322055,
    4.709583433744));
#5307 = CARTESIAN_POINT('',(3.238523501633,-1.701305661015,
    4.815416766671));
#5308 = CARTESIAN_POINT('',(3.250000000953,-3.785284495383E-13,4.9212501
    ));
#5309 = CARTESIAN_POINT('',(2.562592336054,-1.702134912094E-11,
    3.254375100266));
#5310 = CARTESIAN_POINT('',(2.553543231519,1.341462414602,3.360208433604
    ));
#5311 = CARTESIAN_POINT('',(1.746129339302,2.682924829201,3.46604176724)
  );
#5312 = CARTESIAN_POINT('',(-1.521380666465E-02,3.370894531566,
    3.571875101269));
#5313 = CARTESIAN_POINT('',(-1.722903303581,2.682924829115,
    3.677708435265));
#5314 = CARTESIAN_POINT('',(-3.402281366952,-1.636320352364E-10,
    3.889375102578));
#5315 = CARTESIAN_POINT('',(-1.722903303284,-2.682924829362,
    4.101041768589));
#5316 = CARTESIAN_POINT('',(-1.521380625236E-02,-3.370894531726,
    4.206875101261));
#5317 = CARTESIAN_POINT('',(1.746129339762,-2.682924829276,
    4.312708433926));
#5318 = CARTESIAN_POINT('',(2.553543231995,-1.341462414636,
    4.418541766936));
#5319 = CARTESIAN_POINT('',(2.562592336546,-1.741284961072E-11,
    4.524375100266));
#5320 = DEFINITIONAL_REPRESENTATION('',(#5321),#5324);
#5321 = B_SPLINE_CURVE_WITH_KNOTS('',1,(#5322,#5323),.UNSPECIFIED.,.F.,
  .F.,(2,2),(2.,3.),.PIECEWISE_BEZIER_KNOTS.);
#5322 = CARTESIAN_POINT('',(2.,0.));
#5323 = CARTESIAN_POINT('',(3.,0.));
#5324 = ( GEOMETRIC_REPRESENTATION_CONTEXT(2) 
PARAMETRIC_REPRESENTATION_CONTEXT() REPRESENTATION_CONTEXT('2D SPACE',''
  ) );
#5325 = ORIENTED_EDGE('',*,*,#5326,.F.);
#5326 = EDGE_CURVE('',#5327,#5283,#5329,.T.);
#5327 = VERTEX_POINT('',#5328);
#5328 = CARTESIAN_POINT('',(2.629305381425,-1.910301863898,
    3.524250115959));
#5329 = SURFACE_CURVE('',#5330,(#5342,#5349),.PCURVE_S1.);
#5330 = ( BOUNDED_CURVE() B_SPLINE_CURVE(6,(#5331,#5332,#5333,#5334,
    #5335,#5336,#5337,#5338,#5339,#5340,#5341),.UNSPECIFIED.,.F.,.F.) 
B_SPLINE_CURVE_WITH_KNOTS((7,4,7),(0.,0.5,1.),.UNSPECIFIED.) CURVE() 
GEOMETRIC_REPRESENTATION_ITEM() RATIONAL_B_SPLINE_CURVE((1.,1.,1.,1.,1.,
1.,1.,1.,1.,1.,1.)) REPRESENTATION_ITEM('') );
#5331 = CARTESIAN_POINT('',(3.250000000108,-4.386592860517E-14,2.3812501
    ));
#5332 = CARTESIAN_POINT('',(3.238523500786,1.701305661014,2.487083433336
    ));
#5333 = CARTESIAN_POINT('',(2.214523266709,3.402611322016,2.592916766858
    ));
#5334 = CARTESIAN_POINT('',(-1.929486436763E-02,4.275126821522,
    2.698750100637));
#5335 = CARTESIAN_POINT('',(-2.185066918196,3.402611321962,
    2.804583434391));
#5336 = CARTESIAN_POINT('',(-4.314933081426,-9.327218884241E-11,
    3.016250101466));
#5337 = CARTESIAN_POINT('',(-2.18506691803,-3.402611322096,
    3.227916767715));
#5338 = CARTESIAN_POINT('',(-1.929486413923E-02,-4.275126821602,
    3.333750100629));
#5339 = CARTESIAN_POINT('',(2.214523266956,-3.402611322042,
    3.439583433544));
#5340 = CARTESIAN_POINT('',(3.238523501033,-1.701305661014,
    3.545416766669));
#5341 = CARTESIAN_POINT('',(3.250000000354,-1.416843113145E-13,3.6512501
    ));
#5342 = PCURVE('',#3050,#5343);
#5343 = DEFINITIONAL_REPRESENTATION('',(#5344),#5348);
#5344 = LINE('',#5345,#5346);
#5345 = CARTESIAN_POINT('',(2.,0.));
#5346 = VECTOR('',#5347,1.);
#5347 = DIRECTION('',(0.,1.));
#5348 = ( GEOMETRIC_REPRESENTATION_CONTEXT(2) 
PARAMETRIC_REPRESENTATION_CONTEXT() REPRESENTATION_CONTEXT('2D SPACE',''
  ) );
#5349 = PCURVE('',#5350,#5373);
#5350 = ( BOUNDED_SURFACE() B_SPLINE_SURFACE(1,6,(
    (#5351,#5352,#5353,#5354,#5355,#5356,#5357,#5358,#5359,#5360,#5361)
    ,(#5362,#5363,#5364,#5365,#5366,#5367,#5368,#5369,#5370,#5371,#5372
)),.UNSPECIFIED.,.F.,.F.,.F.) B_SPLINE_SURFACE_WITH_KNOTS((2,2),(7,4,7),
(1.,2.),(0.,0.5,1.),.UNSPECIFIED.) GEOMETRIC_REPRESENTATION_ITEM() 
RATIONAL_B_SPLINE_SURFACE((
    (1.,1.,1.,1.,1.,1.,1.,1.,1.,1.,1.)
,(1.,1.,1.,1.,1.,1.,1.,1.,1.,1.,1.
  ))) REPRESENTATION_ITEM('') SURFACE() );
#5351 = CARTESIAN_POINT('',(3.450000000108,2.405243739714E-12,
    2.381250099961));
#5352 = CARTESIAN_POINT('',(3.437817254722,1.806001394017,2.487083433297
    ));
#5353 = CARTESIAN_POINT('',(2.350801621453,3.612002788019,2.592916766831
    ));
#5354 = CARTESIAN_POINT('',(-2.048224056245E-02,4.538211548951,
    2.698750100638));
#5355 = CARTESIAN_POINT('',(-2.319532574719,3.612002787961,
    2.804583434417));
#5356 = CARTESIAN_POINT('',(-4.580467424905,-9.683197504354E-11,
    3.016250101517));
#5357 = CARTESIAN_POINT('',(-2.319532574548,-3.612002788098,
    3.227916767741));
#5358 = CARTESIAN_POINT('',(-2.048224032748E-02,-4.538211549032,
    3.333750100629));
#5359 = CARTESIAN_POINT('',(2.350801621705,-3.61200278804,3.439583433518
    ));
#5360 = CARTESIAN_POINT('',(3.437817254972,-1.806001394012,3.54541676663
    ));
#5361 = CARTESIAN_POINT('',(3.450000000354,2.364732992126E-12,
    3.651250099961));
#5362 = CARTESIAN_POINT('',(3.250000000108,-4.386592860517E-14,2.3812501
    ));
#5363 = CARTESIAN_POINT('',(3.238523500786,1.701305661014,2.487083433336
    ));
#5364 = CARTESIAN_POINT('',(2.214523266709,3.402611322016,2.592916766858
    ));
#5365 = CARTESIAN_POINT('',(-1.929486436763E-02,4.275126821522,
    2.698750100637));
#5366 = CARTESIAN_POINT('',(-2.185066918196,3.402611321962,
    2.804583434391));
#5367 = CARTESIAN_POINT('',(-4.314933081426,-9.327218884241E-11,
    3.016250101466));
#5368 = CARTESIAN_POINT('',(-2.18506691803,-3.402611322096,
    3.227916767715));
#5369 = CARTESIAN_POINT('',(-1.929486413923E-02,-4.275126821602,
    3.333750100629));
#5370 = CARTESIAN_POINT('',(2.214523266956,-3.402611322042,
    3.439583433544));
#5371 = CARTESIAN_POINT('',(3.238523501033,-1.701305661014,
    3.545416766669));
#5372 = CARTESIAN_POINT('',(3.250000000354,-1.416843113145E-13,3.6512501
    ));
#5373 = DEFINITIONAL_REPRESENTATION('',(#5374),#5378);
#5374 = LINE('',#5375,#5376);
#5375 = CARTESIAN_POINT('',(2.,0.));
#5376 = VECTOR('',#5377,1.);
#5377 = DIRECTION('',(0.,1.));
#5378 = ( GEOMETRIC_REPRESENTATION_CONTEXT(2) 
PARAMETRIC_REPRESENTATION_CONTEXT() REPRESENTATION_CONTEXT('2D SPACE',''
  ) );
#5379 = ORIENTED_EDGE('',*,*,#5380,.T.);
#5380 = EDGE_CURVE('',#5327,#5381,#5383,.T.);
#5381 = VERTEX_POINT('',#5382);
#5382 = CARTESIAN_POINT('',(1.004304658457,-3.090933864223,
    3.397250062943));
#5383 = SURFACE_CURVE('',#5384,(#5392,#5403),.PCURVE_S1.);
#5384 = B_SPLINE_CURVE_WITH_KNOTS('',6,(#5385,#5386,#5387,#5388,#5389,
    #5390,#5391),.UNSPECIFIED.,.F.,.F.,(7,7),(0.,1.),
  .PIECEWISE_BEZIER_KNOTS.);
#5385 = CARTESIAN_POINT('',(2.629305381425,-1.910301863898,
    3.524250115959));
#5386 = CARTESIAN_POINT('',(2.42929128145,-2.185597700311,3.502887366798
    ));
#5387 = CARTESIAN_POINT('',(2.194610032145,-2.435869835933,
    3.481640169939));
#5388 = CARTESIAN_POINT('',(1.929317995011,-2.655435268492,
    3.460537311139));
#5389 = CARTESIAN_POINT('',(1.63851955327,-2.839902139645,3.439463263718
    ));
#5390 = CARTESIAN_POINT('',(1.327961842286,-2.985771336734,
    3.418366458949));
#5391 = CARTESIAN_POINT('',(1.004304658459,-3.090933864222,
    3.397250062943));
#5392 = PCURVE('',#3050,#5393);
#5393 = DEFINITIONAL_REPRESENTATION('',(#5394),#5402);
#5394 = B_SPLINE_CURVE_WITH_KNOTS('',6,(#5395,#5396,#5397,#5398,#5399,
    #5400,#5401),.UNSPECIFIED.,.F.,.F.,(7,7),(0.,1.),
  .PIECEWISE_BEZIER_KNOTS.);
#5395 = CARTESIAN_POINT('',(2.,0.90000001247));
#5396 = CARTESIAN_POINT('',(2.000474201286,0.883327138009));
#5397 = CARTESIAN_POINT('',(2.000640789066,0.866649120388));
#5398 = CARTESIAN_POINT('',(2.000482670386,0.849983284008));
#5399 = CARTESIAN_POINT('',(2.000272164689,0.833323762807));
#5400 = CARTESIAN_POINT('',(2.000103413556,0.816659370733));
#5401 = CARTESIAN_POINT('',(2.,0.799999970478));
#5402 = ( GEOMETRIC_REPRESENTATION_CONTEXT(2) 
PARAMETRIC_REPRESENTATION_CONTEXT() REPRESENTATION_CONTEXT('2D SPACE',''
  ) );
#5403 = PCURVE('',#3738,#5404);
#5404 = DEFINITIONAL_REPRESENTATION('',(#5405),#5413);
#5405 = B_SPLINE_CURVE_WITH_KNOTS('',6,(#5406,#5407,#5408,#5409,#5410,
    #5411,#5412),.UNSPECIFIED.,.F.,.F.,(7,7),(0.,1.),
  .PIECEWISE_BEZIER_KNOTS.);
#5406 = CARTESIAN_POINT('',(5.654866854829,3.524250115959));
#5407 = CARTESIAN_POINT('',(5.550163978413,3.502887366798));
#5408 = CARTESIAN_POINT('',(5.445421228329,3.481640169939));
#5409 = CARTESIAN_POINT('',(5.340715182703,3.460537311139));
#5410 = CARTESIAN_POINT('',(5.236007952871,3.439463263718));
#5411 = CARTESIAN_POINT('',(5.131259839322,3.418366458949));
#5412 = CARTESIAN_POINT('',(5.026548060279,3.397250062943));
#5413 = ( GEOMETRIC_REPRESENTATION_CONTEXT(2) 
PARAMETRIC_REPRESENTATION_CONTEXT() REPRESENTATION_CONTEXT('2D SPACE',''
  ) );
#5414 = ORIENTED_EDGE('',*,*,#5415,.F.);
#5415 = EDGE_CURVE('',#5416,#5381,#5418,.T.);
#5416 = VERTEX_POINT('',#5417);
#5417 = CARTESIAN_POINT('',(-1.004399661683,-3.090902994209,
    3.270243923933));
#5418 = SURFACE_CURVE('',#5419,(#5431,#5438),.PCURVE_S1.);
#5419 = ( BOUNDED_CURVE() B_SPLINE_CURVE(6,(#5420,#5421,#5422,#5423,
    #5424,#5425,#5426,#5427,#5428,#5429,#5430),.UNSPECIFIED.,.F.,.F.) 
B_SPLINE_CURVE_WITH_KNOTS((7,4,7),(0.,0.5,1.),.UNSPECIFIED.) CURVE() 
GEOMETRIC_REPRESENTATION_ITEM() RATIONAL_B_SPLINE_CURVE((1.,1.,1.,1.,1.,
1.,1.,1.,1.,1.,1.)) REPRESENTATION_ITEM('') );
#5420 = CARTESIAN_POINT('',(3.250000000108,-4.386592860517E-14,2.3812501
    ));
#5421 = CARTESIAN_POINT('',(3.238523500786,1.701305661014,2.487083433336
    ));
#5422 = CARTESIAN_POINT('',(2.214523266709,3.402611322016,2.592916766858
    ));
#5423 = CARTESIAN_POINT('',(-1.929486436763E-02,4.275126821522,
    2.698750100637));
#5424 = CARTESIAN_POINT('',(-2.185066918196,3.402611321962,
    2.804583434391));
#5425 = CARTESIAN_POINT('',(-4.314933081426,-9.327218884241E-11,
    3.016250101466));
#5426 = CARTESIAN_POINT('',(-2.18506691803,-3.402611322096,
    3.227916767715));
#5427 = CARTESIAN_POINT('',(-1.929486413923E-02,-4.275126821602,
    3.333750100629));
#5428 = CARTESIAN_POINT('',(2.214523266956,-3.402611322042,
    3.439583433544));
#5429 = CARTESIAN_POINT('',(3.238523501033,-1.701305661014,
    3.545416766669));
#5430 = CARTESIAN_POINT('',(3.250000000354,-1.416843113145E-13,3.6512501
    ));
#5431 = PCURVE('',#3050,#5432);
#5432 = DEFINITIONAL_REPRESENTATION('',(#5433),#5437);
#5433 = LINE('',#5434,#5435);
#5434 = CARTESIAN_POINT('',(2.,0.));
#5435 = VECTOR('',#5436,1.);
#5436 = DIRECTION('',(0.,1.));
#5437 = ( GEOMETRIC_REPRESENTATION_CONTEXT(2) 
PARAMETRIC_REPRESENTATION_CONTEXT() REPRESENTATION_CONTEXT('2D SPACE',''
  ) );
#5438 = PCURVE('',#5439,#5462);
#5439 = ( BOUNDED_SURFACE() B_SPLINE_SURFACE(1,6,(
    (#5440,#5441,#5442,#5443,#5444,#5445,#5446,#5447,#5448,#5449,#5450)
    ,(#5451,#5452,#5453,#5454,#5455,#5456,#5457,#5458,#5459,#5460,#5461
)),.UNSPECIFIED.,.F.,.F.,.F.) B_SPLINE_SURFACE_WITH_KNOTS((2,2),(7,4,7),
(1.,2.),(0.,0.5,1.),.UNSPECIFIED.) GEOMETRIC_REPRESENTATION_ITEM() 
RATIONAL_B_SPLINE_SURFACE((
    (1.,1.,1.,1.,1.,1.,1.,1.,1.,1.,1.)
,(1.,1.,1.,1.,1.,1.,1.,1.,1.,1.,1.
  ))) REPRESENTATION_ITEM('') SURFACE() );
#5440 = CARTESIAN_POINT('',(3.450000000108,2.405243739714E-12,
    2.381250099961));
#5441 = CARTESIAN_POINT('',(3.437817254722,1.806001394017,2.487083433297
    ));
#5442 = CARTESIAN_POINT('',(2.350801621453,3.612002788019,2.592916766831
    ));
#5443 = CARTESIAN_POINT('',(-2.048224056245E-02,4.538211548951,
    2.698750100638));
#5444 = CARTESIAN_POINT('',(-2.319532574719,3.612002787961,
    2.804583434417));
#5445 = CARTESIAN_POINT('',(-4.580467424905,-9.683197504354E-11,
    3.016250101517));
#5446 = CARTESIAN_POINT('',(-2.319532574548,-3.612002788098,
    3.227916767741));
#5447 = CARTESIAN_POINT('',(-2.048224032748E-02,-4.538211549032,
    3.333750100629));
#5448 = CARTESIAN_POINT('',(2.350801621705,-3.61200278804,3.439583433518
    ));
#5449 = CARTESIAN_POINT('',(3.437817254972,-1.806001394012,3.54541676663
    ));
#5450 = CARTESIAN_POINT('',(3.450000000354,2.364732992126E-12,
    3.651250099961));
#5451 = CARTESIAN_POINT('',(3.250000000108,-4.386592860517E-14,2.3812501
    ));
#5452 = CARTESIAN_POINT('',(3.238523500786,1.701305661014,2.487083433336
    ));
#5453 = CARTESIAN_POINT('',(2.214523266709,3.402611322016,2.592916766858
    ));
#5454 = CARTESIAN_POINT('',(-1.929486436763E-02,4.275126821522,
    2.698750100637));
#5455 = CARTESIAN_POINT('',(-2.185066918196,3.402611321962,
    2.804583434391));
#5456 = CARTESIAN_POINT('',(-4.314933081426,-9.327218884241E-11,
    3.016250101466));
#5457 = CARTESIAN_POINT('',(-2.18506691803,-3.402611322096,
    3.227916767715));
#5458 = CARTESIAN_POINT('',(-1.929486413923E-02,-4.275126821602,
    3.333750100629));
#5459 = CARTESIAN_POINT('',(2.214523266956,-3.402611322042,
    3.439583433544));
#5460 = CARTESIAN_POINT('',(3.238523501033,-1.701305661014,
    3.545416766669));
#5461 = CARTESIAN_POINT('',(3.250000000354,-1.416843113145E-13,3.6512501
    ));
#5462 = DEFINITIONAL_REPRESENTATION('',(#5463),#5467);
#5463 = LINE('',#5464,#5465);
#5464 = CARTESIAN_POINT('',(2.,0.));
#5465 = VECTOR('',#5466,1.);
#5466 = DIRECTION('',(0.,1.));
#5467 = ( GEOMETRIC_REPRESENTATION_CONTEXT(2) 
PARAMETRIC_REPRESENTATION_CONTEXT() REPRESENTATION_CONTEXT('2D SPACE',''
  ) );
#5468 = ORIENTED_EDGE('',*,*,#5469,.F.);
#5469 = EDGE_CURVE('',#5470,#5416,#5472,.T.);
#5470 = VERTEX_POINT('',#5471);
#5471 = CARTESIAN_POINT('',(-1.011716301588,-3.088515845046,
    3.269765139677));
#5472 = SURFACE_CURVE('',#5473,(#5485,#5492),.PCURVE_S1.);
#5473 = ( BOUNDED_CURVE() B_SPLINE_CURVE(6,(#5474,#5475,#5476,#5477,
    #5478,#5479,#5480,#5481,#5482,#5483,#5484),.UNSPECIFIED.,.F.,.F.) 
B_SPLINE_CURVE_WITH_KNOTS((7,4,7),(0.,0.5,1.),.UNSPECIFIED.) CURVE() 
GEOMETRIC_REPRESENTATION_ITEM() RATIONAL_B_SPLINE_CURVE((1.,1.,1.,1.,1.,
1.,1.,1.,1.,1.,1.)) REPRESENTATION_ITEM('') );
#5474 = CARTESIAN_POINT('',(3.250000000108,-4.386592860517E-14,2.3812501
    ));
#5475 = CARTESIAN_POINT('',(3.238523500786,1.701305661014,2.487083433336
    ));
#5476 = CARTESIAN_POINT('',(2.214523266709,3.402611322016,2.592916766858
    ));
#5477 = CARTESIAN_POINT('',(-1.929486436763E-02,4.275126821522,
    2.698750100637));
#5478 = CARTESIAN_POINT('',(-2.185066918196,3.402611321962,
    2.804583434391));
#5479 = CARTESIAN_POINT('',(-4.314933081426,-9.327218884241E-11,
    3.016250101466));
#5480 = CARTESIAN_POINT('',(-2.18506691803,-3.402611322096,
    3.227916767715));
#5481 = CARTESIAN_POINT('',(-1.929486413923E-02,-4.275126821602,
    3.333750100629));
#5482 = CARTESIAN_POINT('',(2.214523266956,-3.402611322042,
    3.439583433544));
#5483 = CARTESIAN_POINT('',(3.238523501033,-1.701305661014,
    3.545416766669));
#5484 = CARTESIAN_POINT('',(3.250000000354,-1.416843113145E-13,3.6512501
    ));
#5485 = PCURVE('',#3050,#5486);
#5486 = DEFINITIONAL_REPRESENTATION('',(#5487),#5491);
#5487 = LINE('',#5488,#5489);
#5488 = CARTESIAN_POINT('',(2.,0.));
#5489 = VECTOR('',#5490,1.);
#5490 = DIRECTION('',(0.,1.));
#5491 = ( GEOMETRIC_REPRESENTATION_CONTEXT(2) 
PARAMETRIC_REPRESENTATION_CONTEXT() REPRESENTATION_CONTEXT('2D SPACE',''
  ) );
#5492 = PCURVE('',#3738,#5493);
#5493 = DEFINITIONAL_REPRESENTATION('',(#5494),#5501);
#5494 = B_SPLINE_CURVE_WITH_KNOTS('',5,(#5495,#5496,#5497,#5498,#5499,
    #5500),.UNSPECIFIED.,.F.,.F.,(6,6),(0.699618140829,0.699995136308),
  .PIECEWISE_BEZIER_KNOTS.);
#5495 = CARTESIAN_POINT('',(4.395831098033,3.269765139677));
#5496 = CARTESIAN_POINT('',(4.396304711356,3.269860896528));
#5497 = CARTESIAN_POINT('',(4.396778324637,3.269956653379));
#5498 = CARTESIAN_POINT('',(4.397251937878,3.270052410231));
#5499 = CARTESIAN_POINT('',(4.397725551081,3.270148167082));
#5500 = CARTESIAN_POINT('',(4.398199164246,3.270243923933));
#5501 = ( GEOMETRIC_REPRESENTATION_CONTEXT(2) 
PARAMETRIC_REPRESENTATION_CONTEXT() REPRESENTATION_CONTEXT('2D SPACE',''
  ) );
#5502 = ORIENTED_EDGE('',*,*,#5503,.F.);
#5503 = EDGE_CURVE('',#5504,#5470,#5506,.T.);
#5504 = VERTEX_POINT('',#5505);
#5505 = CARTESIAN_POINT('',(-2.629306237836,-1.910300685148,
    3.143249994694));
#5506 = SURFACE_CURVE('',#5507,(#5519,#5526),.PCURVE_S1.);
#5507 = ( BOUNDED_CURVE() B_SPLINE_CURVE(6,(#5508,#5509,#5510,#5511,
    #5512,#5513,#5514,#5515,#5516,#5517,#5518),.UNSPECIFIED.,.F.,.F.) 
B_SPLINE_CURVE_WITH_KNOTS((7,4,7),(0.,0.5,1.),.UNSPECIFIED.) CURVE() 
GEOMETRIC_REPRESENTATION_ITEM() RATIONAL_B_SPLINE_CURVE((1.,1.,1.,1.,1.,
1.,1.,1.,1.,1.,1.)) REPRESENTATION_ITEM('') );
#5508 = CARTESIAN_POINT('',(3.250000000108,-4.386592860517E-14,2.3812501
    ));
#5509 = CARTESIAN_POINT('',(3.238523500786,1.701305661014,2.487083433336
    ));
#5510 = CARTESIAN_POINT('',(2.214523266709,3.402611322016,2.592916766858
    ));
#5511 = CARTESIAN_POINT('',(-1.929486436763E-02,4.275126821522,
    2.698750100637));
#5512 = CARTESIAN_POINT('',(-2.185066918196,3.402611321962,
    2.804583434391));
#5513 = CARTESIAN_POINT('',(-4.314933081426,-9.327218884241E-11,
    3.016250101466));
#5514 = CARTESIAN_POINT('',(-2.18506691803,-3.402611322096,
    3.227916767715));
#5515 = CARTESIAN_POINT('',(-1.929486413923E-02,-4.275126821602,
    3.333750100629));
#5516 = CARTESIAN_POINT('',(2.214523266956,-3.402611322042,
    3.439583433544));
#5517 = CARTESIAN_POINT('',(3.238523501033,-1.701305661014,
    3.545416766669));
#5518 = CARTESIAN_POINT('',(3.250000000354,-1.416843113145E-13,3.6512501
    ));
#5519 = PCURVE('',#3050,#5520);
#5520 = DEFINITIONAL_REPRESENTATION('',(#5521),#5525);
#5521 = LINE('',#5522,#5523);
#5522 = CARTESIAN_POINT('',(2.,0.));
#5523 = VECTOR('',#5524,1.);
#5524 = DIRECTION('',(0.,1.));
#5525 = ( GEOMETRIC_REPRESENTATION_CONTEXT(2) 
PARAMETRIC_REPRESENTATION_CONTEXT() REPRESENTATION_CONTEXT('2D SPACE',''
  ) );
#5526 = PCURVE('',#5527,#5550);
#5527 = ( BOUNDED_SURFACE() B_SPLINE_SURFACE(1,6,(
    (#5528,#5529,#5530,#5531,#5532,#5533,#5534,#5535,#5536,#5537,#5538)
    ,(#5539,#5540,#5541,#5542,#5543,#5544,#5545,#5546,#5547,#5548,#5549
)),.UNSPECIFIED.,.F.,.F.,.F.) B_SPLINE_SURFACE_WITH_KNOTS((2,2),(7,4,7),
(1.,2.),(0.,0.5,1.),.UNSPECIFIED.) GEOMETRIC_REPRESENTATION_ITEM() 
RATIONAL_B_SPLINE_SURFACE((
    (1.,1.,1.,1.,1.,1.,1.,1.,1.,1.,1.)
,(1.,1.,1.,1.,1.,1.,1.,1.,1.,1.,1.
  ))) REPRESENTATION_ITEM('') SURFACE() );
#5528 = CARTESIAN_POINT('',(3.450000000108,2.405243739714E-12,
    2.381250099961));
#5529 = CARTESIAN_POINT('',(3.437817254722,1.806001394017,2.487083433297
    ));
#5530 = CARTESIAN_POINT('',(2.350801621453,3.612002788019,2.592916766831
    ));
#5531 = CARTESIAN_POINT('',(-2.048224056245E-02,4.538211548951,
    2.698750100638));
#5532 = CARTESIAN_POINT('',(-2.319532574719,3.612002787961,
    2.804583434417));
#5533 = CARTESIAN_POINT('',(-4.580467424905,-9.683197504354E-11,
    3.016250101517));
#5534 = CARTESIAN_POINT('',(-2.319532574548,-3.612002788098,
    3.227916767741));
#5535 = CARTESIAN_POINT('',(-2.048224032748E-02,-4.538211549032,
    3.333750100629));
#5536 = CARTESIAN_POINT('',(2.350801621705,-3.61200278804,3.439583433518
    ));
#5537 = CARTESIAN_POINT('',(3.437817254972,-1.806001394012,3.54541676663
    ));
#5538 = CARTESIAN_POINT('',(3.450000000354,2.364732992126E-12,
    3.651250099961));
#5539 = CARTESIAN_POINT('',(3.250000000108,-4.386592860517E-14,2.3812501
    ));
#5540 = CARTESIAN_POINT('',(3.238523500786,1.701305661014,2.487083433336
    ));
#5541 = CARTESIAN_POINT('',(2.214523266709,3.402611322016,2.592916766858
    ));
#5542 = CARTESIAN_POINT('',(-1.929486436763E-02,4.275126821522,
    2.698750100637));
#5543 = CARTESIAN_POINT('',(-2.185066918196,3.402611321962,
    2.804583434391));
#5544 = CARTESIAN_POINT('',(-4.314933081426,-9.327218884241E-11,
    3.016250101466));
#5545 = CARTESIAN_POINT('',(-2.18506691803,-3.402611322096,
    3.227916767715));
#5546 = CARTESIAN_POINT('',(-1.929486413923E-02,-4.275126821602,
    3.333750100629));
#5547 = CARTESIAN_POINT('',(2.214523266956,-3.402611322042,
    3.439583433544));
#5548 = CARTESIAN_POINT('',(3.238523501033,-1.701305661014,
    3.545416766669));
#5549 = CARTESIAN_POINT('',(3.250000000354,-1.416843113145E-13,3.6512501
    ));
#5550 = DEFINITIONAL_REPRESENTATION('',(#5551),#5555);
#5551 = LINE('',#5552,#5553);
#5552 = CARTESIAN_POINT('',(2.,0.));
#5553 = VECTOR('',#5554,1.);
#5554 = DIRECTION('',(0.,1.));
#5555 = ( GEOMETRIC_REPRESENTATION_CONTEXT(2) 
PARAMETRIC_REPRESENTATION_CONTEXT() REPRESENTATION_CONTEXT('2D SPACE',''
  ) );
#5556 = ORIENTED_EDGE('',*,*,#5557,.T.);
#5557 = EDGE_CURVE('',#5504,#5558,#5560,.T.);
#5558 = VERTEX_POINT('',#5559);
#5559 = CARTESIAN_POINT('',(-3.24999993478,-6.51098834296E-04,
    3.016290604241));
#5560 = SURFACE_CURVE('',#5561,(#5576,#5594),.PCURVE_S1.);
#5561 = B_SPLINE_CURVE_WITH_KNOTS('',5,(#5562,#5563,#5564,#5565,#5566,
    #5567,#5568,#5569,#5570,#5571,#5572,#5573,#5574,#5575),
  .UNSPECIFIED.,.F.,.F.,(6,4,4,6),(0.,0.160092303803,0.500243365768,1.),
  .UNSPECIFIED.);
#5562 = CARTESIAN_POINT('',(-2.629306237841,-1.910300685142,
    3.143249994694));
#5563 = CARTESIAN_POINT('',(-2.667724602452,-1.85742228411,
    3.139180996597));
#5564 = CARTESIAN_POINT('',(-2.704813644581,-1.803578105159,
    3.135111607345));
#5565 = CARTESIAN_POINT('',(-2.740540968035,-1.748812748547,
    3.131041923819));
#5566 = CARTESIAN_POINT('',(-2.774876496098,-1.693172322644,
    3.126972077552));
#5567 = CARTESIAN_POINT('',(-2.877729649868,-1.516726103597,
    3.114254964838));
#5568 = CARTESIAN_POINT('',(-2.941258801224,-1.393011439885,
    3.105607589017));
#5569 = CARTESIAN_POINT('',(-2.99811279817,-1.266018956126,
    3.096962051235));
#5570 = CARTESIAN_POINT('',(-3.048075972697,-1.136230244383,
    3.088319953431));
#5571 = CARTESIAN_POINT('',(-3.154025605097,-0.810095069741,
    3.066992320506));
#5572 = CARTESIAN_POINT('',(-3.201840028703,-0.611086497855,
    3.05431166011));
#5573 = CARTESIAN_POINT('',(-3.233905636597,-0.408732571717,
    3.041643613317));
#5574 = CARTESIAN_POINT('',(-3.249959058206,-0.204689036593,
    3.028983134473));
#5575 = CARTESIAN_POINT('',(-3.24999993478,-6.51098834296E-04,
    3.016290604241));
#5576 = PCURVE('',#3050,#5577);
#5577 = DEFINITIONAL_REPRESENTATION('',(#5578),#5593);
#5578 = B_SPLINE_CURVE_WITH_KNOTS('',5,(#5579,#5580,#5581,#5582,#5583,
    #5584,#5585,#5586,#5587,#5588,#5589,#5590,#5591,#5592),
  .UNSPECIFIED.,.F.,.F.,(6,4,4,6),(0.,0.160092303803,0.500243365768,1.),
  .UNSPECIFIED.);
#5579 = CARTESIAN_POINT('',(2.,0.599999916187));
#5580 = CARTESIAN_POINT('',(2.000012719425,0.596799955492));
#5581 = CARTESIAN_POINT('',(2.000026419476,0.593599993246));
#5582 = CARTESIAN_POINT('',(2.000040796897,0.590400010968));
#5583 = CARTESIAN_POINT('',(2.000055464336,0.587199991177));
#5584 = CARTESIAN_POINT('',(2.00010072902,0.577200661797));
#5585 = CARTESIAN_POINT('',(2.000130961598,0.570401152129));
#5586 = CARTESIAN_POINT('',(2.000155229033,0.563601225629));
#5587 = CARTESIAN_POINT('',(2.000169256615,0.55680080782));
#5588 = CARTESIAN_POINT('',(2.000170879787,0.540007903293));
#5589 = CARTESIAN_POINT('',(2.000143517046,0.530014580463));
#5590 = CARTESIAN_POINT('',(2.0000826022,0.520020704574));
#5591 = CARTESIAN_POINT('',(2.000000210269,0.510026076113));
#5592 = CARTESIAN_POINT('',(2.,0.500031892112));
#5593 = ( GEOMETRIC_REPRESENTATION_CONTEXT(2) 
PARAMETRIC_REPRESENTATION_CONTEXT() REPRESENTATION_CONTEXT('2D SPACE',''
  ) );
#5594 = PCURVE('',#3738,#5595);
#5595 = DEFINITIONAL_REPRESENTATION('',(#5596),#5611);
#5596 = B_SPLINE_CURVE_WITH_KNOTS('',5,(#5597,#5598,#5599,#5600,#5601,
    #5602,#5603,#5604,#5605,#5606,#5607,#5608,#5609,#5610),
  .UNSPECIFIED.,.F.,.F.,(6,4,4,6),(0.,0.160092303803,0.500243365768,1.),
  .UNSPECIFIED.);
#5597 = CARTESIAN_POINT('',(3.769910657625,3.143249994694));
#5598 = CARTESIAN_POINT('',(3.749799496639,3.139180996597));
#5599 = CARTESIAN_POINT('',(3.729688347474,3.135111607345));
#5600 = CARTESIAN_POINT('',(3.709577208269,3.131041923819));
#5601 = CARTESIAN_POINT('',(3.689466075943,3.126972077552));
#5602 = CARTESIAN_POINT('',(3.626624458966,3.114254964838));
#5603 = CARTESIAN_POINT('',(3.583893893916,3.105607589017));
#5604 = CARTESIAN_POINT('',(3.541163241901,3.096962051235));
#5605 = CARTESIAN_POINT('',(3.498432504302,3.088319953431));
#5606 = CARTESIAN_POINT('',(3.39292074417,3.066992320506));
#5607 = CARTESIAN_POINT('',(3.33013775358,3.05431166011));
#5608 = CARTESIAN_POINT('',(3.267357518392,3.041643613317));
#5609 = CARTESIAN_POINT('',(3.20457389688,3.028983134473));
#5610 = CARTESIAN_POINT('',(3.141792991694,3.016290604241));
#5611 = ( GEOMETRIC_REPRESENTATION_CONTEXT(2) 
PARAMETRIC_REPRESENTATION_CONTEXT() REPRESENTATION_CONTEXT('2D SPACE',''
  ) );
#5612 = ORIENTED_EDGE('',*,*,#5613,.F.);
#5613 = EDGE_CURVE('',#5614,#5558,#5616,.T.);
#5614 = VERTEX_POINT('',#5615);
#5615 = CARTESIAN_POINT('',(-3.249999934642,6.517882742776E-04,
    3.01620955538));
#5616 = SURFACE_CURVE('',#5617,(#5629,#5636),.PCURVE_S1.);
#5617 = ( BOUNDED_CURVE() B_SPLINE_CURVE(6,(#5618,#5619,#5620,#5621,
    #5622,#5623,#5624,#5625,#5626,#5627,#5628),.UNSPECIFIED.,.F.,.F.) 
B_SPLINE_CURVE_WITH_KNOTS((7,4,7),(0.,0.5,1.),.UNSPECIFIED.) CURVE() 
GEOMETRIC_REPRESENTATION_ITEM() RATIONAL_B_SPLINE_CURVE((1.,1.,1.,1.,1.,
1.,1.,1.,1.,1.,1.)) REPRESENTATION_ITEM('') );
#5618 = CARTESIAN_POINT('',(3.250000000108,-4.386592860517E-14,2.3812501
    ));
#5619 = CARTESIAN_POINT('',(3.238523500786,1.701305661014,2.487083433336
    ));
#5620 = CARTESIAN_POINT('',(2.214523266709,3.402611322016,2.592916766858
    ));
#5621 = CARTESIAN_POINT('',(-1.929486436763E-02,4.275126821522,
    2.698750100637));
#5622 = CARTESIAN_POINT('',(-2.185066918196,3.402611321962,
    2.804583434391));
#5623 = CARTESIAN_POINT('',(-4.314933081426,-9.327218884241E-11,
    3.016250101466));
#5624 = CARTESIAN_POINT('',(-2.18506691803,-3.402611322096,
    3.227916767715));
#5625 = CARTESIAN_POINT('',(-1.929486413923E-02,-4.275126821602,
    3.333750100629));
#5626 = CARTESIAN_POINT('',(2.214523266956,-3.402611322042,
    3.439583433544));
#5627 = CARTESIAN_POINT('',(3.238523501033,-1.701305661014,
    3.545416766669));
#5628 = CARTESIAN_POINT('',(3.250000000354,-1.416843113145E-13,3.6512501
    ));
#5629 = PCURVE('',#3050,#5630);
#5630 = DEFINITIONAL_REPRESENTATION('',(#5631),#5635);
#5631 = LINE('',#5632,#5633);
#5632 = CARTESIAN_POINT('',(2.,0.));
#5633 = VECTOR('',#5634,1.);
#5634 = DIRECTION('',(0.,1.));
#5635 = ( GEOMETRIC_REPRESENTATION_CONTEXT(2) 
PARAMETRIC_REPRESENTATION_CONTEXT() REPRESENTATION_CONTEXT('2D SPACE',''
  ) );
#5636 = PCURVE('',#3738,#5637);
#5637 = DEFINITIONAL_REPRESENTATION('',(#5638),#5645);
#5638 = B_SPLINE_CURVE_WITH_KNOTS('',5,(#5639,#5640,#5641,#5642,#5643,
    #5644),.UNSPECIFIED.,.F.,.F.,(6,6),(0.49996807411,0.500031892112),
  .PIECEWISE_BEZIER_KNOTS.);
#5639 = CARTESIAN_POINT('',(3.14139210335,3.01620955538));
#5640 = CARTESIAN_POINT('',(3.141472281019,3.016225765152));
#5641 = CARTESIAN_POINT('',(3.141552458688,3.016241974924));
#5642 = CARTESIAN_POINT('',(3.141632636356,3.016258184696));
#5643 = CARTESIAN_POINT('',(3.141712814025,3.016274394469));
#5644 = CARTESIAN_POINT('',(3.141792991694,3.016290604241));
#5645 = ( GEOMETRIC_REPRESENTATION_CONTEXT(2) 
PARAMETRIC_REPRESENTATION_CONTEXT() REPRESENTATION_CONTEXT('2D SPACE',''
  ) );
#5646 = ORIENTED_EDGE('',*,*,#5647,.F.);
#5647 = EDGE_CURVE('',#5648,#5614,#5650,.T.);
#5648 = VERTEX_POINT('',#5649);
#5649 = CARTESIAN_POINT('',(-2.629306270554,1.910300640116,
    2.889250211034));
#5650 = SURFACE_CURVE('',#5651,(#5666,#5684),.PCURVE_S1.);
#5651 = B_SPLINE_CURVE_WITH_KNOTS('',5,(#5652,#5653,#5654,#5655,#5656,
    #5657,#5658,#5659,#5660,#5661,#5662,#5663,#5664,#5665),
  .UNSPECIFIED.,.F.,.F.,(6,4,4,6),(0.,0.511842256776,0.815204385572,1.),
  .UNSPECIFIED.);
#5652 = CARTESIAN_POINT('',(-2.629306270561,1.910300640106,
    2.889250211035));
#5653 = CARTESIAN_POINT('',(-2.752216741394,1.741128696751,
    2.902235708491));
#5654 = CARTESIAN_POINT('',(-2.861524767402,1.562066080698,
    2.915217760086));
#5655 = CARTESIAN_POINT('',(-2.956160556942,1.374586705458,
    2.928199300625));
#5656 = CARTESIAN_POINT('',(-3.035310721226,1.180302474881,
    2.941192287767));
#5657 = CARTESIAN_POINT('',(-3.135832235697,0.862795363844,
    2.961906528207));
#5658 = CARTESIAN_POINT('',(-3.167607277462,0.742858180821,
    2.969619455737));
#5659 = CARTESIAN_POINT('',(-3.193636626879,0.621497468783,
    2.977337730375));
#5660 = CARTESIAN_POINT('',(-3.213841696268,0.499079980988,
    2.985059881192));
#5661 = CARTESIAN_POINT('',(-3.23691262311,0.300991859136,2.997486240998
    ));
#5662 = CARTESIAN_POINT('',(-3.243468922527,0.225750471608,
    3.002190330372));
#5663 = CARTESIAN_POINT('',(-3.247838043035,0.1503398451,3.006893500898)
  );
#5664 = CARTESIAN_POINT('',(-3.250015059421,7.484447871081E-02,
    3.011594272221));
#5665 = CARTESIAN_POINT('',(-3.24999993478,-6.510988342959E-04,
    3.016290604241));
#5666 = PCURVE('',#3050,#5667);
#5667 = DEFINITIONAL_REPRESENTATION('',(#5668),#5683);
#5668 = B_SPLINE_CURVE_WITH_KNOTS('',5,(#5669,#5670,#5671,#5672,#5673,
    #5674,#5675,#5676,#5677,#5678,#5679,#5680,#5681,#5682),
  .UNSPECIFIED.,.F.,.F.,(6,4,4,6),(0.,0.511842256776,0.815204385572,1.),
  .UNSPECIFIED.);
#5669 = CARTESIAN_POINT('',(2.,0.40000008653));
#5670 = CARTESIAN_POINT('',(2.000040692797,0.410237604157));
#5671 = CARTESIAN_POINT('',(2.00009118665,0.42047547134));
#5672 = CARTESIAN_POINT('',(2.000143186726,0.430713406813));
#5673 = CARTESIAN_POINT('',(2.00017165989,0.440953003202));
#5674 = CARTESIAN_POINT('',(2.000168805326,0.457262536679));
#5675 = CARTESIAN_POINT('',(2.000157467892,0.463332165009));
#5676 = CARTESIAN_POINT('',(2.000133647244,0.469402102658));
#5677 = CARTESIAN_POINT('',(2.000100812828,0.475472275614));
#5678 = CARTESIAN_POINT('',(2.000048191351,0.485240366679));
#5679 = CARTESIAN_POINT('',(2.000028456894,0.488938207042));
#5680 = CARTESIAN_POINT('',(2.000011133477,0.492636077352));
#5681 = CARTESIAN_POINT('',(1.999999922199,0.49633396857));
#5682 = CARTESIAN_POINT('',(2.,0.500031892112));
#5683 = ( GEOMETRIC_REPRESENTATION_CONTEXT(2) 
PARAMETRIC_REPRESENTATION_CONTEXT() REPRESENTATION_CONTEXT('2D SPACE',''
  ) );
#5684 = PCURVE('',#3738,#5685);
#5685 = DEFINITIONAL_REPRESENTATION('',(#5686),#5701);
#5686 = B_SPLINE_CURVE_WITH_KNOTS('',5,(#5687,#5688,#5689,#5690,#5691,
    #5692,#5693,#5694,#5695,#5696,#5697,#5698,#5699,#5700),
  .UNSPECIFIED.,.F.,.F.,(6,4,4,6),(0.,0.511842256776,0.815204385572,1.),
  .UNSPECIFIED.);
#5687 = CARTESIAN_POINT('',(2.513274666683,2.889250211035));
#5688 = CARTESIAN_POINT('',(2.577615571068,2.902235708491));
#5689 = CARTESIAN_POINT('',(2.641958460506,2.915217760086));
#5690 = CARTESIAN_POINT('',(2.706297823864,2.928199300625));
#5691 = CARTESIAN_POINT('',(2.770640315569,2.941192287767));
#5692 = CARTESIAN_POINT('',(2.873114022599,2.961906528207));
#5693 = CARTESIAN_POINT('',(2.911247512707,2.969619455737));
#5694 = CARTESIAN_POINT('',(2.949380815567,2.977337730375));
#5695 = CARTESIAN_POINT('',(2.987513941507,2.985059881192));
#5696 = CARTESIAN_POINT('',(3.048876128799,2.997486240998));
#5697 = CARTESIAN_POINT('',(3.072105251493,3.002190330372));
#5698 = CARTESIAN_POINT('',(3.095334382575,3.006893500898));
#5699 = CARTESIAN_POINT('',(3.118563582752,3.011594272221));
#5700 = CARTESIAN_POINT('',(3.141792991694,3.016290604241));
#5701 = ( GEOMETRIC_REPRESENTATION_CONTEXT(2) 
PARAMETRIC_REPRESENTATION_CONTEXT() REPRESENTATION_CONTEXT('2D SPACE',''
  ) );
#5702 = ORIENTED_EDGE('',*,*,#5703,.F.);
#5703 = EDGE_CURVE('',#5704,#5648,#5706,.T.);
#5704 = VERTEX_POINT('',#5705);
#5705 = CARTESIAN_POINT('',(-1.011635985293,3.088542153389,
    2.762729804236));
#5706 = SURFACE_CURVE('',#5707,(#5719,#5726),.PCURVE_S1.);
#5707 = ( BOUNDED_CURVE() B_SPLINE_CURVE(6,(#5708,#5709,#5710,#5711,
    #5712,#5713,#5714,#5715,#5716,#5717,#5718),.UNSPECIFIED.,.F.,.F.) 
B_SPLINE_CURVE_WITH_KNOTS((7,4,7),(0.,0.5,1.),.UNSPECIFIED.) CURVE() 
GEOMETRIC_REPRESENTATION_ITEM() RATIONAL_B_SPLINE_CURVE((1.,1.,1.,1.,1.,
1.,1.,1.,1.,1.,1.)) REPRESENTATION_ITEM('') );
#5708 = CARTESIAN_POINT('',(3.250000000108,-4.386592860517E-14,2.3812501
    ));
#5709 = CARTESIAN_POINT('',(3.238523500786,1.701305661014,2.487083433336
    ));
#5710 = CARTESIAN_POINT('',(2.214523266709,3.402611322016,2.592916766858
    ));
#5711 = CARTESIAN_POINT('',(-1.929486436763E-02,4.275126821522,
    2.698750100637));
#5712 = CARTESIAN_POINT('',(-2.185066918196,3.402611321962,
    2.804583434391));
#5713 = CARTESIAN_POINT('',(-4.314933081426,-9.327218884241E-11,
    3.016250101466));
#5714 = CARTESIAN_POINT('',(-2.18506691803,-3.402611322096,
    3.227916767715));
#5715 = CARTESIAN_POINT('',(-1.929486413923E-02,-4.275126821602,
    3.333750100629));
#5716 = CARTESIAN_POINT('',(2.214523266956,-3.402611322042,
    3.439583433544));
#5717 = CARTESIAN_POINT('',(3.238523501033,-1.701305661014,
    3.545416766669));
#5718 = CARTESIAN_POINT('',(3.250000000354,-1.416843113145E-13,3.6512501
    ));
#5719 = PCURVE('',#3050,#5720);
#5720 = DEFINITIONAL_REPRESENTATION('',(#5721),#5725);
#5721 = LINE('',#5722,#5723);
#5722 = CARTESIAN_POINT('',(2.,0.));
#5723 = VECTOR('',#5724,1.);
#5724 = DIRECTION('',(0.,1.));
#5725 = ( GEOMETRIC_REPRESENTATION_CONTEXT(2) 
PARAMETRIC_REPRESENTATION_CONTEXT() REPRESENTATION_CONTEXT('2D SPACE',''
  ) );
#5726 = PCURVE('',#5727,#5750);
#5727 = ( BOUNDED_SURFACE() B_SPLINE_SURFACE(1,6,(
    (#5728,#5729,#5730,#5731,#5732,#5733,#5734,#5735,#5736,#5737,#5738)
    ,(#5739,#5740,#5741,#5742,#5743,#5744,#5745,#5746,#5747,#5748,#5749
)),.UNSPECIFIED.,.F.,.F.,.F.) B_SPLINE_SURFACE_WITH_KNOTS((2,2),(7,4,7),
(1.,2.),(0.,0.5,1.),.UNSPECIFIED.) GEOMETRIC_REPRESENTATION_ITEM() 
RATIONAL_B_SPLINE_SURFACE((
    (1.,1.,1.,1.,1.,1.,1.,1.,1.,1.,1.)
,(1.,1.,1.,1.,1.,1.,1.,1.,1.,1.,1.
  ))) REPRESENTATION_ITEM('') SURFACE() );
#5728 = CARTESIAN_POINT('',(3.450000000108,2.405243739714E-12,
    2.381250099961));
#5729 = CARTESIAN_POINT('',(3.437817254722,1.806001394017,2.487083433297
    ));
#5730 = CARTESIAN_POINT('',(2.350801621453,3.612002788019,2.592916766831
    ));
#5731 = CARTESIAN_POINT('',(-2.048224056245E-02,4.538211548951,
    2.698750100638));
#5732 = CARTESIAN_POINT('',(-2.319532574719,3.612002787961,
    2.804583434417));
#5733 = CARTESIAN_POINT('',(-4.580467424905,-9.683197504354E-11,
    3.016250101517));
#5734 = CARTESIAN_POINT('',(-2.319532574548,-3.612002788098,
    3.227916767741));
#5735 = CARTESIAN_POINT('',(-2.048224032748E-02,-4.538211549032,
    3.333750100629));
#5736 = CARTESIAN_POINT('',(2.350801621705,-3.61200278804,3.439583433518
    ));
#5737 = CARTESIAN_POINT('',(3.437817254972,-1.806001394012,3.54541676663
    ));
#5738 = CARTESIAN_POINT('',(3.450000000354,2.364732992126E-12,
    3.651250099961));
#5739 = CARTESIAN_POINT('',(3.250000000108,-4.386592860517E-14,2.3812501
    ));
#5740 = CARTESIAN_POINT('',(3.238523500786,1.701305661014,2.487083433336
    ));
#5741 = CARTESIAN_POINT('',(2.214523266709,3.402611322016,2.592916766858
    ));
#5742 = CARTESIAN_POINT('',(-1.929486436763E-02,4.275126821522,
    2.698750100637));
#5743 = CARTESIAN_POINT('',(-2.185066918196,3.402611321962,
    2.804583434391));
#5744 = CARTESIAN_POINT('',(-4.314933081426,-9.327218884241E-11,
    3.016250101466));
#5745 = CARTESIAN_POINT('',(-2.18506691803,-3.402611322096,
    3.227916767715));
#5746 = CARTESIAN_POINT('',(-1.929486413923E-02,-4.275126821602,
    3.333750100629));
#5747 = CARTESIAN_POINT('',(2.214523266956,-3.402611322042,
    3.439583433544));
#5748 = CARTESIAN_POINT('',(3.238523501033,-1.701305661014,
    3.545416766669));
#5749 = CARTESIAN_POINT('',(3.250000000354,-1.416843113145E-13,3.6512501
    ));
#5750 = DEFINITIONAL_REPRESENTATION('',(#5751),#5755);
#5751 = LINE('',#5752,#5753);
#5752 = CARTESIAN_POINT('',(2.,0.));
#5753 = VECTOR('',#5754,1.);
#5754 = DIRECTION('',(0.,1.));
#5755 = ( GEOMETRIC_REPRESENTATION_CONTEXT(2) 
PARAMETRIC_REPRESENTATION_CONTEXT() REPRESENTATION_CONTEXT('2D SPACE',''
  ) );
#5756 = ORIENTED_EDGE('',*,*,#5757,.F.);
#5757 = EDGE_CURVE('',#5758,#5704,#5760,.T.);
#5758 = VERTEX_POINT('',#5759);
#5759 = CARTESIAN_POINT('',(-1.004482289602,3.090876142759,
    2.762261682625));
#5760 = SURFACE_CURVE('',#5761,(#5773,#5780),.PCURVE_S1.);
#5761 = ( BOUNDED_CURVE() B_SPLINE_CURVE(6,(#5762,#5763,#5764,#5765,
    #5766,#5767,#5768,#5769,#5770,#5771,#5772),.UNSPECIFIED.,.F.,.F.) 
B_SPLINE_CURVE_WITH_KNOTS((7,4,7),(0.,0.5,1.),.UNSPECIFIED.) CURVE() 
GEOMETRIC_REPRESENTATION_ITEM() RATIONAL_B_SPLINE_CURVE((1.,1.,1.,1.,1.,
1.,1.,1.,1.,1.,1.)) REPRESENTATION_ITEM('') );
#5762 = CARTESIAN_POINT('',(3.250000000108,-4.386592860517E-14,2.3812501
    ));
#5763 = CARTESIAN_POINT('',(3.238523500786,1.701305661014,2.487083433336
    ));
#5764 = CARTESIAN_POINT('',(2.214523266709,3.402611322016,2.592916766858
    ));
#5765 = CARTESIAN_POINT('',(-1.929486436763E-02,4.275126821522,
    2.698750100637));
#5766 = CARTESIAN_POINT('',(-2.185066918196,3.402611321962,
    2.804583434391));
#5767 = CARTESIAN_POINT('',(-4.314933081426,-9.327218884241E-11,
    3.016250101466));
#5768 = CARTESIAN_POINT('',(-2.18506691803,-3.402611322096,
    3.227916767715));
#5769 = CARTESIAN_POINT('',(-1.929486413923E-02,-4.275126821602,
    3.333750100629));
#5770 = CARTESIAN_POINT('',(2.214523266956,-3.402611322042,
    3.439583433544));
#5771 = CARTESIAN_POINT('',(3.238523501033,-1.701305661014,
    3.545416766669));
#5772 = CARTESIAN_POINT('',(3.250000000354,-1.416843113145E-13,3.6512501
    ));
#5773 = PCURVE('',#3050,#5774);
#5774 = DEFINITIONAL_REPRESENTATION('',(#5775),#5779);
#5775 = LINE('',#5776,#5777);
#5776 = CARTESIAN_POINT('',(2.,0.));
#5777 = VECTOR('',#5778,1.);
#5778 = DIRECTION('',(0.,1.));
#5779 = ( GEOMETRIC_REPRESENTATION_CONTEXT(2) 
PARAMETRIC_REPRESENTATION_CONTEXT() REPRESENTATION_CONTEXT('2D SPACE',''
  ) );
#5780 = PCURVE('',#3738,#5781);
#5781 = DEFINITIONAL_REPRESENTATION('',(#5782),#5789);
#5782 = B_SPLINE_CURVE_WITH_KNOTS('',5,(#5783,#5784,#5785,#5786,#5787,
    #5788),.UNSPECIFIED.,.F.,.F.,(6,6),(0.300009119527,0.30037771922),
  .PIECEWISE_BEZIER_KNOTS.);
#5783 = CARTESIAN_POINT('',(1.885012875664,2.762261682625));
#5784 = CARTESIAN_POINT('',(1.885475941345,2.762355306947));
#5785 = CARTESIAN_POINT('',(1.885939007062,2.762448931269));
#5786 = CARTESIAN_POINT('',(1.886402072815,2.762542555592));
#5787 = CARTESIAN_POINT('',(1.886865138607,2.762636179914));
#5788 = CARTESIAN_POINT('',(1.887328204439,2.762729804236));
#5789 = ( GEOMETRIC_REPRESENTATION_CONTEXT(2) 
PARAMETRIC_REPRESENTATION_CONTEXT() REPRESENTATION_CONTEXT('2D SPACE',''
  ) );
#5790 = ORIENTED_EDGE('',*,*,#5791,.F.);
#5791 = EDGE_CURVE('',#5792,#5758,#5794,.T.);
#5792 = VERTEX_POINT('',#5793);
#5793 = CARTESIAN_POINT('',(1.004305214013,3.090933683712,2.635250101598
    ));
#5794 = SURFACE_CURVE('',#5795,(#5807,#5814),.PCURVE_S1.);
#5795 = ( BOUNDED_CURVE() B_SPLINE_CURVE(6,(#5796,#5797,#5798,#5799,
    #5800,#5801,#5802,#5803,#5804,#5805,#5806),.UNSPECIFIED.,.F.,.F.) 
B_SPLINE_CURVE_WITH_KNOTS((7,4,7),(0.,0.5,1.),.UNSPECIFIED.) CURVE() 
GEOMETRIC_REPRESENTATION_ITEM() RATIONAL_B_SPLINE_CURVE((1.,1.,1.,1.,1.,
1.,1.,1.,1.,1.,1.)) REPRESENTATION_ITEM('') );
#5796 = CARTESIAN_POINT('',(3.250000000108,-4.386592860517E-14,2.3812501
    ));
#5797 = CARTESIAN_POINT('',(3.238523500786,1.701305661014,2.487083433336
    ));
#5798 = CARTESIAN_POINT('',(2.214523266709,3.402611322016,2.592916766858
    ));
#5799 = CARTESIAN_POINT('',(-1.929486436763E-02,4.275126821522,
    2.698750100637));
#5800 = CARTESIAN_POINT('',(-2.185066918196,3.402611321962,
    2.804583434391));
#5801 = CARTESIAN_POINT('',(-4.314933081426,-9.327218884241E-11,
    3.016250101466));
#5802 = CARTESIAN_POINT('',(-2.18506691803,-3.402611322096,
    3.227916767715));
#5803 = CARTESIAN_POINT('',(-1.929486413923E-02,-4.275126821602,
    3.333750100629));
#5804 = CARTESIAN_POINT('',(2.214523266956,-3.402611322042,
    3.439583433544));
#5805 = CARTESIAN_POINT('',(3.238523501033,-1.701305661014,
    3.545416766669));
#5806 = CARTESIAN_POINT('',(3.250000000354,-1.416843113145E-13,3.6512501
    ));
#5807 = PCURVE('',#3050,#5808);
#5808 = DEFINITIONAL_REPRESENTATION('',(#5809),#5813);
#5809 = LINE('',#5810,#5811);
#5810 = CARTESIAN_POINT('',(2.,0.));
#5811 = VECTOR('',#5812,1.);
#5812 = DIRECTION('',(0.,1.));
#5813 = ( GEOMETRIC_REPRESENTATION_CONTEXT(2) 
PARAMETRIC_REPRESENTATION_CONTEXT() REPRESENTATION_CONTEXT('2D SPACE',''
  ) );
#5814 = PCURVE('',#5815,#5838);
#5815 = ( BOUNDED_SURFACE() B_SPLINE_SURFACE(1,6,(
    (#5816,#5817,#5818,#5819,#5820,#5821,#5822,#5823,#5824,#5825,#5826)
    ,(#5827,#5828,#5829,#5830,#5831,#5832,#5833,#5834,#5835,#5836,#5837
)),.UNSPECIFIED.,.F.,.F.,.F.) B_SPLINE_SURFACE_WITH_KNOTS((2,2),(7,4,7),
(1.,2.),(0.,0.5,1.),.UNSPECIFIED.) GEOMETRIC_REPRESENTATION_ITEM() 
RATIONAL_B_SPLINE_SURFACE((
    (1.,1.,1.,1.,1.,1.,1.,1.,1.,1.,1.)
,(1.,1.,1.,1.,1.,1.,1.,1.,1.,1.,1.
  ))) REPRESENTATION_ITEM('') SURFACE() );
#5816 = CARTESIAN_POINT('',(3.450000000108,2.405243739714E-12,
    2.381250099961));
#5817 = CARTESIAN_POINT('',(3.437817254722,1.806001394017,2.487083433297
    ));
#5818 = CARTESIAN_POINT('',(2.350801621453,3.612002788019,2.592916766831
    ));
#5819 = CARTESIAN_POINT('',(-2.048224056245E-02,4.538211548951,
    2.698750100638));
#5820 = CARTESIAN_POINT('',(-2.319532574719,3.612002787961,
    2.804583434417));
#5821 = CARTESIAN_POINT('',(-4.580467424905,-9.683197504354E-11,
    3.016250101517));
#5822 = CARTESIAN_POINT('',(-2.319532574548,-3.612002788098,
    3.227916767741));
#5823 = CARTESIAN_POINT('',(-2.048224032748E-02,-4.538211549032,
    3.333750100629));
#5824 = CARTESIAN_POINT('',(2.350801621705,-3.61200278804,3.439583433518
    ));
#5825 = CARTESIAN_POINT('',(3.437817254972,-1.806001394012,3.54541676663
    ));
#5826 = CARTESIAN_POINT('',(3.450000000354,2.364732992126E-12,
    3.651250099961));
#5827 = CARTESIAN_POINT('',(3.250000000108,-4.386592860517E-14,2.3812501
    ));
#5828 = CARTESIAN_POINT('',(3.238523500786,1.701305661014,2.487083433336
    ));
#5829 = CARTESIAN_POINT('',(2.214523266709,3.402611322016,2.592916766858
    ));
#5830 = CARTESIAN_POINT('',(-1.929486436763E-02,4.275126821522,
    2.698750100637));
#5831 = CARTESIAN_POINT('',(-2.185066918196,3.402611321962,
    2.804583434391));
#5832 = CARTESIAN_POINT('',(-4.314933081426,-9.327218884241E-11,
    3.016250101466));
#5833 = CARTESIAN_POINT('',(-2.18506691803,-3.402611322096,
    3.227916767715));
#5834 = CARTESIAN_POINT('',(-1.929486413923E-02,-4.275126821602,
    3.333750100629));
#5835 = CARTESIAN_POINT('',(2.214523266956,-3.402611322042,
    3.439583433544));
#5836 = CARTESIAN_POINT('',(3.238523501033,-1.701305661014,
    3.545416766669));
#5837 = CARTESIAN_POINT('',(3.250000000354,-1.416843113145E-13,3.6512501
    ));
#5838 = DEFINITIONAL_REPRESENTATION('',(#5839),#5843);
#5839 = LINE('',#5840,#5841);
#5840 = CARTESIAN_POINT('',(2.,0.));
#5841 = VECTOR('',#5842,1.);
#5842 = DIRECTION('',(0.,1.));
#5843 = ( GEOMETRIC_REPRESENTATION_CONTEXT(2) 
PARAMETRIC_REPRESENTATION_CONTEXT() REPRESENTATION_CONTEXT('2D SPACE',''
  ) );
#5844 = ORIENTED_EDGE('',*,*,#5845,.T.);
#5845 = EDGE_CURVE('',#5792,#5197,#5846,.T.);
#5846 = SURFACE_CURVE('',#5847,(#5862,#5880),.PCURVE_S1.);
#5847 = B_SPLINE_CURVE_WITH_KNOTS('',5,(#5848,#5849,#5850,#5851,#5852,
    #5853,#5854,#5855,#5856,#5857,#5858,#5859,#5860,#5861),
  .UNSPECIFIED.,.F.,.F.,(6,4,4,6),(0.,0.300108180204,0.640142404431,1.),
  .UNSPECIFIED.);
#5848 = CARTESIAN_POINT('',(1.004305214016,3.090933683711,2.635250101598
    ));
#5849 = CARTESIAN_POINT('',(1.120871347634,3.053059051723,2.627615402917
    ));
#5850 = CARTESIAN_POINT('',(1.235652136467,3.009689397702,2.619977384083
    ));
#5851 = CARTESIAN_POINT('',(1.348300952892,2.960937504424,2.612336284536
    ));
#5852 = CARTESIAN_POINT('',(1.458484853698,2.906947512654,2.60469320534)
  );
#5853 = CARTESIAN_POINT('',(1.687572641432,2.780986041381,2.588390184375
    ));
#5854 = CARTESIAN_POINT('',(1.80568770977,2.707577183026,2.579730141712)
  );
#5855 = CARTESIAN_POINT('',(1.919765048433,2.627924047303,2.571073098269
    ));
#5856 = CARTESIAN_POINT('',(2.029372191211,2.542328448012,2.562422984518
    ));
#5857 = CARTESIAN_POINT('',(2.244951653889,2.354631957396,2.544642498919
    ));
#5858 = CARTESIAN_POINT('',(2.350341129718,2.251858360577,2.535513353404
    ));
#5859 = CARTESIAN_POINT('',(2.449803095463,2.143230202197,2.526402399896
    ));
#5860 = CARTESIAN_POINT('',(2.542914620419,2.029208548442,2.517314579129
    ));
#5861 = CARTESIAN_POINT('',(2.629305254641,1.9103020384,2.508250097696)
  );
#5862 = PCURVE('',#3050,#5863);
#5863 = DEFINITIONAL_REPRESENTATION('',(#5864),#5879);
#5864 = B_SPLINE_CURVE_WITH_KNOTS('',5,(#5865,#5866,#5867,#5868,#5869,
    #5870,#5871,#5872,#5873,#5874,#5875,#5876,#5877,#5878),
  .UNSPECIFIED.,.F.,.F.,(6,4,4,6),(0.,0.300108180204,0.640142404431,1.),
  .UNSPECIFIED.);
#5865 = CARTESIAN_POINT('',(2.,0.200000000917));
#5866 = CARTESIAN_POINT('',(2.000037244739,0.194000066151));
#5867 = CARTESIAN_POINT('',(2.000083258953,0.188000257552));
#5868 = CARTESIAN_POINT('',(2.000136948076,0.182000421604));
#5869 = CARTESIAN_POINT('',(2.000195021248,0.176000396892));
#5870 = CARTESIAN_POINT('',(2.000316540614,0.163201347346));
#5871 = CARTESIAN_POINT('',(2.000379878545,0.156402209238));
#5872 = CARTESIAN_POINT('',(2.000433342893,0.149602347224));
#5873 = CARTESIAN_POINT('',(2.000466574844,0.142801619035));
#5874 = CARTESIAN_POINT('',(2.000468518164,0.128801843994));
#5875 = CARTESIAN_POINT('',(2.000433593867,0.121602626613));
#5876 = CARTESIAN_POINT('',(2.000349821394,0.11440246859));
#5877 = CARTESIAN_POINT('',(2.000204818228,0.107201390731));
#5878 = CARTESIAN_POINT('',(2.,9.999999809242E-02));
#5879 = ( GEOMETRIC_REPRESENTATION_CONTEXT(2) 
PARAMETRIC_REPRESENTATION_CONTEXT() REPRESENTATION_CONTEXT('2D SPACE',''
  ) );
#5880 = PCURVE('',#3738,#5881);
#5881 = DEFINITIONAL_REPRESENTATION('',(#5882),#5897);
#5882 = B_SPLINE_CURVE_WITH_KNOTS('',5,(#5883,#5884,#5885,#5886,#5887,
    #5888,#5889,#5890,#5891,#5892,#5893,#5894,#5895,#5896),
  .UNSPECIFIED.,.F.,.F.,(6,4,4,6),(0.,0.300108180204,0.640142404431,1.),
  .UNSPECIFIED.);
#5883 = CARTESIAN_POINT('',(1.256637067163,2.635250101598));
#5884 = CARTESIAN_POINT('',(1.218924794579,2.627615402917));
#5885 = CARTESIAN_POINT('',(1.181212592775,2.619977384083));
#5886 = CARTESIAN_POINT('',(1.143500484638,2.612336284536));
#5887 = CARTESIAN_POINT('',(1.105788463716,2.60469320534));
#5888 = CARTESIAN_POINT('',(1.025347368073,2.588390184375));
#5889 = CARTESIAN_POINT('',(0.982618169367,2.579730141712));
#5890 = CARTESIAN_POINT('',(0.939888844969,2.571073098269));
#5891 = CARTESIAN_POINT('',(0.897159315207,2.562422984518));
#5892 = CARTESIAN_POINT('',(0.809208561198,2.544642498919));
#5893 = CARTESIAN_POINT('',(0.763986857286,2.535513353404));
#5894 = CARTESIAN_POINT('',(0.718765154917,2.526402399896));
#5895 = CARTESIAN_POINT('',(0.673542065825,2.517314579129));
#5896 = CARTESIAN_POINT('',(0.628318518719,2.508250097696));
#5897 = ( GEOMETRIC_REPRESENTATION_CONTEXT(2) 
PARAMETRIC_REPRESENTATION_CONTEXT() REPRESENTATION_CONTEXT('2D SPACE',''
  ) );
#5898 = ADVANCED_FACE('',(#5899),#3738,.F.);
#5899 = FACE_BOUND('',#5900,.F.);
#5900 = EDGE_LOOP('',(#5901,#5949,#5977,#6050,#6106,#6185,#6219,#6307,
    #6363,#6397,#6453,#6541,#6575,#6654,#6689,#6760,#6761,#6809,#6810,
    #6864,#6865,#6919,#6920,#6921,#6922,#6985,#6986,#7040));
#5901 = ORIENTED_EDGE('',*,*,#5902,.F.);
#5902 = EDGE_CURVE('',#5283,#5327,#5903,.T.);
#5903 = SURFACE_CURVE('',#5904,(#5917,#5933),.PCURVE_S1.);
#5904 = B_SPLINE_CURVE_WITH_KNOTS('',6,(#5905,#5906,#5907,#5908,#5909,
    #5910,#5911,#5912,#5913,#5914,#5915,#5916),.UNSPECIFIED.,.F.,.F.,(7,
    5,7),(0.,0.652463604832,1.),.UNSPECIFIED.);
#5905 = CARTESIAN_POINT('',(3.250000000354,-1.447730824111E-13,3.6512501
    ));
#5906 = CARTESIAN_POINT('',(3.250000000354,-0.221962782676,
    3.637442433509));
#5907 = CARTESIAN_POINT('',(3.231808840352,-0.444050085293,
    3.623642296696));
#5908 = CARTESIAN_POINT('',(3.195388913192,-0.66427336283,3.609840551722
    ));
#5909 = CARTESIAN_POINT('',(3.141022193288,-0.880742966202,
    3.596034457801));
#5910 = CARTESIAN_POINT('',(3.069216405106,-1.091660731635,
    3.582223734477));
#5911 = CARTESIAN_POINT('',(2.933567096086,-1.403807312582,
    3.561050986895));
#5912 = CARTESIAN_POINT('',(2.881685998087,-1.510231076047,
    3.553691669389));
#5913 = CARTESIAN_POINT('',(2.825179614215,-1.614337068085,
    3.546331635519));
#5914 = CARTESIAN_POINT('',(2.764178644526,-1.715875634875,
    3.538971162659));
#5915 = CARTESIAN_POINT('',(2.698831721293,-1.814607050936,
    3.531610542032));
#5916 = CARTESIAN_POINT('',(2.629305381425,-1.910301863898,
    3.524250115959));
#5917 = PCURVE('',#3738,#5918);
#5918 = DEFINITIONAL_REPRESENTATION('',(#5919),#5932);
#5919 = B_SPLINE_CURVE_WITH_KNOTS('',6,(#5920,#5921,#5922,#5923,#5924,
    #5925,#5926,#5927,#5928,#5929,#5930,#5931),.UNSPECIFIED.,.F.,.F.,(7,
    5,7),(0.,0.652463604832,1.),.UNSPECIFIED.);
#5920 = CARTESIAN_POINT('',(6.28318530718,3.6512501));
#5921 = CARTESIAN_POINT('',(6.214889066356,3.637442433509));
#5922 = CARTESIAN_POINT('',(6.146554556821,3.623642296696));
#5923 = CARTESIAN_POINT('',(6.078219914664,3.609840551722));
#5924 = CARTESIAN_POINT('',(6.009891098307,3.596034457801));
#5925 = CARTESIAN_POINT('',(5.941564845809,3.582223734477));
#5926 = CARTESIAN_POINT('',(5.836842627492,3.561050986895));
#5927 = CARTESIAN_POINT('',(5.80044771264,3.553691669389));
#5928 = CARTESIAN_POINT('',(5.76405287664,3.546331635519));
#5929 = CARTESIAN_POINT('',(5.727657820695,3.538971162659));
#5930 = CARTESIAN_POINT('',(5.691262327808,3.531610542032));
#5931 = CARTESIAN_POINT('',(5.654866854829,3.524250115959));
#5932 = ( GEOMETRIC_REPRESENTATION_CONTEXT(2) 
PARAMETRIC_REPRESENTATION_CONTEXT() REPRESENTATION_CONTEXT('2D SPACE',''
  ) );
#5933 = PCURVE('',#5350,#5934);
#5934 = DEFINITIONAL_REPRESENTATION('',(#5935),#5948);
#5935 = B_SPLINE_CURVE_WITH_KNOTS('',6,(#5936,#5937,#5938,#5939,#5940,
    #5941,#5942,#5943,#5944,#5945,#5946,#5947),.UNSPECIFIED.,.F.,.F.,(7,
    5,7),(0.,0.652463604832,1.),.UNSPECIFIED.);
#5936 = CARTESIAN_POINT('',(2.,1.));
#5937 = CARTESIAN_POINT('',(1.99251352716,0.989127821661));
#5938 = CARTESIAN_POINT('',(1.989805726264,0.978261572199));
#5939 = CARTESIAN_POINT('',(1.989876523305,0.967394056465));
#5940 = CARTESIAN_POINT('',(1.9912653013,0.956523116362));
#5941 = CARTESIAN_POINT('',(1.993129426778,0.945648531056));
#5942 = CARTESIAN_POINT('',(1.995994233982,0.928977076246));
#5943 = CARTESIAN_POINT('',(1.996991414203,0.923182338045));
#5944 = CARTESIAN_POINT('',(1.997919530188,0.917387035776));
#5945 = CARTESIAN_POINT('',(1.998739126939,0.911591387845));
#5946 = CARTESIAN_POINT('',(1.999433453114,0.905795623561));
#5947 = CARTESIAN_POINT('',(2.,0.90000001247));
#5948 = ( GEOMETRIC_REPRESENTATION_CONTEXT(2) 
PARAMETRIC_REPRESENTATION_CONTEXT() REPRESENTATION_CONTEXT('2D SPACE',''
  ) );
#5949 = ORIENTED_EDGE('',*,*,#5950,.T.);
#5950 = EDGE_CURVE('',#5283,#5951,#5953,.T.);
#5951 = VERTEX_POINT('',#5952);
#5952 = CARTESIAN_POINT('',(3.250000000469,-1.881330791148E-13,3.8100001
    ));
#5953 = SURFACE_CURVE('',#5954,(#5958,#5965),.PCURVE_S1.);
#5954 = LINE('',#5955,#5956);
#5955 = CARTESIAN_POINT('',(3.25,-7.960204194458E-16,0.));
#5956 = VECTOR('',#5957,1.);
#5957 = DIRECTION('',(0.,0.,1.));
#5958 = PCURVE('',#3738,#5959);
#5959 = DEFINITIONAL_REPRESENTATION('',(#5960),#5964);
#5960 = LINE('',#5961,#5962);
#5961 = CARTESIAN_POINT('',(6.28318530718,-0.));
#5962 = VECTOR('',#5963,1.);
#5963 = DIRECTION('',(0.,1.));
#5964 = ( GEOMETRIC_REPRESENTATION_CONTEXT(2) 
PARAMETRIC_REPRESENTATION_CONTEXT() REPRESENTATION_CONTEXT('2D SPACE',''
  ) );
#5965 = PCURVE('',#5966,#5971);
#5966 = CYLINDRICAL_SURFACE('',#5967,3.25);
#5967 = AXIS2_PLACEMENT_3D('',#5968,#5969,#5970);
#5968 = CARTESIAN_POINT('',(0.,0.,0.));
#5969 = DIRECTION('',(0.,0.,1.));
#5970 = DIRECTION('',(1.,0.,-0.));
#5971 = DEFINITIONAL_REPRESENTATION('',(#5972),#5976);
#5972 = LINE('',#5973,#5974);
#5973 = CARTESIAN_POINT('',(0.,-0.));
#5974 = VECTOR('',#5975,1.);
#5975 = DIRECTION('',(0.,1.));
#5976 = ( GEOMETRIC_REPRESENTATION_CONTEXT(2) 
PARAMETRIC_REPRESENTATION_CONTEXT() REPRESENTATION_CONTEXT('2D SPACE',''
  ) );
#5977 = ORIENTED_EDGE('',*,*,#5978,.T.);
#5978 = EDGE_CURVE('',#5951,#5979,#5981,.T.);
#5979 = VERTEX_POINT('',#5980);
#5980 = CARTESIAN_POINT('',(2.629305467723,-1.910301745118,
    3.683000125209));
#5981 = SURFACE_CURVE('',#5982,(#5995,#6011),.PCURVE_S1.);
#5982 = B_SPLINE_CURVE_WITH_KNOTS('',6,(#5983,#5984,#5985,#5986,#5987,
    #5988,#5989,#5990,#5991,#5992,#5993,#5994),.UNSPECIFIED.,.F.,.F.,(7,
    5,7),(0.,0.6524636953,1.),.UNSPECIFIED.);
#5983 = CARTESIAN_POINT('',(3.250000000523,-2.127187315182E-13,3.8100001
    ));
#5984 = CARTESIAN_POINT('',(3.250000000523,-0.221962797112,
    3.796192432611));
#5985 = CARTESIAN_POINT('',(3.231808837236,-0.4440501155,3.782392294819)
  );
#5986 = CARTESIAN_POINT('',(3.195388906695,-0.664273406133,
    3.768590549019));
#5987 = CARTESIAN_POINT('',(3.141022178441,-0.880743024168,
    3.754784454121));
#5988 = CARTESIAN_POINT('',(3.069216381315,-1.091660801563,3.74097372993
    ));
#5989 = CARTESIAN_POINT('',(2.933567073467,-1.403807356543,
    3.719800983882));
#5990 = CARTESIAN_POINT('',(2.881685991347,-1.51023108398,3.712441668827
    ));
#5991 = CARTESIAN_POINT('',(2.825179626447,-1.614337041488,
    3.705081637409));
#5992 = CARTESIAN_POINT('',(2.764178678695,-1.715875575495,
    3.697721167001));
#5993 = CARTESIAN_POINT('',(2.698831780209,-1.814606960754,
    3.690360548828));
#5994 = CARTESIAN_POINT('',(2.629305467723,-1.910301745119,
    3.683000125209));
#5995 = PCURVE('',#3738,#5996);
#5996 = DEFINITIONAL_REPRESENTATION('',(#5997),#6010);
#5997 = B_SPLINE_CURVE_WITH_KNOTS('',6,(#5998,#5999,#6000,#6001,#6002,
    #6003,#6004,#6005,#6006,#6007,#6008,#6009),.UNSPECIFIED.,.F.,.F.,(7,
    5,7),(0.,0.6524636953,1.),.UNSPECIFIED.);
#5998 = CARTESIAN_POINT('',(6.28318530718,3.8100001));
#5999 = CARTESIAN_POINT('',(6.214889061914,3.796192432611));
#6000 = CARTESIAN_POINT('',(6.146554547524,3.782392294819));
#6001 = CARTESIAN_POINT('',(6.078219901232,3.768590549019));
#6002 = CARTESIAN_POINT('',(6.009891080005,3.754784454121));
#6003 = CARTESIAN_POINT('',(5.941564823158,3.74097372993));
#6004 = CARTESIAN_POINT('',(5.836842612313,3.719800983882));
#6005 = CARTESIAN_POINT('',(5.800447709532,3.712441668827));
#6006 = CARTESIAN_POINT('',(5.764052885602,3.705081637409));
#6007 = CARTESIAN_POINT('',(5.727657841727,3.697721167001));
#6008 = CARTESIAN_POINT('',(5.691262360912,3.690360548828));
#6009 = CARTESIAN_POINT('',(5.654866900004,3.683000125209));
#6010 = ( GEOMETRIC_REPRESENTATION_CONTEXT(2) 
PARAMETRIC_REPRESENTATION_CONTEXT() REPRESENTATION_CONTEXT('2D SPACE',''
  ) );
#6011 = PCURVE('',#6012,#6035);
#6012 = ( BOUNDED_SURFACE() B_SPLINE_SURFACE(1,6,(
    (#6013,#6014,#6015,#6016,#6017,#6018,#6019,#6020,#6021,#6022,#6023)
    ,(#6024,#6025,#6026,#6027,#6028,#6029,#6030,#6031,#6032,#6033,#6034
)),.UNSPECIFIED.,.F.,.F.,.F.) B_SPLINE_SURFACE_WITH_KNOTS((2,2),(7,4,7),
(5.,6.),(0.,0.5,1.),.UNSPECIFIED.) GEOMETRIC_REPRESENTATION_ITEM() 
RATIONAL_B_SPLINE_SURFACE((
    (1.,1.,1.,1.,1.,1.,1.,1.,1.,1.,1.)
,(1.,1.,1.,1.,1.,1.,1.,1.,1.,1.,1.
  ))) REPRESENTATION_ITEM('') SURFACE() );
#6013 = CARTESIAN_POINT('',(3.250000000031,-1.475527969844E-14,2.5400001
    ));
#6014 = CARTESIAN_POINT('',(3.238523500708,1.701305661014,2.645833433338
    ));
#6015 = CARTESIAN_POINT('',(2.214523266631,3.402611322003,2.751666767058
    ));
#6016 = CARTESIAN_POINT('',(-1.929486443575E-02,4.275126821481,
    2.857500101271));
#6017 = CARTESIAN_POINT('',(-2.185066918233,3.402611321895,
    2.963333435444));
#6018 = CARTESIAN_POINT('',(-4.31493308138,-1.866152137806E-10,
    3.175000102931));
#6019 = CARTESIAN_POINT('',(-2.185066917901,-3.402611322163,
    3.386666768768));
#6020 = CARTESIAN_POINT('',(-1.929486397884E-02,-4.275126821643,
    3.492500101262));
#6021 = CARTESIAN_POINT('',(2.214523267127,-3.402611322055,
    3.598333433744));
#6022 = CARTESIAN_POINT('',(3.238523501202,-1.701305661015,
    3.704166766671));
#6023 = CARTESIAN_POINT('',(3.250000000523,-2.092872314613E-13,3.8100001
    ));
#6024 = CARTESIAN_POINT('',(3.450000000031,4.901627470756E-12,
    2.540000099923));
#6025 = CARTESIAN_POINT('',(3.437817254644,1.806001394019,2.645833433261
    ));
#6026 = CARTESIAN_POINT('',(2.350801621372,3.612002788007,2.751666767006
    ));
#6027 = CARTESIAN_POINT('',(-2.048224063381E-02,4.53821154891,
    2.857500101272));
#6028 = CARTESIAN_POINT('',(-2.319532574759,3.612002787892,
    2.963333435496));
#6029 = CARTESIAN_POINT('',(-4.580467424859,-1.93450728672E-10,
    3.175000103034));
#6030 = CARTESIAN_POINT('',(-2.319532574417,-3.612002788167,
    3.38666676882));
#6031 = CARTESIAN_POINT('',(-2.048224016384E-02,-4.538211549073,
    3.492500101263));
#6032 = CARTESIAN_POINT('',(2.350801621878,-3.612002788052,
    3.598333433691));
#6033 = CARTESIAN_POINT('',(3.437817255143,-1.80600139401,3.704166766593
    ));
#6034 = CARTESIAN_POINT('',(3.450000000523,4.764403154113E-12,
    3.810000099923));
#6035 = DEFINITIONAL_REPRESENTATION('',(#6036),#6049);
#6036 = B_SPLINE_CURVE_WITH_KNOTS('',6,(#6037,#6038,#6039,#6040,#6041,
    #6042,#6043,#6044,#6045,#6046,#6047,#6048),.UNSPECIFIED.,.F.,.F.,(7,
    5,7),(0.,0.6524636953,1.),.UNSPECIFIED.);
#6037 = CARTESIAN_POINT('',(5.,1.));
#6038 = CARTESIAN_POINT('',(5.007486473326,0.989127820954));
#6039 = CARTESIAN_POINT('',(5.010194269951,0.978261570718));
#6040 = CARTESIAN_POINT('',(5.010123479251,0.967394054329));
#6041 = CARTESIAN_POINT('',(5.008734696162,0.956523113447));
#6042 = CARTESIAN_POINT('',(5.0068705718,0.945648527448));
#6043 = CARTESIAN_POINT('',(5.00400576483,0.928977073825));
#6044 = CARTESIAN_POINT('',(5.003008584986,0.923182337546));
#6045 = CARTESIAN_POINT('',(5.002080469334,0.917387037199));
#6046 = CARTESIAN_POINT('',(5.001260872833,0.91159139119));
#6047 = CARTESIAN_POINT('',(5.000566546815,0.905795628829));
#6048 = CARTESIAN_POINT('',(5.,0.900000019659));
#6049 = ( GEOMETRIC_REPRESENTATION_CONTEXT(2) 
PARAMETRIC_REPRESENTATION_CONTEXT() REPRESENTATION_CONTEXT('2D SPACE',''
  ) );
#6050 = ORIENTED_EDGE('',*,*,#6051,.F.);
#6051 = EDGE_CURVE('',#6052,#5979,#6054,.T.);
#6052 = VERTEX_POINT('',#6053);
#6053 = CARTESIAN_POINT('',(1.004304316007,-3.090933975492,
    3.556000040983));
#6054 = SURFACE_CURVE('',#6055,(#6070,#6088),.PCURVE_S1.);
#6055 = B_SPLINE_CURVE_WITH_KNOTS('',5,(#6056,#6057,#6058,#6059,#6060,
    #6061,#6062,#6063,#6064,#6065,#6066,#6067,#6068,#6069),
  .UNSPECIFIED.,.F.,.F.,(6,4,4,6),(0.,0.300107988186,0.640141995007,1.),
  .UNSPECIFIED.);
#6056 = CARTESIAN_POINT('',(1.004304316011,-3.090933975491,
    3.556000040983));
#6057 = CARTESIAN_POINT('',(1.120870460644,-3.053059377364,
    3.563634739582));
#6058 = CARTESIAN_POINT('',(1.235651262088,-3.009689756686,
    3.571272758337));
#6059 = CARTESIAN_POINT('',(1.348300092687,-2.96093789613,3.578913857809
    ));
#6060 = CARTESIAN_POINT('',(1.458484009188,-2.906947936365,
    3.586556936938));
#6061 = CARTESIAN_POINT('',(1.687571833589,-2.780986531604,
    3.602859957788));
#6062 = CARTESIAN_POINT('',(1.805686923314,-2.70757770752,3.611520000405
    ));
#6063 = CARTESIAN_POINT('',(1.919764285172,-2.62792460489,3.62017704382)
  );
#6064 = CARTESIAN_POINT('',(2.029371452864,-2.542329037389,
    3.628827157563));
#6065 = CARTESIAN_POINT('',(2.244951167133,-2.354632437784,
    3.646607659436));
#6066 = CARTESIAN_POINT('',(2.350340850452,-2.251858677742,
    3.655736821187));
#6067 = CARTESIAN_POINT('',(2.44980300348,-2.14323033433,3.664847790882)
  );
#6068 = CARTESIAN_POINT('',(2.5429146932,-2.029208476159,3.673935627753)
  );
#6069 = CARTESIAN_POINT('',(2.629305467722,-1.91030174512,3.683000125209
    ));
#6070 = PCURVE('',#3738,#6071);
#6071 = DEFINITIONAL_REPRESENTATION('',(#6072),#6087);
#6072 = B_SPLINE_CURVE_WITH_KNOTS('',5,(#6073,#6074,#6075,#6076,#6077,
    #6078,#6079,#6080,#6081,#6082,#6083,#6084,#6085,#6086),
  .UNSPECIFIED.,.F.,.F.,(6,4,4,6),(0.,0.300107988186,0.640141995007,1.),
  .UNSPECIFIED.);
#6073 = CARTESIAN_POINT('',(5.026547949488,3.556000040983));
#6074 = CARTESIAN_POINT('',(5.064260222075,3.563634739582));
#6075 = CARTESIAN_POINT('',(5.101972423883,3.571272758337));
#6076 = CARTESIAN_POINT('',(5.139684532024,3.578913857809));
#6077 = CARTESIAN_POINT('',(5.177396552949,3.586556936938));
#6078 = CARTESIAN_POINT('',(5.257837648618,3.602859957788));
#6079 = CARTESIAN_POINT('',(5.300566847347,3.611520000405));
#6080 = CARTESIAN_POINT('',(5.343296171767,3.62017704382));
#6081 = CARTESIAN_POINT('',(5.386025701551,3.628827157563));
#6082 = CARTESIAN_POINT('',(5.473976535964,3.646607659436));
#6083 = CARTESIAN_POINT('',(5.519198320263,3.655736821187));
#6084 = CARTESIAN_POINT('',(5.56442010302,3.664847790882));
#6085 = CARTESIAN_POINT('',(5.609643272511,3.673935627753));
#6086 = CARTESIAN_POINT('',(5.654866900004,3.683000125209));
#6087 = ( GEOMETRIC_REPRESENTATION_CONTEXT(2) 
PARAMETRIC_REPRESENTATION_CONTEXT() REPRESENTATION_CONTEXT('2D SPACE',''
  ) );
#6088 = PCURVE('',#5080,#6089);
#6089 = DEFINITIONAL_REPRESENTATION('',(#6090),#6105);
#6090 = B_SPLINE_CURVE_WITH_KNOTS('',5,(#6091,#6092,#6093,#6094,#6095,
    #6096,#6097,#6098,#6099,#6100,#6101,#6102,#6103,#6104),
  .UNSPECIFIED.,.F.,.F.,(6,4,4,6),(0.,0.300107988186,0.640141995007,1.),
  .UNSPECIFIED.);
#6091 = CARTESIAN_POINT('',(5.,0.799999952844));
#6092 = CARTESIAN_POINT('',(4.999962755301,0.805999887611));
#6093 = CARTESIAN_POINT('',(4.999916741122,0.811999696211));
#6094 = CARTESIAN_POINT('',(4.999863052023,0.817999532159));
#6095 = CARTESIAN_POINT('',(4.999804978855,0.82399955687));
#6096 = CARTESIAN_POINT('',(4.999683459445,0.836798606416));
#6097 = CARTESIAN_POINT('',(4.999620121459,0.843597744525));
#6098 = CARTESIAN_POINT('',(4.999566657013,0.850397606539));
#6099 = CARTESIAN_POINT('',(4.999533424918,0.857198334727));
#6100 = CARTESIAN_POINT('',(4.999531481208,0.871198122558));
#6101 = CARTESIAN_POINT('',(4.99956640538,0.878397352734));
#6102 = CARTESIAN_POINT('',(4.999650177879,0.885597523556));
#6103 = CARTESIAN_POINT('',(4.999795181303,0.892798614218));
#6104 = CARTESIAN_POINT('',(5.,0.900000019659));
#6105 = ( GEOMETRIC_REPRESENTATION_CONTEXT(2) 
PARAMETRIC_REPRESENTATION_CONTEXT() REPRESENTATION_CONTEXT('2D SPACE',''
  ) );
#6106 = ORIENTED_EDGE('',*,*,#6107,.T.);
#6107 = EDGE_CURVE('',#6052,#6108,#6110,.T.);
#6108 = VERTEX_POINT('',#6109);
#6109 = CARTESIAN_POINT('',(-1.004384460241,-3.090907933929,
    3.428994919112));
#6110 = SURFACE_CURVE('',#6111,(#6126,#6144),.PCURVE_S1.);
#6111 = B_SPLINE_CURVE_WITH_KNOTS('',5,(#6112,#6113,#6114,#6115,#6116,
    #6117,#6118,#6119,#6120,#6121,#6122,#6123,#6124,#6125),
  .UNSPECIFIED.,.F.,.F.,(6,4,4,6),(0.,0.334923605265,0.694687958163,1.),
  .UNSPECIFIED.);
#6112 = CARTESIAN_POINT('',(1.004304316004,-3.090933975493,
    3.556000040983));
#6113 = CARTESIAN_POINT('',(0.874208457891,-3.133204639581,
    3.547495687869));
#6114 = CARTESIAN_POINT('',(0.741887953209,-3.168630906838,
    3.538991112597));
#6115 = CARTESIAN_POINT('',(0.607825016271,-3.197056191474,
    3.530486190528));
#6116 = CARTESIAN_POINT('',(0.472513573774,-3.218375769978,
    3.521980565434));
#6117 = CARTESIAN_POINT('',(0.190311310527,-3.247748734295,
    3.504337180359));
#6118 = CARTESIAN_POINT('',(4.330394781159E-02,-3.254701109686,
    3.495199196011));
#6119 = CARTESIAN_POINT('',(-0.10393858145,-3.253329245345,
    3.486060491893));
#6120 = CARTESIAN_POINT('',(-0.250790561698,-3.243639040328,
    3.476920917385));
#6121 = CARTESIAN_POINT('',(-0.520392244054,-3.210489225928,
    3.460024193275));
#6122 = CARTESIAN_POINT('',(-0.643427120232,-3.189335522328,
    3.452267115535));
#6123 = CARTESIAN_POINT('',(-0.76535145566,-3.162292952899,
    3.444509773904));
#6124 = CARTESIAN_POINT('',(-0.8857921958,-3.129444257254,3.436752322619
    ));
#6125 = CARTESIAN_POINT('',(-1.004384460241,-3.090907933929,
    3.428994919112));
#6126 = PCURVE('',#3738,#6127);
#6127 = DEFINITIONAL_REPRESENTATION('',(#6128),#6143);
#6128 = B_SPLINE_CURVE_WITH_KNOTS('',5,(#6129,#6130,#6131,#6132,#6133,
    #6134,#6135,#6136,#6137,#6138,#6139,#6140,#6141,#6142),
  .UNSPECIFIED.,.F.,.F.,(6,4,4,6),(0.,0.334923605265,0.694687958163,1.),
  .UNSPECIFIED.);
#6129 = CARTESIAN_POINT('',(5.026547949486,3.556000040983));
#6130 = CARTESIAN_POINT('',(4.984458451895,3.547495687869));
#6131 = CARTESIAN_POINT('',(4.942368728483,3.538991112597));
#6132 = CARTESIAN_POINT('',(4.900279443106,3.530486190528));
#6133 = CARTESIAN_POINT('',(4.858189747972,3.521980565434));
#6134 = CARTESIAN_POINT('',(4.770889198801,3.504337180359));
#6135 = CARTESIAN_POINT('',(4.725677748467,3.495199196011));
#6136 = CARTESIAN_POINT('',(4.680466962064,3.486060491893));
#6137 = CARTESIAN_POINT('',(4.635255611318,3.476920917385));
#6138 = CARTESIAN_POINT('',(4.551676515194,3.460024193275));
#6139 = CARTESIAN_POINT('',(4.513308374642,3.452267115535));
#6140 = CARTESIAN_POINT('',(4.474940259495,3.444509773904));
#6141 = CARTESIAN_POINT('',(4.436572182282,3.436752322619));
#6142 = CARTESIAN_POINT('',(4.398204082365,3.428994919112));
#6143 = ( GEOMETRIC_REPRESENTATION_CONTEXT(2) 
PARAMETRIC_REPRESENTATION_CONTEXT() REPRESENTATION_CONTEXT('2D SPACE',''
  ) );
#6144 = PCURVE('',#6145,#6168);
#6145 = ( BOUNDED_SURFACE() B_SPLINE_SURFACE(1,6,(
    (#6146,#6147,#6148,#6149,#6150,#6151,#6152,#6153,#6154,#6155,#6156)
    ,(#6157,#6158,#6159,#6160,#6161,#6162,#6163,#6164,#6165,#6166,#6167
)),.UNSPECIFIED.,.F.,.F.,.F.) B_SPLINE_SURFACE_WITH_KNOTS((2,2),(7,4,7),
(5.,6.),(0.,0.5,1.),.UNSPECIFIED.) GEOMETRIC_REPRESENTATION_ITEM() 
RATIONAL_B_SPLINE_SURFACE((
    (1.,1.,1.,1.,1.,1.,1.,1.,1.,1.,1.)
,(1.,1.,1.,1.,1.,1.,1.,1.,1.,1.,1.
  ))) REPRESENTATION_ITEM('') SURFACE() );
#6146 = CARTESIAN_POINT('',(3.250000000031,-1.475527969844E-14,2.5400001
    ));
#6147 = CARTESIAN_POINT('',(3.238523500708,1.701305661014,2.645833433338
    ));
#6148 = CARTESIAN_POINT('',(2.214523266631,3.402611322003,2.751666767058
    ));
#6149 = CARTESIAN_POINT('',(-1.929486443575E-02,4.275126821481,
    2.857500101271));
#6150 = CARTESIAN_POINT('',(-2.185066918233,3.402611321895,
    2.963333435444));
#6151 = CARTESIAN_POINT('',(-4.31493308138,-1.866152137806E-10,
    3.175000102931));
#6152 = CARTESIAN_POINT('',(-2.185066917901,-3.402611322163,
    3.386666768768));
#6153 = CARTESIAN_POINT('',(-1.929486397884E-02,-4.275126821643,
    3.492500101262));
#6154 = CARTESIAN_POINT('',(2.214523267127,-3.402611322055,
    3.598333433744));
#6155 = CARTESIAN_POINT('',(3.238523501202,-1.701305661015,
    3.704166766671));
#6156 = CARTESIAN_POINT('',(3.250000000523,-2.092872314613E-13,3.8100001
    ));
#6157 = CARTESIAN_POINT('',(3.450000000031,4.901627470756E-12,
    2.540000099923));
#6158 = CARTESIAN_POINT('',(3.437817254644,1.806001394019,2.645833433261
    ));
#6159 = CARTESIAN_POINT('',(2.350801621372,3.612002788007,2.751666767006
    ));
#6160 = CARTESIAN_POINT('',(-2.048224063381E-02,4.53821154891,
    2.857500101272));
#6161 = CARTESIAN_POINT('',(-2.319532574759,3.612002787892,
    2.963333435496));
#6162 = CARTESIAN_POINT('',(-4.580467424859,-1.93450728672E-10,
    3.175000103034));
#6163 = CARTESIAN_POINT('',(-2.319532574417,-3.612002788167,
    3.38666676882));
#6164 = CARTESIAN_POINT('',(-2.048224016384E-02,-4.538211549073,
    3.492500101263));
#6165 = CARTESIAN_POINT('',(2.350801621878,-3.612002788052,
    3.598333433691));
#6166 = CARTESIAN_POINT('',(3.437817255143,-1.80600139401,3.704166766593
    ));
#6167 = CARTESIAN_POINT('',(3.450000000523,4.764403154113E-12,
    3.810000099923));
#6168 = DEFINITIONAL_REPRESENTATION('',(#6169),#6184);
#6169 = B_SPLINE_CURVE_WITH_KNOTS('',5,(#6170,#6171,#6172,#6173,#6174,
    #6175,#6176,#6177,#6178,#6179,#6180,#6181,#6182,#6183),
  .UNSPECIFIED.,.F.,.F.,(6,4,4,6),(0.,0.334923605265,0.694687958163,1.),
  .UNSPECIFIED.);
#6170 = CARTESIAN_POINT('',(5.,0.799999952844));
#6171 = CARTESIAN_POINT('',(5.000142869618,0.79330361177));
#6172 = CARTESIAN_POINT('',(5.000248181041,0.786607095768));
#6173 = CARTESIAN_POINT('',(5.000310387593,0.779910306696));
#6174 = CARTESIAN_POINT('',(5.000335223601,0.773212964061));
#6175 = CARTESIAN_POINT('',(5.000329203446,0.759320534782));
#6176 = CARTESIAN_POINT('',(5.00029404679,0.752125271471));
#6177 = CARTESIAN_POINT('',(5.000238812217,0.744929441413));
#6178 = CARTESIAN_POINT('',(5.000179803044,0.737732926007));
#6179 = CARTESIAN_POINT('',(5.000082810949,0.724428418752));
#6180 = CARTESIAN_POINT('',(5.000042947124,0.718320483486));
#6181 = CARTESIAN_POINT('',(5.000014445351,0.712212340433));
#6182 = CARTESIAN_POINT('',(5.000000340113,0.706104111038));
#6183 = CARTESIAN_POINT('',(5.,0.699995919264));
#6184 = ( GEOMETRIC_REPRESENTATION_CONTEXT(2) 
PARAMETRIC_REPRESENTATION_CONTEXT() REPRESENTATION_CONTEXT('2D SPACE',''
  ) );
#6185 = ORIENTED_EDGE('',*,*,#6186,.F.);
#6186 = EDGE_CURVE('',#6187,#6108,#6189,.T.);
#6187 = VERTEX_POINT('',#6188);
#6188 = CARTESIAN_POINT('',(-1.011733096886,-3.088510343298,
    3.428514041021));
#6189 = SURFACE_CURVE('',#6190,(#6202,#6212),.PCURVE_S1.);
#6190 = ( BOUNDED_CURVE() B_SPLINE_CURVE(6,(#6191,#6192,#6193,#6194,
    #6195,#6196,#6197,#6198,#6199,#6200,#6201),.UNSPECIFIED.,.F.,.F.) 
B_SPLINE_CURVE_WITH_KNOTS((7,4,7),(0.,0.5,1.),.UNSPECIFIED.) CURVE() 
GEOMETRIC_REPRESENTATION_ITEM() RATIONAL_B_SPLINE_CURVE((1.,1.,1.,1.,1.,
1.,1.,1.,1.,1.,1.)) REPRESENTATION_ITEM('') );
#6191 = CARTESIAN_POINT('',(3.250000000031,-1.475527969844E-14,2.5400001
    ));
#6192 = CARTESIAN_POINT('',(3.238523500708,1.701305661014,2.645833433338
    ));
#6193 = CARTESIAN_POINT('',(2.214523266631,3.402611322003,2.751666767058
    ));
#6194 = CARTESIAN_POINT('',(-1.929486443575E-02,4.275126821481,
    2.857500101271));
#6195 = CARTESIAN_POINT('',(-2.185066918233,3.402611321895,
    2.963333435444));
#6196 = CARTESIAN_POINT('',(-4.31493308138,-1.866152137806E-10,
    3.175000102931));
#6197 = CARTESIAN_POINT('',(-2.185066917901,-3.402611322163,
    3.386666768768));
#6198 = CARTESIAN_POINT('',(-1.929486397884E-02,-4.275126821643,
    3.492500101262));
#6199 = CARTESIAN_POINT('',(2.214523267127,-3.402611322055,
    3.598333433744));
#6200 = CARTESIAN_POINT('',(3.238523501202,-1.701305661015,
    3.704166766671));
#6201 = CARTESIAN_POINT('',(3.250000000523,-2.092872314613E-13,3.8100001
    ));
#6202 = PCURVE('',#3738,#6203);
#6203 = DEFINITIONAL_REPRESENTATION('',(#6204),#6211);
#6204 = B_SPLINE_CURVE_WITH_KNOTS('',5,(#6205,#6206,#6207,#6208,#6209,
    #6210),.UNSPECIFIED.,.F.,.F.,(6,6),(0.699617275096,0.699995919264),
  .PIECEWISE_BEZIER_KNOTS.);
#6205 = CARTESIAN_POINT('',(4.395825660044,3.428514041021));
#6206 = CARTESIAN_POINT('',(4.396301344589,3.428610216639));
#6207 = CARTESIAN_POINT('',(4.396777029093,3.428706392258));
#6208 = CARTESIAN_POINT('',(4.397252713555,3.428802567876));
#6209 = CARTESIAN_POINT('',(4.397728397979,3.428898743494));
#6210 = CARTESIAN_POINT('',(4.398204082365,3.428994919112));
#6211 = ( GEOMETRIC_REPRESENTATION_CONTEXT(2) 
PARAMETRIC_REPRESENTATION_CONTEXT() REPRESENTATION_CONTEXT('2D SPACE',''
  ) );
#6212 = PCURVE('',#5080,#6213);
#6213 = DEFINITIONAL_REPRESENTATION('',(#6214),#6218);
#6214 = LINE('',#6215,#6216);
#6215 = CARTESIAN_POINT('',(5.,0.));
#6216 = VECTOR('',#6217,1.);
#6217 = DIRECTION('',(0.,1.));
#6218 = ( GEOMETRIC_REPRESENTATION_CONTEXT(2) 
PARAMETRIC_REPRESENTATION_CONTEXT() REPRESENTATION_CONTEXT('2D SPACE',''
  ) );
#6219 = ORIENTED_EDGE('',*,*,#6220,.F.);
#6220 = EDGE_CURVE('',#6221,#6187,#6223,.T.);
#6221 = VERTEX_POINT('',#6222);
#6222 = CARTESIAN_POINT('',(-2.629306385621,-1.91030048174,
    3.301999980193));
#6223 = SURFACE_CURVE('',#6224,(#6242,#6263),.PCURVE_S1.);
#6224 = B_SPLINE_CURVE_WITH_KNOTS('',6,(#6225,#6226,#6227,#6228,#6229,
    #6230,#6231,#6232,#6233,#6234,#6235,#6236,#6237,#6238,#6239,#6240,
    #6241),.UNSPECIFIED.,.F.,.F.,(7,5,5,7),(0.,0.180737038852,
    0.40447460648,1.),.UNSPECIFIED.);
#6225 = CARTESIAN_POINT('',(-2.629306385624,-1.910300481735,
    3.301999980193));
#6226 = CARTESIAN_POINT('',(-2.593289075014,-1.959874119854,
    3.305809943708));
#6227 = CARTESIAN_POINT('',(-2.556150138778,-2.008632883221,
    3.309619903877));
#6228 = CARTESIAN_POINT('',(-2.517912657289,-2.05654500639,
    3.313429876844));
#6229 = CARTESIAN_POINT('',(-2.478600856597,-2.103579659551,
    3.317239877955));
#6230 = CARTESIAN_POINT('',(-2.43824010842,-2.149706948532,
    3.321049921763));
#6231 = CARTESIAN_POINT('',(-2.345627964,-2.25084060886,3.329576612335)
  );
#6232 = CARTESIAN_POINT('',(-2.292832101208,-2.305348533725,
    3.334293291539));
#6233 = CARTESIAN_POINT('',(-2.238519695543,-2.358366709497,
    3.339010084955));
#6234 = CARTESIAN_POINT('',(-2.182743493059,-2.409842678182,
    3.343727012643));
#6235 = CARTESIAN_POINT('',(-2.125558632101,-2.459726503677,
    3.348444089414));
#6236 = CARTESIAN_POINT('',(-1.911216588313,-2.636383210727,
    3.365717255886));
#6237 = CARTESIAN_POINT('',(-1.745830879788,-2.753185865085,
    3.378274871334));
#6238 = CARTESIAN_POINT('',(-1.571961303101,-2.857472596222,
    3.390833202893));
#6239 = CARTESIAN_POINT('',(-1.390796742558,-2.948498256318,
    3.403392752247));
#6240 = CARTESIAN_POINT('',(-1.203603009965,-3.02565775134,3.41595363417
    ));
#6241 = CARTESIAN_POINT('',(-1.011731868461,-3.088510745706,
    3.428514121438));
#6242 = PCURVE('',#3738,#6243);
#6243 = DEFINITIONAL_REPRESENTATION('',(#6244),#6262);
#6244 = B_SPLINE_CURVE_WITH_KNOTS('',6,(#6245,#6246,#6247,#6248,#6249,
    #6250,#6251,#6252,#6253,#6254,#6255,#6256,#6257,#6258,#6259,#6260,
    #6261),.UNSPECIFIED.,.F.,.F.,(7,5,5,7),(0.,0.180737038852,
    0.40447460648,1.),.UNSPECIFIED.);
#6245 = CARTESIAN_POINT('',(3.769910580264,3.301999980193));
#6246 = CARTESIAN_POINT('',(3.788764844792,3.305809943708));
#6247 = CARTESIAN_POINT('',(3.807619112368,3.309619903877));
#6248 = CARTESIAN_POINT('',(3.826473381151,3.313429876844));
#6249 = CARTESIAN_POINT('',(3.84532764927,3.317239877955));
#6250 = CARTESIAN_POINT('',(3.864181914822,3.321049921763));
#6251 = CARTESIAN_POINT('',(3.906376198117,3.329576612335));
#6252 = CARTESIAN_POINT('',(3.929716227902,3.334293291539));
#6253 = CARTESIAN_POINT('',(3.953056257388,3.339010084955));
#6254 = CARTESIAN_POINT('',(3.976396278624,3.343727012643));
#6255 = CARTESIAN_POINT('',(3.999736283553,3.348444089414));
#6256 = CARTESIAN_POINT('',(4.085200614398,3.365717255886));
#6257 = CARTESIAN_POINT('',(4.147327574808,3.378274871334));
#6258 = CARTESIAN_POINT('',(4.209451364948,3.390833202893));
#6259 = CARTESIAN_POINT('',(4.271575094522,3.403392752247));
#6260 = CARTESIAN_POINT('',(4.333701895915,3.41595363417));
#6261 = CARTESIAN_POINT('',(4.395826057785,3.428514121438));
#6262 = ( GEOMETRIC_REPRESENTATION_CONTEXT(2) 
PARAMETRIC_REPRESENTATION_CONTEXT() REPRESENTATION_CONTEXT('2D SPACE',''
  ) );
#6263 = PCURVE('',#6264,#6287);
#6264 = ( BOUNDED_SURFACE() B_SPLINE_SURFACE(1,6,(
    (#6265,#6266,#6267,#6268,#6269,#6270,#6271,#6272,#6273,#6274,#6275)
    ,(#6276,#6277,#6278,#6279,#6280,#6281,#6282,#6283,#6284,#6285,#6286
)),.UNSPECIFIED.,.F.,.F.,.F.) B_SPLINE_SURFACE_WITH_KNOTS((2,2),(7,4,7),
(5.,6.),(0.,0.5,1.),.UNSPECIFIED.) GEOMETRIC_REPRESENTATION_ITEM() 
RATIONAL_B_SPLINE_SURFACE((
    (1.,1.,1.,1.,1.,1.,1.,1.,1.,1.,1.)
,(1.,1.,1.,1.,1.,1.,1.,1.,1.,1.,1.
  ))) REPRESENTATION_ITEM('') SURFACE() );
#6265 = CARTESIAN_POINT('',(3.250000000031,-1.475527969844E-14,2.5400001
    ));
#6266 = CARTESIAN_POINT('',(3.238523500708,1.701305661014,2.645833433338
    ));
#6267 = CARTESIAN_POINT('',(2.214523266631,3.402611322003,2.751666767058
    ));
#6268 = CARTESIAN_POINT('',(-1.929486443575E-02,4.275126821481,
    2.857500101271));
#6269 = CARTESIAN_POINT('',(-2.185066918233,3.402611321895,
    2.963333435444));
#6270 = CARTESIAN_POINT('',(-4.31493308138,-1.866152137806E-10,
    3.175000102931));
#6271 = CARTESIAN_POINT('',(-2.185066917901,-3.402611322163,
    3.386666768768));
#6272 = CARTESIAN_POINT('',(-1.929486397884E-02,-4.275126821643,
    3.492500101262));
#6273 = CARTESIAN_POINT('',(2.214523267127,-3.402611322055,
    3.598333433744));
#6274 = CARTESIAN_POINT('',(3.238523501202,-1.701305661015,
    3.704166766671));
#6275 = CARTESIAN_POINT('',(3.250000000523,-2.092872314613E-13,3.8100001
    ));
#6276 = CARTESIAN_POINT('',(3.450000000031,4.901627470756E-12,
    2.540000099923));
#6277 = CARTESIAN_POINT('',(3.437817254644,1.806001394019,2.645833433261
    ));
#6278 = CARTESIAN_POINT('',(2.350801621372,3.612002788007,2.751666767006
    ));
#6279 = CARTESIAN_POINT('',(-2.048224063381E-02,4.53821154891,
    2.857500101272));
#6280 = CARTESIAN_POINT('',(-2.319532574759,3.612002787892,
    2.963333435496));
#6281 = CARTESIAN_POINT('',(-4.580467424859,-1.93450728672E-10,
    3.175000103034));
#6282 = CARTESIAN_POINT('',(-2.319532574417,-3.612002788167,
    3.38666676882));
#6283 = CARTESIAN_POINT('',(-2.048224016384E-02,-4.538211549073,
    3.492500101263));
#6284 = CARTESIAN_POINT('',(2.350801621878,-3.612002788052,
    3.598333433691));
#6285 = CARTESIAN_POINT('',(3.437817255143,-1.80600139401,3.704166766593
    ));
#6286 = CARTESIAN_POINT('',(3.450000000523,4.764403154113E-12,
    3.810000099923));
#6287 = DEFINITIONAL_REPRESENTATION('',(#6288),#6306);
#6288 = B_SPLINE_CURVE_WITH_KNOTS('',6,(#6289,#6290,#6291,#6292,#6293,
    #6294,#6295,#6296,#6297,#6298,#6299,#6300,#6301,#6302,#6303,#6304,
    #6305),.UNSPECIFIED.,.F.,.F.,(7,5,5,7),(0.,0.180737038852,
    0.40447460648,1.),.UNSPECIFIED.);
#6289 = CARTESIAN_POINT('',(5.,0.599999903872));
#6290 = CARTESIAN_POINT('',(5.000040984946,0.602999875154));
#6291 = CARTESIAN_POINT('',(5.000079133707,0.605999843803));
#6292 = CARTESIAN_POINT('',(5.000113719873,0.608999822529));
#6293 = CARTESIAN_POINT('',(5.000144218582,0.611999823415));
#6294 = CARTESIAN_POINT('',(5.000170306526,0.614999857922));
#6295 = CARTESIAN_POINT('',(5.000218545785,0.621713787535));
#6296 = CARTESIAN_POINT('',(5.000238264781,0.625427708184));
#6297 = CARTESIAN_POINT('',(5.000250839301,0.629141718764));
#6298 = CARTESIAN_POINT('',(5.000256470431,0.632855835071));
#6299 = CARTESIAN_POINT('',(5.000255739979,0.636570068767));
#6300 = CARTESIAN_POINT('',(5.000233295491,0.650170987314));
#6301 = CARTESIAN_POINT('',(5.000178633173,0.660058873543));
#6302 = CARTESIAN_POINT('',(5.000102195693,0.669947323643));
#6303 = CARTESIAN_POINT('',(5.000035533187,0.679836732639));
#6304 = CARTESIAN_POINT('',(5.000000550306,0.689727190902));
#6305 = CARTESIAN_POINT('',(5.,0.699617338416));
#6306 = ( GEOMETRIC_REPRESENTATION_CONTEXT(2) 
PARAMETRIC_REPRESENTATION_CONTEXT() REPRESENTATION_CONTEXT('2D SPACE',''
  ) );
#6307 = ORIENTED_EDGE('',*,*,#6308,.T.);
#6308 = EDGE_CURVE('',#6221,#6309,#6311,.T.);
#6309 = VERTEX_POINT('',#6310);
#6310 = CARTESIAN_POINT('',(-3.249999921762,-7.131245254766E-04,
    3.175044463935));
#6311 = SURFACE_CURVE('',#6312,(#6327,#6345),.PCURVE_S1.);
#6312 = B_SPLINE_CURVE_WITH_KNOTS('',5,(#6313,#6314,#6315,#6316,#6317,
    #6318,#6319,#6320,#6321,#6322,#6323,#6324,#6325,#6326),
  .UNSPECIFIED.,.F.,.F.,(6,4,4,6),(0.,0.511826974262,0.815183253599,1.),
  .UNSPECIFIED.);
#6313 = CARTESIAN_POINT('',(-2.629306385624,-1.910300481735,
    3.301999980193));
#6314 = CARTESIAN_POINT('',(-2.752216904773,-1.74112845045,
    3.289014476628));
#6315 = CARTESIAN_POINT('',(-2.861524965554,-1.562065737865,
    3.276032418917));
#6316 = CARTESIAN_POINT('',(-2.956160774881,-1.374586259673,
    3.263050872249));
#6317 = CARTESIAN_POINT('',(-3.03531094302,-1.180301922139,
    3.250057878942));
#6318 = CARTESIAN_POINT('',(-3.13583283321,-0.862793388929,3.22934354712
    ));
#6319 = CARTESIAN_POINT('',(-3.167608138317,-0.742854853867,
    3.221630534297));
#6320 = CARTESIAN_POINT('',(-3.193637622511,-0.621492763538,
    3.213912174229));
#6321 = CARTESIAN_POINT('',(-3.213842695973,-0.499073883447,
    3.20618993793));
#6322 = CARTESIAN_POINT('',(-3.236914585243,-0.300973497487,
    3.193762812149));
#6323 = CARTESIAN_POINT('',(-3.243471343601,-0.225721170675,
    3.189058042154));
#6324 = CARTESIAN_POINT('',(-3.247840288253,-0.150299573793,
    3.184354191526));
#6325 = CARTESIAN_POINT('',(-3.250016492734,-7.479324237621E-02,
    3.179652741347));
#6326 = CARTESIAN_POINT('',(-3.249999921732,7.132598272876E-04,
    3.174955732665));
#6327 = PCURVE('',#3738,#6328);
#6328 = DEFINITIONAL_REPRESENTATION('',(#6329),#6344);
#6329 = B_SPLINE_CURVE_WITH_KNOTS('',5,(#6330,#6331,#6332,#6333,#6334,
    #6335,#6336,#6337,#6338,#6339,#6340,#6341,#6342,#6343),
  .UNSPECIFIED.,.F.,.F.,(6,4,4,6),(0.,0.511826974262,0.815183253599,1.),
  .UNSPECIFIED.);
#6330 = CARTESIAN_POINT('',(3.769910580264,3.301999980193));
#6331 = CARTESIAN_POINT('',(3.705569645252,3.289014476628));
#6332 = CARTESIAN_POINT('',(3.641226725184,3.276032418917));
#6333 = CARTESIAN_POINT('',(3.576887331204,3.263050872249));
#6334 = CARTESIAN_POINT('',(3.51254480887,3.250057878942));
#6335 = CARTESIAN_POINT('',(3.410070649763,3.22934354712));
#6336 = CARTESIAN_POINT('',(3.371936738207,3.221630534297));
#6337 = CARTESIAN_POINT('',(3.333803013901,3.213912174229));
#6338 = CARTESIAN_POINT('',(3.295669466518,3.20618993793));
#6339 = CARTESIAN_POINT('',(3.234303496732,3.193762812149));
#6340 = CARTESIAN_POINT('',(3.211071012808,3.189058042154));
#6341 = CARTESIAN_POINT('',(3.187838520669,3.184354191526));
#6342 = CARTESIAN_POINT('',(3.164605959494,3.179652741347));
#6343 = CARTESIAN_POINT('',(3.141373189026,3.174955732665));
#6344 = ( GEOMETRIC_REPRESENTATION_CONTEXT(2) 
PARAMETRIC_REPRESENTATION_CONTEXT() REPRESENTATION_CONTEXT('2D SPACE',''
  ) );
#6345 = PCURVE('',#5080,#6346);
#6346 = DEFINITIONAL_REPRESENTATION('',(#6347),#6362);
#6347 = B_SPLINE_CURVE_WITH_KNOTS('',5,(#6348,#6349,#6350,#6351,#6352,
    #6353,#6354,#6355,#6356,#6357,#6358,#6359,#6360,#6361),
  .UNSPECIFIED.,.F.,.F.,(6,4,4,6),(0.,0.511826974262,0.815183253599,1.),
  .UNSPECIFIED.);
#6348 = CARTESIAN_POINT('',(5.,0.599999903872));
#6349 = CARTESIAN_POINT('',(4.999959307183,0.589762381372));
#6350 = CARTESIAN_POINT('',(4.999908813305,0.579524509316));
#6351 = CARTESIAN_POINT('',(4.999856813214,0.569286568969));
#6352 = CARTESIAN_POINT('',(4.999828340094,0.559046967703));
#6353 = CARTESIAN_POINT('',(4.999831194802,0.54273736227));
#6354 = CARTESIAN_POINT('',(4.999842532517,0.536667666853));
#6355 = CARTESIAN_POINT('',(4.99986635376,0.530597662112));
#6356 = CARTESIAN_POINT('',(4.999899188887,0.524527422059));
#6357 = CARTESIAN_POINT('',(4.999951813575,0.514758728857));
#6358 = CARTESIAN_POINT('',(4.99997155072,0.511060353409));
#6359 = CARTESIAN_POINT('',(4.999988875594,0.507361948039));
#6360 = CARTESIAN_POINT('',(5.000000085231,0.503663521775));
#6361 = CARTESIAN_POINT('',(5.,0.499965063108));
#6362 = ( GEOMETRIC_REPRESENTATION_CONTEXT(2) 
PARAMETRIC_REPRESENTATION_CONTEXT() REPRESENTATION_CONTEXT('2D SPACE',''
  ) );
#6363 = ORIENTED_EDGE('',*,*,#6364,.F.);
#6364 = EDGE_CURVE('',#6365,#6309,#6367,.T.);
#6365 = VERTEX_POINT('',#6366);
#6366 = CARTESIAN_POINT('',(-3.249999921732,7.132598272877E-04,
    3.174955732665));
#6367 = SURFACE_CURVE('',#6368,(#6380,#6390),.PCURVE_S1.);
#6368 = ( BOUNDED_CURVE() B_SPLINE_CURVE(6,(#6369,#6370,#6371,#6372,
    #6373,#6374,#6375,#6376,#6377,#6378,#6379),.UNSPECIFIED.,.F.,.F.) 
B_SPLINE_CURVE_WITH_KNOTS((7,4,7),(0.,0.5,1.),.UNSPECIFIED.) CURVE() 
GEOMETRIC_REPRESENTATION_ITEM() RATIONAL_B_SPLINE_CURVE((1.,1.,1.,1.,1.,
1.,1.,1.,1.,1.,1.)) REPRESENTATION_ITEM('') );
#6369 = CARTESIAN_POINT('',(3.250000000031,-1.475527969844E-14,2.5400001
    ));
#6370 = CARTESIAN_POINT('',(3.238523500708,1.701305661014,2.645833433338
    ));
#6371 = CARTESIAN_POINT('',(2.214523266631,3.402611322003,2.751666767058
    ));
#6372 = CARTESIAN_POINT('',(-1.929486443575E-02,4.275126821481,
    2.857500101271));
#6373 = CARTESIAN_POINT('',(-2.185066918233,3.402611321895,
    2.963333435444));
#6374 = CARTESIAN_POINT('',(-4.31493308138,-1.866152137806E-10,
    3.175000102931));
#6375 = CARTESIAN_POINT('',(-2.185066917901,-3.402611322163,
    3.386666768768));
#6376 = CARTESIAN_POINT('',(-1.929486397884E-02,-4.275126821643,
    3.492500101262));
#6377 = CARTESIAN_POINT('',(2.214523267127,-3.402611322055,
    3.598333433744));
#6378 = CARTESIAN_POINT('',(3.238523501202,-1.701305661015,
    3.704166766671));
#6379 = CARTESIAN_POINT('',(3.250000000523,-2.092872314613E-13,3.8100001
    ));
#6380 = PCURVE('',#3738,#6381);
#6381 = DEFINITIONAL_REPRESENTATION('',(#6382),#6389);
#6382 = B_SPLINE_CURVE_WITH_KNOTS('',5,(#6383,#6384,#6385,#6386,#6387,
    #6388),.UNSPECIFIED.,.F.,.F.,(6,6),(0.499965063108,0.500034930249),
  .PIECEWISE_BEZIER_KNOTS.);
#6383 = CARTESIAN_POINT('',(3.141373189026,3.174955732665));
#6384 = CARTESIAN_POINT('',(3.141460966525,3.174973478919));
#6385 = CARTESIAN_POINT('',(3.141548744024,3.174991225173));
#6386 = CARTESIAN_POINT('',(3.141636521524,3.175008971427));
#6387 = CARTESIAN_POINT('',(3.141724299023,3.175026717681));
#6388 = CARTESIAN_POINT('',(3.141812076522,3.175044463935));
#6389 = ( GEOMETRIC_REPRESENTATION_CONTEXT(2) 
PARAMETRIC_REPRESENTATION_CONTEXT() REPRESENTATION_CONTEXT('2D SPACE',''
  ) );
#6390 = PCURVE('',#5080,#6391);
#6391 = DEFINITIONAL_REPRESENTATION('',(#6392),#6396);
#6392 = LINE('',#6393,#6394);
#6393 = CARTESIAN_POINT('',(5.,0.));
#6394 = VECTOR('',#6395,1.);
#6395 = DIRECTION('',(0.,1.));
#6396 = ( GEOMETRIC_REPRESENTATION_CONTEXT(2) 
PARAMETRIC_REPRESENTATION_CONTEXT() REPRESENTATION_CONTEXT('2D SPACE',''
  ) );
#6397 = ORIENTED_EDGE('',*,*,#6398,.F.);
#6398 = EDGE_CURVE('',#6399,#6365,#6401,.T.);
#6399 = VERTEX_POINT('',#6400);
#6400 = CARTESIAN_POINT('',(-2.629306450713,1.910300392147,
    3.048000231227));
#6401 = SURFACE_CURVE('',#6402,(#6417,#6435),.PCURVE_S1.);
#6402 = B_SPLINE_CURVE_WITH_KNOTS('',5,(#6403,#6404,#6405,#6406,#6407,
    #6408,#6409,#6410,#6411,#6412,#6413,#6414,#6415,#6416),
  .UNSPECIFIED.,.F.,.F.,(6,4,4,6),(0.,0.160097206988,0.500258686809,1.),
  .UNSPECIFIED.);
#6403 = CARTESIAN_POINT('',(-2.6293064507,1.910300392166,3.048000231226)
  );
#6404 = CARTESIAN_POINT('',(-2.667724809417,1.857421986856,
    3.052069229346));
#6405 = CARTESIAN_POINT('',(-2.704813845545,1.803577803775,
    3.056138618621));
#6406 = CARTESIAN_POINT('',(-2.740541162895,1.748812443184,
    3.060208302169));
#6407 = CARTESIAN_POINT('',(-2.774876684757,1.693172013458,
    3.064278148456));
#6408 = CARTESIAN_POINT('',(-2.877729818856,1.516725782969,3.07699526123
    ));
#6409 = CARTESIAN_POINT('',(-2.941258956421,1.393011112194,
    3.085642637085));
#6410 = CARTESIAN_POINT('',(-2.998112939212,1.266018622118,
    3.094288174893));
#6411 = CARTESIAN_POINT('',(-3.048076099274,1.136229904823,
    3.102930272716));
#6412 = CARTESIAN_POINT('',(-3.154021832008,0.810106610542,3.12425712799
    ));
#6413 = CARTESIAN_POINT('',(-3.201834235924,0.611110534269,
    3.136937011788));
#6414 = CARTESIAN_POINT('',(-3.233899786587,0.408769415403,
    3.149604283766));
#6415 = CARTESIAN_POINT('',(-3.249955145379,0.204738692299,
    3.162263988252));
#6416 = CARTESIAN_POINT('',(-3.249999921732,7.132598272877E-04,
    3.174955732665));
#6417 = PCURVE('',#3738,#6418);
#6418 = DEFINITIONAL_REPRESENTATION('',(#6419),#6434);
#6419 = B_SPLINE_CURVE_WITH_KNOTS('',5,(#6420,#6421,#6422,#6423,#6424,
    #6425,#6426,#6427,#6428,#6429,#6430,#6431,#6432,#6433),
  .UNSPECIFIED.,.F.,.F.,(6,4,4,6),(0.,0.160097206988,0.500258686809,1.),
  .UNSPECIFIED.);
#6420 = CARTESIAN_POINT('',(2.513274760981,3.048000231226));
#6421 = CARTESIAN_POINT('',(2.533385921967,3.052069229346));
#6422 = CARTESIAN_POINT('',(2.553497071131,3.056138618621));
#6423 = CARTESIAN_POINT('',(2.573608210335,3.060208302169));
#6424 = CARTESIAN_POINT('',(2.59371934266,3.064278148456));
#6425 = CARTESIAN_POINT('',(2.656560959631,3.07699526123));
#6426 = CARTESIAN_POINT('',(2.699291524675,3.085642637085));
#6427 = CARTESIAN_POINT('',(2.742022176685,3.094288174893));
#6428 = CARTESIAN_POINT('',(2.784752914279,3.102930272716));
#6429 = CARTESIAN_POINT('',(2.89026082704,3.12425712799));
#6430 = CARTESIAN_POINT('',(2.953039969484,3.136937011788));
#6431 = CARTESIAN_POINT('',(3.015816357668,3.149604283766));
#6432 = CARTESIAN_POINT('',(3.078596131369,3.162263988252));
#6433 = CARTESIAN_POINT('',(3.141373189026,3.174955732665));
#6434 = ( GEOMETRIC_REPRESENTATION_CONTEXT(2) 
PARAMETRIC_REPRESENTATION_CONTEXT() REPRESENTATION_CONTEXT('2D SPACE',''
  ) );
#6435 = PCURVE('',#5080,#6436);
#6436 = DEFINITIONAL_REPRESENTATION('',(#6437),#6452);
#6437 = B_SPLINE_CURVE_WITH_KNOTS('',5,(#6438,#6439,#6440,#6441,#6442,
    #6443,#6444,#6445,#6446,#6447,#6448,#6449,#6450,#6451),
  .UNSPECIFIED.,.F.,.F.,(6,4,4,6),(0.,0.160097206988,0.500258686809,1.),
  .UNSPECIFIED.);
#6438 = CARTESIAN_POINT('',(5.,0.400000101532));
#6439 = CARTESIAN_POINT('',(4.99998728057,0.403200062226));
#6440 = CARTESIAN_POINT('',(4.999973580516,0.406400024472));
#6441 = CARTESIAN_POINT('',(4.999959203092,0.40960000675));
#6442 = CARTESIAN_POINT('',(4.999944535652,0.412800026541));
#6443 = CARTESIAN_POINT('',(4.99989927097,0.422799355921));
#6444 = CARTESIAN_POINT('',(4.999869038399,0.429598865589));
#6445 = CARTESIAN_POINT('',(4.999844770981,0.436398792089));
#6446 = CARTESIAN_POINT('',(4.999830743423,0.443199209898));
#6447 = CARTESIAN_POINT('',(4.999829120378,0.459991502093));
#6448 = CARTESIAN_POINT('',(4.999856479731,0.469984212347));
#6449 = CARTESIAN_POINT('',(4.99991738683,0.479977475709));
#6450 = CARTESIAN_POINT('',(4.999999769698,0.4899714916));
#6451 = CARTESIAN_POINT('',(5.,0.499965063108));
#6452 = ( GEOMETRIC_REPRESENTATION_CONTEXT(2) 
PARAMETRIC_REPRESENTATION_CONTEXT() REPRESENTATION_CONTEXT('2D SPACE',''
  ) );
#6453 = ORIENTED_EDGE('',*,*,#6454,.T.);
#6454 = EDGE_CURVE('',#6399,#6455,#6457,.T.);
#6455 = VERTEX_POINT('',#6456);
#6456 = CARTESIAN_POINT('',(-1.011564904719,3.088565434559,
    2.921475151966));
#6457 = SURFACE_CURVE('',#6458,(#6476,#6497),.PCURVE_S1.);
#6458 = B_SPLINE_CURVE_WITH_KNOTS('',6,(#6459,#6460,#6461,#6462,#6463,
    #6464,#6465,#6466,#6467,#6468,#6469,#6470,#6471,#6472,#6473,#6474,
    #6475),.UNSPECIFIED.,.F.,.F.,(7,5,5,7),(0.,0.180721786222,
    0.404447608253,1.),.UNSPECIFIED.);
#6459 = CARTESIAN_POINT('',(-2.629306450705,1.910300392158,
    3.048000231226));
#6460 = CARTESIAN_POINT('',(-2.593289141784,1.959874031504,
    3.044190267684));
#6461 = CARTESIAN_POINT('',(-2.55615020721,2.008632796136,3.040380307485
    ));
#6462 = CARTESIAN_POINT('',(-2.517912727354,2.056544920607,
    3.036570334489));
#6463 = CARTESIAN_POINT('',(-2.478600928265,2.103579575106,
    3.032760333347));
#6464 = CARTESIAN_POINT('',(-2.43824018166,2.149706865461,3.028950289508
    ));
#6465 = CARTESIAN_POINT('',(-2.345626406649,2.250842313335,3.02042344842
    ));
#6466 = CARTESIAN_POINT('',(-2.292828811699,2.305351932875,
    3.015706618724));
#6467 = CARTESIAN_POINT('',(-2.238514578693,2.358371706575,
    3.010989674809));
#6468 = CARTESIAN_POINT('',(-2.182736458814,2.409849171493,3.00627259661
    ));
#6469 = CARTESIAN_POINT('',(-2.125549595816,2.459734386919,
    3.001555369316));
#6470 = CARTESIAN_POINT('',(-1.911184687828,2.636408342524,
    2.984280423139));
#6471 = CARTESIAN_POINT('',(-1.745775758403,2.753223913676,
    2.971721177806));
#6472 = CARTESIAN_POINT('',(-1.571880957954,2.857520156336,
    2.959161216418));
#6473 = CARTESIAN_POINT('',(-1.390689650968,2.948551659521,
    2.946600037009));
#6474 = CARTESIAN_POINT('',(-1.203468162333,3.025713138282,
    2.934037524657));
#6475 = CARTESIAN_POINT('',(-1.011568807346,3.088564156369,2.92147540744
    ));
#6476 = PCURVE('',#3738,#6477);
#6477 = DEFINITIONAL_REPRESENTATION('',(#6478),#6496);
#6478 = B_SPLINE_CURVE_WITH_KNOTS('',6,(#6479,#6480,#6481,#6482,#6483,
    #6484,#6485,#6486,#6487,#6488,#6489,#6490,#6491,#6492,#6493,#6494,
    #6495),.UNSPECIFIED.,.F.,.F.,(7,5,5,7),(0.,0.180721786222,
    0.404447608253,1.),.UNSPECIFIED.);
#6479 = CARTESIAN_POINT('',(2.513274760984,3.048000231226));
#6480 = CARTESIAN_POINT('',(2.494420496456,3.044190267684));
#6481 = CARTESIAN_POINT('',(2.47556622888,3.040380307485));
#6482 = CARTESIAN_POINT('',(2.456711960097,3.036570334489));
#6483 = CARTESIAN_POINT('',(2.437857691979,3.032760333347));
#6484 = CARTESIAN_POINT('',(2.419003426427,3.028950289508));
#6485 = CARTESIAN_POINT('',(2.376808398662,3.02042344842));
#6486 = CARTESIAN_POINT('',(2.353467624399,3.015706618724));
#6487 = CARTESIAN_POINT('',(2.330126850438,3.010989674809));
#6488 = CARTESIAN_POINT('',(2.306786084733,3.00627259661));
#6489 = CARTESIAN_POINT('',(2.283445335335,3.001555369316));
#6490 = CARTESIAN_POINT('',(2.197972200144,2.984280423139));
#6491 = CARTESIAN_POINT('',(2.135837177879,2.971721177806));
#6492 = CARTESIAN_POINT('',(2.073705328062,2.959161216418));
#6493 = CARTESIAN_POINT('',(2.011573539052,2.946600037009));
#6494 = CARTESIAN_POINT('',(1.949438676195,2.934037524657));
#6495 = CARTESIAN_POINT('',(1.887306453818,2.92147540744));
#6496 = ( GEOMETRIC_REPRESENTATION_CONTEXT(2) 
PARAMETRIC_REPRESENTATION_CONTEXT() REPRESENTATION_CONTEXT('2D SPACE',''
  ) );
#6497 = PCURVE('',#6498,#6521);
#6498 = ( BOUNDED_SURFACE() B_SPLINE_SURFACE(1,6,(
    (#6499,#6500,#6501,#6502,#6503,#6504,#6505,#6506,#6507,#6508,#6509)
    ,(#6510,#6511,#6512,#6513,#6514,#6515,#6516,#6517,#6518,#6519,#6520
)),.UNSPECIFIED.,.F.,.F.,.F.) B_SPLINE_SURFACE_WITH_KNOTS((2,2),(7,4,7),
(5.,6.),(0.,0.5,1.),.UNSPECIFIED.) GEOMETRIC_REPRESENTATION_ITEM() 
RATIONAL_B_SPLINE_SURFACE((
    (1.,1.,1.,1.,1.,1.,1.,1.,1.,1.,1.)
,(1.,1.,1.,1.,1.,1.,1.,1.,1.,1.,1.
  ))) REPRESENTATION_ITEM('') SURFACE() );
#6499 = CARTESIAN_POINT('',(3.250000000031,-1.475527969844E-14,2.5400001
    ));
#6500 = CARTESIAN_POINT('',(3.238523500708,1.701305661014,2.645833433338
    ));
#6501 = CARTESIAN_POINT('',(2.214523266631,3.402611322003,2.751666767058
    ));
#6502 = CARTESIAN_POINT('',(-1.929486443575E-02,4.275126821481,
    2.857500101271));
#6503 = CARTESIAN_POINT('',(-2.185066918233,3.402611321895,
    2.963333435444));
#6504 = CARTESIAN_POINT('',(-4.31493308138,-1.866152137806E-10,
    3.175000102931));
#6505 = CARTESIAN_POINT('',(-2.185066917901,-3.402611322163,
    3.386666768768));
#6506 = CARTESIAN_POINT('',(-1.929486397884E-02,-4.275126821643,
    3.492500101262));
#6507 = CARTESIAN_POINT('',(2.214523267127,-3.402611322055,
    3.598333433744));
#6508 = CARTESIAN_POINT('',(3.238523501202,-1.701305661015,
    3.704166766671));
#6509 = CARTESIAN_POINT('',(3.250000000523,-2.092872314613E-13,3.8100001
    ));
#6510 = CARTESIAN_POINT('',(3.450000000031,4.901627470756E-12,
    2.540000099923));
#6511 = CARTESIAN_POINT('',(3.437817254644,1.806001394019,2.645833433261
    ));
#6512 = CARTESIAN_POINT('',(2.350801621372,3.612002788007,2.751666767006
    ));
#6513 = CARTESIAN_POINT('',(-2.048224063381E-02,4.53821154891,
    2.857500101272));
#6514 = CARTESIAN_POINT('',(-2.319532574759,3.612002787892,
    2.963333435496));
#6515 = CARTESIAN_POINT('',(-4.580467424859,-1.93450728672E-10,
    3.175000103034));
#6516 = CARTESIAN_POINT('',(-2.319532574417,-3.612002788167,
    3.38666676882));
#6517 = CARTESIAN_POINT('',(-2.048224016384E-02,-4.538211549073,
    3.492500101263));
#6518 = CARTESIAN_POINT('',(2.350801621878,-3.612002788052,
    3.598333433691));
#6519 = CARTESIAN_POINT('',(3.437817255143,-1.80600139401,3.704166766593
    ));
#6520 = CARTESIAN_POINT('',(3.450000000523,4.764403154113E-12,
    3.810000099923));
#6521 = DEFINITIONAL_REPRESENTATION('',(#6522),#6540);
#6522 = B_SPLINE_CURVE_WITH_KNOTS('',6,(#6523,#6524,#6525,#6526,#6527,
    #6528,#6529,#6530,#6531,#6532,#6533,#6534,#6535,#6536,#6537,#6538,
    #6539),.UNSPECIFIED.,.F.,.F.,(7,5,5,7),(0.,0.180721786222,
    0.404447608253,1.),.UNSPECIFIED.);
#6523 = CARTESIAN_POINT('',(5.,0.400000101532));
#6524 = CARTESIAN_POINT('',(5.000040984956,0.39700013025));
#6525 = CARTESIAN_POINT('',(5.000079133728,0.394000161601));
#6526 = CARTESIAN_POINT('',(5.000113719906,0.391000182875));
#6527 = CARTESIAN_POINT('',(5.000144218628,0.388000181988));
#6528 = CARTESIAN_POINT('',(5.000170306586,0.385000147481));
#6529 = CARTESIAN_POINT('',(5.000218546729,0.378286099409));
#6530 = CARTESIAN_POINT('',(5.000238266149,0.374572060295));
#6531 = CARTESIAN_POINT('',(5.000250840633,0.370857931243));
#6532 = CARTESIAN_POINT('',(5.000256471301,0.367143696458));
#6533 = CARTESIAN_POINT('',(5.000255740036,0.363429344276));
#6534 = CARTESIAN_POINT('',(5.000233290141,0.349827024517));
#6535 = CARTESIAN_POINT('',(5.000178614345,0.339937855014));
#6536 = CARTESIAN_POINT('',(5.00010216104,0.330048121691));
#6537 = CARTESIAN_POINT('',(5.00003549502,0.320157429298));
#6538 = CARTESIAN_POINT('',(5.000000525898,0.310265687346));
#6539 = CARTESIAN_POINT('',(5.,0.300374256525));
#6540 = ( GEOMETRIC_REPRESENTATION_CONTEXT(2) 
PARAMETRIC_REPRESENTATION_CONTEXT() REPRESENTATION_CONTEXT('2D SPACE',''
  ) );
#6541 = ORIENTED_EDGE('',*,*,#6542,.F.);
#6542 = EDGE_CURVE('',#6543,#6455,#6545,.T.);
#6543 = VERTEX_POINT('',#6544);
#6544 = CARTESIAN_POINT('',(-1.004548312534,3.090854685647,
    2.921016002223));
#6545 = SURFACE_CURVE('',#6546,(#6558,#6568),.PCURVE_S1.);
#6546 = ( BOUNDED_CURVE() B_SPLINE_CURVE(6,(#6547,#6548,#6549,#6550,
    #6551,#6552,#6553,#6554,#6555,#6556,#6557),.UNSPECIFIED.,.F.,.F.) 
B_SPLINE_CURVE_WITH_KNOTS((7,4,7),(0.,0.5,1.),.UNSPECIFIED.) CURVE() 
GEOMETRIC_REPRESENTATION_ITEM() RATIONAL_B_SPLINE_CURVE((1.,1.,1.,1.,1.,
1.,1.,1.,1.,1.,1.)) REPRESENTATION_ITEM('') );
#6547 = CARTESIAN_POINT('',(3.250000000031,-1.475527969844E-14,2.5400001
    ));
#6548 = CARTESIAN_POINT('',(3.238523500708,1.701305661014,2.645833433338
    ));
#6549 = CARTESIAN_POINT('',(2.214523266631,3.402611322003,2.751666767058
    ));
#6550 = CARTESIAN_POINT('',(-1.929486443575E-02,4.275126821481,
    2.857500101271));
#6551 = CARTESIAN_POINT('',(-2.185066918233,3.402611321895,
    2.963333435444));
#6552 = CARTESIAN_POINT('',(-4.31493308138,-1.866152137806E-10,
    3.175000102931));
#6553 = CARTESIAN_POINT('',(-2.185066917901,-3.402611322163,
    3.386666768768));
#6554 = CARTESIAN_POINT('',(-1.929486397884E-02,-4.275126821643,
    3.492500101262));
#6555 = CARTESIAN_POINT('',(2.214523267127,-3.402611322055,
    3.598333433744));
#6556 = CARTESIAN_POINT('',(3.238523501202,-1.701305661015,
    3.704166766671));
#6557 = CARTESIAN_POINT('',(3.250000000523,-2.092872314613E-13,3.8100001
    ));
#6558 = PCURVE('',#3738,#6559);
#6559 = DEFINITIONAL_REPRESENTATION('',(#6560),#6567);
#6560 = B_SPLINE_CURVE_WITH_KNOTS('',5,(#6561,#6562,#6563,#6564,#6565,
    #6566),.UNSPECIFIED.,.F.,.F.,(6,6),(0.300012520136,0.300374055365),
  .PIECEWISE_BEZIER_KNOTS.);
#6561 = CARTESIAN_POINT('',(1.885034236327,2.921016002223));
#6562 = CARTESIAN_POINT('',(1.885488427039,2.921107832172));
#6563 = CARTESIAN_POINT('',(1.885942617786,2.92119966212));
#6564 = CARTESIAN_POINT('',(1.886396808569,2.921291492069));
#6565 = CARTESIAN_POINT('',(1.886850999388,2.921383322018));
#6566 = CARTESIAN_POINT('',(1.887305190245,2.921475151966));
#6567 = ( GEOMETRIC_REPRESENTATION_CONTEXT(2) 
PARAMETRIC_REPRESENTATION_CONTEXT() REPRESENTATION_CONTEXT('2D SPACE',''
  ) );
#6568 = PCURVE('',#5080,#6569);
#6569 = DEFINITIONAL_REPRESENTATION('',(#6570),#6574);
#6570 = LINE('',#6571,#6572);
#6571 = CARTESIAN_POINT('',(5.,0.));
#6572 = VECTOR('',#6573,1.);
#6573 = DIRECTION('',(0.,1.));
#6574 = ( GEOMETRIC_REPRESENTATION_CONTEXT(2) 
PARAMETRIC_REPRESENTATION_CONTEXT() REPRESENTATION_CONTEXT('2D SPACE',''
  ) );
#6575 = ORIENTED_EDGE('',*,*,#6576,.F.);
#6576 = EDGE_CURVE('',#6577,#6543,#6579,.T.);
#6577 = VERTEX_POINT('',#6578);
#6578 = CARTESIAN_POINT('',(1.004305426473,3.09093361468,2.794000088142)
  );
#6579 = SURFACE_CURVE('',#6580,(#6595,#6613),.PCURVE_S1.);
#6580 = B_SPLINE_CURVE_WITH_KNOTS('',5,(#6581,#6582,#6583,#6584,#6585,
    #6586,#6587,#6588,#6589,#6590,#6591,#6592,#6593,#6594),
  .UNSPECIFIED.,.F.,.F.,(6,4,4,6),(0.,0.334897317648,0.694637713233,1.),
  .UNSPECIFIED.);
#6581 = CARTESIAN_POINT('',(1.004305426472,3.09093361468,2.794000088142)
  );
#6582 = CARTESIAN_POINT('',(0.874208745497,3.133204597806,2.802504496138
    ));
#6583 = CARTESIAN_POINT('',(0.741887386824,3.168631096721,2.811009126296
    ));
#6584 = CARTESIAN_POINT('',(0.607823574046,3.197056522434,2.819514103257
    ));
#6585 = CARTESIAN_POINT('',(0.472511243442,3.218376149563,2.828019783256
    ));
#6586 = CARTESIAN_POINT('',(0.190305394248,3.247749202889,2.845663390941
    ));
#6587 = CARTESIAN_POINT('',(4.329531276668E-02,3.254701407827,
    2.85480154302));
#6588 = CARTESIAN_POINT('',(-0.10394992408,3.253329066288,2.86394041489)
  );
#6589 = CARTESIAN_POINT('',(-0.250804566327,3.243638079563,
    2.873080157184));
#6590 = CARTESIAN_POINT('',(-0.520439634345,3.210482752653,
    2.889978984659));
#6591 = CARTESIAN_POINT('',(-0.643504921547,3.189321655951,
    2.897737998304));
#6592 = CARTESIAN_POINT('',(-0.765458985983,3.162268772359,
    2.905497275796));
#6593 = CARTESIAN_POINT('',(-0.885928497171,3.129406913906,
    2.913256662833));
#6594 = CARTESIAN_POINT('',(-1.004548312534,3.090854685647,
    2.921016002223));
#6595 = PCURVE('',#3738,#6596);
#6596 = DEFINITIONAL_REPRESENTATION('',(#6597),#6612);
#6597 = B_SPLINE_CURVE_WITH_KNOTS('',5,(#6598,#6599,#6600,#6601,#6602,
    #6603,#6604,#6605,#6606,#6607,#6608,#6609,#6610,#6611),
  .UNSPECIFIED.,.F.,.F.,(6,4,4,6),(0.,0.334897317648,0.694637713233,1.),
  .UNSPECIFIED.);
#6598 = CARTESIAN_POINT('',(1.256636998428,2.794000088142));
#6599 = CARTESIAN_POINT('',(1.298726767149,2.802504496138));
#6600 = CARTESIAN_POINT('',(1.340816761699,2.811009126296));
#6601 = CARTESIAN_POINT('',(1.382906318199,2.819514103257));
#6602 = CARTESIAN_POINT('',(1.424996284472,2.828019783256));
#6603 = CARTESIAN_POINT('',(1.512297933917,2.845663390941));
#6604 = CARTESIAN_POINT('',(1.557510213416,2.85480154302));
#6605 = CARTESIAN_POINT('',(1.60272182893,2.86394041489));
#6606 = CARTESIAN_POINT('',(1.647934008846,2.873080157184));
#6607 = CARTESIAN_POINT('',(1.731523507695,2.889978984659));
#6608 = CARTESIAN_POINT('',(1.769901222497,2.897737998304));
#6609 = CARTESIAN_POINT('',(1.808278911265,2.905497275796));
#6610 = CARTESIAN_POINT('',(1.846656561726,2.913256662833));
#6611 = CARTESIAN_POINT('',(1.885034236327,2.921016002223));
#6612 = ( GEOMETRIC_REPRESENTATION_CONTEXT(2) 
PARAMETRIC_REPRESENTATION_CONTEXT() REPRESENTATION_CONTEXT('2D SPACE',''
  ) );
#6613 = PCURVE('',#6614,#6637);
#6614 = ( BOUNDED_SURFACE() B_SPLINE_SURFACE(1,6,(
    (#6615,#6616,#6617,#6618,#6619,#6620,#6621,#6622,#6623,#6624,#6625)
    ,(#6626,#6627,#6628,#6629,#6630,#6631,#6632,#6633,#6634,#6635,#6636
)),.UNSPECIFIED.,.F.,.F.,.F.) B_SPLINE_SURFACE_WITH_KNOTS((2,2),(7,4,7),
(5.,6.),(0.,0.5,1.),.UNSPECIFIED.) GEOMETRIC_REPRESENTATION_ITEM() 
RATIONAL_B_SPLINE_SURFACE((
    (1.,1.,1.,1.,1.,1.,1.,1.,1.,1.,1.)
,(1.,1.,1.,1.,1.,1.,1.,1.,1.,1.,1.
  ))) REPRESENTATION_ITEM('') SURFACE() );
#6615 = CARTESIAN_POINT('',(3.250000000031,-1.475527969844E-14,2.5400001
    ));
#6616 = CARTESIAN_POINT('',(3.238523500708,1.701305661014,2.645833433338
    ));
#6617 = CARTESIAN_POINT('',(2.214523266631,3.402611322003,2.751666767058
    ));
#6618 = CARTESIAN_POINT('',(-1.929486443575E-02,4.275126821481,
    2.857500101271));
#6619 = CARTESIAN_POINT('',(-2.185066918233,3.402611321895,
    2.963333435444));
#6620 = CARTESIAN_POINT('',(-4.31493308138,-1.866152137806E-10,
    3.175000102931));
#6621 = CARTESIAN_POINT('',(-2.185066917901,-3.402611322163,
    3.386666768768));
#6622 = CARTESIAN_POINT('',(-1.929486397884E-02,-4.275126821643,
    3.492500101262));
#6623 = CARTESIAN_POINT('',(2.214523267127,-3.402611322055,
    3.598333433744));
#6624 = CARTESIAN_POINT('',(3.238523501202,-1.701305661015,
    3.704166766671));
#6625 = CARTESIAN_POINT('',(3.250000000523,-2.092872314613E-13,3.8100001
    ));
#6626 = CARTESIAN_POINT('',(3.450000000031,4.901627470756E-12,
    2.540000099923));
#6627 = CARTESIAN_POINT('',(3.437817254644,1.806001394019,2.645833433261
    ));
#6628 = CARTESIAN_POINT('',(2.350801621372,3.612002788007,2.751666767006
    ));
#6629 = CARTESIAN_POINT('',(-2.048224063381E-02,4.53821154891,
    2.857500101272));
#6630 = CARTESIAN_POINT('',(-2.319532574759,3.612002787892,
    2.963333435496));
#6631 = CARTESIAN_POINT('',(-4.580467424859,-1.93450728672E-10,
    3.175000103034));
#6632 = CARTESIAN_POINT('',(-2.319532574417,-3.612002788167,
    3.38666676882));
#6633 = CARTESIAN_POINT('',(-2.048224016384E-02,-4.538211549073,
    3.492500101263));
#6634 = CARTESIAN_POINT('',(2.350801621878,-3.612002788052,
    3.598333433691));
#6635 = CARTESIAN_POINT('',(3.437817255143,-1.80600139401,3.704166766593
    ));
#6636 = CARTESIAN_POINT('',(3.450000000523,4.764403154113E-12,
    3.810000099923));
#6637 = DEFINITIONAL_REPRESENTATION('',(#6638),#6653);
#6638 = B_SPLINE_CURVE_WITH_KNOTS('',5,(#6639,#6640,#6641,#6642,#6643,
    #6644,#6645,#6646,#6647,#6648,#6649,#6650,#6651,#6652),
  .UNSPECIFIED.,.F.,.F.,(6,4,4,6),(0.,0.334897317648,0.694637713233,1.),
  .UNSPECIFIED.);
#6639 = CARTESIAN_POINT('',(5.,0.199999989979));
#6640 = CARTESIAN_POINT('',(5.000142870736,0.206696374188));
#6641 = CARTESIAN_POINT('',(5.000248182823,0.213392933327));
#6642 = CARTESIAN_POINT('',(5.000310389436,0.220089765538));
#6643 = CARTESIAN_POINT('',(5.000335225066,0.226787151323));
#6644 = CARTESIAN_POINT('',(5.000329203631,0.240679755713));
#6645 = CARTESIAN_POINT('',(5.000294045276,0.247875151005));
#6646 = CARTESIAN_POINT('',(5.000238808694,0.255071113063));
#6647 = CARTESIAN_POINT('',(5.000179798151,0.262267760494));
#6648 = CARTESIAN_POINT('',(5.000082794994,0.275573923777));
#6649 = CARTESIAN_POINT('',(5.000042923342,0.281683383302));
#6650 = CARTESIAN_POINT('',(5.000014421487,0.287793050581));
#6651 = CARTESIAN_POINT('',(5.000000325057,0.293902804117));
#6652 = CARTESIAN_POINT('',(5.,0.300012520136));
#6653 = ( GEOMETRIC_REPRESENTATION_CONTEXT(2) 
PARAMETRIC_REPRESENTATION_CONTEXT() REPRESENTATION_CONTEXT('2D SPACE',''
  ) );
#6654 = ORIENTED_EDGE('',*,*,#6655,.F.);
#6655 = EDGE_CURVE('',#6656,#6577,#6658,.T.);
#6656 = VERTEX_POINT('',#6657);
#6657 = CARTESIAN_POINT('',(2.62930521421,1.910302094049,2.667000102094)
  );
#6658 = SURFACE_CURVE('',#6659,(#6667,#6678),.PCURVE_S1.);
#6659 = B_SPLINE_CURVE_WITH_KNOTS('',6,(#6660,#6661,#6662,#6663,#6664,
    #6665,#6666),.UNSPECIFIED.,.F.,.F.,(7,7),(0.,1.),
  .PIECEWISE_BEZIER_KNOTS.);
#6660 = CARTESIAN_POINT('',(2.62930521421,1.910302094049,2.667000102094)
  );
#6661 = CARTESIAN_POINT('',(2.429291197053,2.185597765799,2.688362839874
    ));
#6662 = CARTESIAN_POINT('',(2.194610069928,2.435869760324,2.709610025477
    ));
#6663 = CARTESIAN_POINT('',(1.929318188225,2.655435085101,2.730712873257
    ));
#6664 = CARTESIAN_POINT('',(1.638519926704,2.839901888529,2.751786909632
    ));
#6665 = CARTESIAN_POINT('',(1.327962411159,2.985771062986,2.772883703279
    ));
#6666 = CARTESIAN_POINT('',(1.004305426476,3.090933614679,2.794000088142
    ));
#6667 = PCURVE('',#3738,#6668);
#6668 = DEFINITIONAL_REPRESENTATION('',(#6669),#6677);
#6669 = B_SPLINE_CURVE_WITH_KNOTS('',6,(#6670,#6671,#6672,#6673,#6674,
    #6675,#6676),.UNSPECIFIED.,.F.,.F.,(7,7),(0.,1.),
  .PIECEWISE_BEZIER_KNOTS.);
#6670 = CARTESIAN_POINT('',(0.628318539883,2.667000102094));
#6671 = CARTESIAN_POINT('',(0.733021360332,2.688362839874));
#6672 = CARTESIAN_POINT('',(0.83776405435,2.709610025477));
#6673 = CARTESIAN_POINT('',(0.942470044013,2.730712873257));
#6674 = CARTESIAN_POINT('',(1.047177217881,2.751786909632));
#6675 = CARTESIAN_POINT('',(1.151925275358,2.772883703279));
#6676 = CARTESIAN_POINT('',(1.256636998427,2.794000088142));
#6677 = ( GEOMETRIC_REPRESENTATION_CONTEXT(2) 
PARAMETRIC_REPRESENTATION_CONTEXT() REPRESENTATION_CONTEXT('2D SPACE',''
  ) );
#6678 = PCURVE('',#5080,#6679);
#6679 = DEFINITIONAL_REPRESENTATION('',(#6680),#6688);
#6680 = B_SPLINE_CURVE_WITH_KNOTS('',6,(#6681,#6682,#6683,#6684,#6685,
    #6686,#6687),.UNSPECIFIED.,.F.,.F.,(7,7),(0.,1.),
  .PIECEWISE_BEZIER_KNOTS.);
#6681 = CARTESIAN_POINT('',(5.,0.100000001461));
#6682 = CARTESIAN_POINT('',(4.999525799159,0.116672867007));
#6683 = CARTESIAN_POINT('',(4.999359211503,0.133350875697));
#6684 = CARTESIAN_POINT('',(4.999517329839,0.150016703171));
#6685 = CARTESIAN_POINT('',(4.999727835321,0.166676215474));
#6686 = CARTESIAN_POINT('',(4.999896586396,0.183340598631));
#6687 = CARTESIAN_POINT('',(5.,0.199999989978));
#6688 = ( GEOMETRIC_REPRESENTATION_CONTEXT(2) 
PARAMETRIC_REPRESENTATION_CONTEXT() REPRESENTATION_CONTEXT('2D SPACE',''
  ) );
#6689 = ORIENTED_EDGE('',*,*,#6690,.F.);
#6690 = EDGE_CURVE('',#3723,#6656,#6691,.T.);
#6691 = SURFACE_CURVE('',#6692,(#6705,#6721),.PCURVE_S1.);
#6692 = B_SPLINE_CURVE_WITH_KNOTS('',6,(#6693,#6694,#6695,#6696,#6697,
    #6698,#6699,#6700,#6701,#6702,#6703,#6704),.UNSPECIFIED.,.F.,.F.,(7,
    5,7),(0.,0.65246342998,1.),.UNSPECIFIED.);
#6693 = CARTESIAN_POINT('',(3.250000000031,-1.434963259328E-14,2.5400001
    ));
#6694 = CARTESIAN_POINT('',(3.250000000031,0.221962754844,2.55380776476)
  );
#6695 = CARTESIAN_POINT('',(3.231808846346,0.444050027081,2.567607899691
    ));
#6696 = CARTESIAN_POINT('',(3.195388925731,0.66427327935,2.581409643079)
  );
#6697 = CARTESIAN_POINT('',(3.141022221898,0.880742854478,2.595215735129
    ));
#6698 = CARTESIAN_POINT('',(3.069216450965,1.091660596841,2.609026456797
    ));
#6699 = CARTESIAN_POINT('',(2.933567139585,1.403807228073,2.63019920738)
  );
#6700 = CARTESIAN_POINT('',(2.881686010862,1.510231061201,2.637558529635
    ));
#6701 = CARTESIAN_POINT('',(2.825179590283,1.614337120005,2.644918568258
    ));
#6702 = CARTESIAN_POINT('',(2.764178578156,1.715875750182,2.652279045875
    ));
#6703 = CARTESIAN_POINT('',(2.698831607048,1.814607225796,2.659639671261
    ));
#6704 = CARTESIAN_POINT('',(2.62930521421,1.91030209405,2.667000102094)
  );
#6705 = PCURVE('',#3738,#6706);
#6706 = DEFINITIONAL_REPRESENTATION('',(#6707),#6720);
#6707 = B_SPLINE_CURVE_WITH_KNOTS('',6,(#6708,#6709,#6710,#6711,#6712,
    #6713,#6714,#6715,#6716,#6717,#6718,#6719),.UNSPECIFIED.,.F.,.F.,(7,
    5,7),(0.,0.65246342998,1.),.UNSPECIFIED.);
#6708 = CARTESIAN_POINT('',(0.,2.5400001));
#6709 = CARTESIAN_POINT('',(6.829623225966E-02,2.55380776476));
#6710 = CARTESIAN_POINT('',(0.136630732442,2.567607899691));
#6711 = CARTESIAN_POINT('',(0.204965366622,2.581409643079));
#6712 = CARTESIAN_POINT('',(0.273294173596,2.595215735129));
#6713 = CARTESIAN_POINT('',(0.341620417708,2.609026456797));
#6714 = CARTESIAN_POINT('',(0.446342650504,2.63019920738));
#6715 = CARTESIAN_POINT('',(0.4827375887,2.637558529635));
#6716 = CARTESIAN_POINT('',(0.519132448043,2.644918568258));
#6717 = CARTESIAN_POINT('',(0.555527527331,2.652279045875));
#6718 = CARTESIAN_POINT('',(0.591923043561,2.659639671261));
#6719 = CARTESIAN_POINT('',(0.628318539884,2.667000102094));
#6720 = ( GEOMETRIC_REPRESENTATION_CONTEXT(2) 
PARAMETRIC_REPRESENTATION_CONTEXT() REPRESENTATION_CONTEXT('2D SPACE',''
  ) );
#6721 = PCURVE('',#6722,#6745);
#6722 = ( BOUNDED_SURFACE() B_SPLINE_SURFACE(1,6,(
    (#6723,#6724,#6725,#6726,#6727,#6728,#6729,#6730,#6731,#6732,#6733)
    ,(#6734,#6735,#6736,#6737,#6738,#6739,#6740,#6741,#6742,#6743,#6744
)),.UNSPECIFIED.,.F.,.F.,.F.) B_SPLINE_SURFACE_WITH_KNOTS((2,2),(7,4,7),
(5.,6.),(0.,0.5,1.),.UNSPECIFIED.) GEOMETRIC_REPRESENTATION_ITEM() 
RATIONAL_B_SPLINE_SURFACE((
    (1.,1.,1.,1.,1.,1.,1.,1.,1.,1.,1.)
,(1.,1.,1.,1.,1.,1.,1.,1.,1.,1.,1.
  ))) REPRESENTATION_ITEM('') SURFACE() );
#6723 = CARTESIAN_POINT('',(3.250000000031,-1.475527969844E-14,2.5400001
    ));
#6724 = CARTESIAN_POINT('',(3.238523500708,1.701305661014,2.645833433338
    ));
#6725 = CARTESIAN_POINT('',(2.214523266631,3.402611322003,2.751666767058
    ));
#6726 = CARTESIAN_POINT('',(-1.929486443575E-02,4.275126821481,
    2.857500101271));
#6727 = CARTESIAN_POINT('',(-2.185066918233,3.402611321895,
    2.963333435444));
#6728 = CARTESIAN_POINT('',(-4.31493308138,-1.866152137806E-10,
    3.175000102931));
#6729 = CARTESIAN_POINT('',(-2.185066917901,-3.402611322163,
    3.386666768768));
#6730 = CARTESIAN_POINT('',(-1.929486397884E-02,-4.275126821643,
    3.492500101262));
#6731 = CARTESIAN_POINT('',(2.214523267127,-3.402611322055,
    3.598333433744));
#6732 = CARTESIAN_POINT('',(3.238523501202,-1.701305661015,
    3.704166766671));
#6733 = CARTESIAN_POINT('',(3.250000000523,-2.092872314613E-13,3.8100001
    ));
#6734 = CARTESIAN_POINT('',(3.450000000031,4.901627470756E-12,
    2.540000099923));
#6735 = CARTESIAN_POINT('',(3.437817254644,1.806001394019,2.645833433261
    ));
#6736 = CARTESIAN_POINT('',(2.350801621372,3.612002788007,2.751666767006
    ));
#6737 = CARTESIAN_POINT('',(-2.048224063381E-02,4.53821154891,
    2.857500101272));
#6738 = CARTESIAN_POINT('',(-2.319532574759,3.612002787892,
    2.963333435496));
#6739 = CARTESIAN_POINT('',(-4.580467424859,-1.93450728672E-10,
    3.175000103034));
#6740 = CARTESIAN_POINT('',(-2.319532574417,-3.612002788167,
    3.38666676882));
#6741 = CARTESIAN_POINT('',(-2.048224016384E-02,-4.538211549073,
    3.492500101263));
#6742 = CARTESIAN_POINT('',(2.350801621878,-3.612002788052,
    3.598333433691));
#6743 = CARTESIAN_POINT('',(3.437817255143,-1.80600139401,3.704166766593
    ));
#6744 = CARTESIAN_POINT('',(3.450000000523,4.764403154113E-12,
    3.810000099923));
#6745 = DEFINITIONAL_REPRESENTATION('',(#6746),#6759);
#6746 = B_SPLINE_CURVE_WITH_KNOTS('',6,(#6747,#6748,#6749,#6750,#6751,
    #6752,#6753,#6754,#6755,#6756,#6757,#6758),.UNSPECIFIED.,.F.,.F.,(7,
    5,7),(0.,0.65246342998,1.),.UNSPECIFIED.);
#6747 = CARTESIAN_POINT('',(5.,0.));
#6748 = CARTESIAN_POINT('',(5.007486471902,1.08721769761E-02));
#6749 = CARTESIAN_POINT('',(5.010194280954,2.173842494787E-02));
#6750 = CARTESIAN_POINT('',(5.010123471817,3.260593941573E-02));
#6751 = CARTESIAN_POINT('',(5.008734703553,4.347687802134E-02));
#6752 = CARTESIAN_POINT('',(5.006870575951,5.435146199004E-02));
#6753 = CARTESIAN_POINT('',(5.0040057683,7.102291910122E-02));
#6754 = CARTESIAN_POINT('',(5.003008587352,7.68176610184E-02));
#6755 = CARTESIAN_POINT('',(5.002080470726,8.261296700384E-02));
#6756 = CARTESIAN_POINT('',(5.001260873496,8.840861865219E-02));
#6757 = CARTESIAN_POINT('',(5.00056654702,9.420438665254E-02));
#6758 = CARTESIAN_POINT('',(5.,0.100000001461));
#6759 = ( GEOMETRIC_REPRESENTATION_CONTEXT(2) 
PARAMETRIC_REPRESENTATION_CONTEXT() REPRESENTATION_CONTEXT('2D SPACE',''
  ) );
#6760 = ORIENTED_EDGE('',*,*,#3722,.F.);
#6761 = ORIENTED_EDGE('',*,*,#6762,.T.);
#6762 = EDGE_CURVE('',#3036,#5197,#6763,.T.);
#6763 = SURFACE_CURVE('',#6764,(#6777,#6793),.PCURVE_S1.);
#6764 = B_SPLINE_CURVE_WITH_KNOTS('',6,(#6765,#6766,#6767,#6768,#6769,
    #6770,#6771,#6772,#6773,#6774,#6775,#6776),.UNSPECIFIED.,.F.,.F.,(7,
    5,7),(0.,0.652463472174,1.),.UNSPECIFIED.);
#6765 = CARTESIAN_POINT('',(3.250000000108,-4.328482017257E-14,2.3812501
    ));
#6766 = CARTESIAN_POINT('',(3.250000000108,0.221962761547,2.395057765177
    ));
#6767 = CARTESIAN_POINT('',(3.231808844906,0.444050041094,2.408857900559
    ));
#6768 = CARTESIAN_POINT('',(3.195388922708,0.664273299454,2.422659644328
    ));
#6769 = CARTESIAN_POINT('',(3.141022215011,0.880742881377,2.436465736825
    ));
#6770 = CARTESIAN_POINT('',(3.069216439923,1.091660629298,2.450276458888
    ));
#6771 = CARTESIAN_POINT('',(2.93356712913,1.403807248377,2.471449208738)
  );
#6772 = CARTESIAN_POINT('',(2.881686007828,1.51023106469,2.478808529844)
  );
#6773 = CARTESIAN_POINT('',(2.825179596114,1.614337107377,2.486168567317
    ));
#6774 = CARTESIAN_POINT('',(2.764178594236,1.715875722254,2.493529043782
    ));
#6775 = CARTESIAN_POINT('',(2.698831634689,1.814607183492,2.500889668015
    ));
#6776 = CARTESIAN_POINT('',(2.629305254641,1.9103020384,2.508250097696)
  );
#6777 = PCURVE('',#3738,#6778);
#6778 = DEFINITIONAL_REPRESENTATION('',(#6779),#6792);
#6779 = B_SPLINE_CURVE_WITH_KNOTS('',6,(#6780,#6781,#6782,#6783,#6784,
    #6785,#6786,#6787,#6788,#6789,#6790,#6791),.UNSPECIFIED.,.F.,.F.,(7,
    5,7),(0.,0.652463472174,1.),.UNSPECIFIED.);
#6780 = CARTESIAN_POINT('',(0.,2.3812501));
#6781 = CARTESIAN_POINT('',(6.829623432209E-02,2.395057765177));
#6782 = CARTESIAN_POINT('',(0.136630736755,2.408857900559));
#6783 = CARTESIAN_POINT('',(0.204965372858,2.422659644328));
#6784 = CARTESIAN_POINT('',(0.273294182089,2.436465736825));
#6785 = CARTESIAN_POINT('',(0.341620428222,2.450276458888));
#6786 = CARTESIAN_POINT('',(0.446342657516,2.471449208738));
#6787 = CARTESIAN_POINT('',(0.482737590076,2.478808529844));
#6788 = CARTESIAN_POINT('',(0.519132443784,2.486168567317));
#6789 = CARTESIAN_POINT('',(0.555527517437,2.493529043782));
#6790 = CARTESIAN_POINT('',(0.591923028032,2.500889668015));
#6791 = CARTESIAN_POINT('',(0.628318518718,2.508250097696));
#6792 = ( GEOMETRIC_REPRESENTATION_CONTEXT(2) 
PARAMETRIC_REPRESENTATION_CONTEXT() REPRESENTATION_CONTEXT('2D SPACE',''
  ) );
#6793 = PCURVE('',#5220,#6794);
#6794 = DEFINITIONAL_REPRESENTATION('',(#6795),#6808);
#6795 = B_SPLINE_CURVE_WITH_KNOTS('',6,(#6796,#6797,#6798,#6799,#6800,
    #6801,#6802,#6803,#6804,#6805,#6806,#6807),.UNSPECIFIED.,.F.,.F.,(7,
    5,7),(0.,0.652463472174,1.),.UNSPECIFIED.);
#6796 = CARTESIAN_POINT('',(2.,0.));
#6797 = CARTESIAN_POINT('',(1.992513527872,1.087217730442E-02));
#6798 = CARTESIAN_POINT('',(1.989805720763,2.173842563471E-02));
#6799 = CARTESIAN_POINT('',(1.989876527022,3.260594040766E-02));
#6800 = CARTESIAN_POINT('',(1.991265297605,4.347687937371E-02));
#6801 = CARTESIAN_POINT('',(1.993129424703,5.435146366448E-02));
#6802 = CARTESIAN_POINT('',(1.995994232247,7.10229202192E-02));
#6803 = CARTESIAN_POINT('',(1.99699141302,7.681766123925E-02));
#6804 = CARTESIAN_POINT('',(1.997919529492,8.261296632739E-02));
#6805 = CARTESIAN_POINT('',(1.998739126607,8.840861707836E-02));
#6806 = CARTESIAN_POINT('',(1.999433453012,9.420438418133E-02));
#6807 = CARTESIAN_POINT('',(2.,9.999999809239E-02));
#6808 = ( GEOMETRIC_REPRESENTATION_CONTEXT(2) 
PARAMETRIC_REPRESENTATION_CONTEXT() REPRESENTATION_CONTEXT('2D SPACE',''
  ) );
#6809 = ORIENTED_EDGE('',*,*,#5845,.F.);
#6810 = ORIENTED_EDGE('',*,*,#6811,.T.);
#6811 = EDGE_CURVE('',#5792,#5758,#6812,.T.);
#6812 = SURFACE_CURVE('',#6813,(#6828,#6846),.PCURVE_S1.);
#6813 = B_SPLINE_CURVE_WITH_KNOTS('',5,(#6814,#6815,#6816,#6817,#6818,
    #6819,#6820,#6821,#6822,#6823,#6824,#6825,#6826,#6827),
  .UNSPECIFIED.,.F.,.F.,(6,4,4,6),(0.,0.334908428383,0.694659742956,1.),
  .UNSPECIFIED.);
#6814 = CARTESIAN_POINT('',(1.004305214016,3.090933683711,2.635250101598
    ));
#6815 = CARTESIAN_POINT('',(0.874208729077,3.133204593255,2.643754496565
    ));
#6816 = CARTESIAN_POINT('',(0.741887573716,3.168631039367,2.652259113692
    ));
#6817 = CARTESIAN_POINT('',(0.607823969321,3.197056433809,2.660764077621
    ));
#6818 = CARTESIAN_POINT('',(0.472511849893,3.218376051635,2.669269744584
    ));
#6819 = CARTESIAN_POINT('',(0.190306852404,3.247749088506,2.686913299424
    ));
#6820 = CARTESIAN_POINT('',(4.329741639753E-02,3.254701336341,
    2.696051411687));
#6821 = CARTESIAN_POINT('',(-0.103947177766,3.253329110516,
    2.705190243736));
#6822 = CARTESIAN_POINT('',(-0.250801188288,3.243638311781,2.7143299462)
  );
#6823 = CARTESIAN_POINT('',(-0.520422435593,3.210485022926,
    2.731227904844));
#6824 = CARTESIAN_POINT('',(-0.643474677069,3.189326974111,
    2.738986089347));
#6825 = CARTESIAN_POINT('',(-0.765415982242,3.162278390681,
    2.746744537712));
#6826 = CARTESIAN_POINT('',(-0.885873138913,3.129422054005,
    2.754503095667));
#6827 = CARTESIAN_POINT('',(-1.00448111692,3.09087652386,2.762261605916)
  );
#6828 = PCURVE('',#3738,#6829);
#6829 = DEFINITIONAL_REPRESENTATION('',(#6830),#6845);
#6830 = B_SPLINE_CURVE_WITH_KNOTS('',5,(#6831,#6832,#6833,#6834,#6835,
    #6836,#6837,#6838,#6839,#6840,#6841,#6842,#6843,#6844),
  .UNSPECIFIED.,.F.,.F.,(6,4,4,6),(0.,0.334908428383,0.694659742956,1.),
  .UNSPECIFIED.);
#6831 = CARTESIAN_POINT('',(1.256637067163,2.635250101598));
#6832 = CARTESIAN_POINT('',(1.298726771522,2.643754496565));
#6833 = CARTESIAN_POINT('',(1.340816701707,2.652259113692));
#6834 = CARTESIAN_POINT('',(1.382906193846,2.660764077621));
#6835 = CARTESIAN_POINT('',(1.424996095755,2.669269744584));
#6836 = CARTESIAN_POINT('',(1.512297484021,2.686913299424));
#6837 = CARTESIAN_POINT('',(1.557509566699,2.696051411687));
#6838 = CARTESIAN_POINT('',(1.602720985405,2.705190243736));
#6839 = CARTESIAN_POINT('',(1.647932968499,2.7143299462));
#6840 = CARTESIAN_POINT('',(1.731518170077,2.731227904844));
#6841 = CARTESIAN_POINT('',(1.769891784139,2.738986089347));
#6842 = CARTESIAN_POINT('',(1.808265372437,2.746744537712));
#6843 = CARTESIAN_POINT('',(1.846638922589,2.754503095667));
#6844 = CARTESIAN_POINT('',(1.885012496263,2.762261605916));
#6845 = ( GEOMETRIC_REPRESENTATION_CONTEXT(2) 
PARAMETRIC_REPRESENTATION_CONTEXT() REPRESENTATION_CONTEXT('2D SPACE',''
  ) );
#6846 = PCURVE('',#5815,#6847);
#6847 = DEFINITIONAL_REPRESENTATION('',(#6848),#6863);
#6848 = B_SPLINE_CURVE_WITH_KNOTS('',5,(#6849,#6850,#6851,#6852,#6853,
    #6854,#6855,#6856,#6857,#6858,#6859,#6860,#6861,#6862),
  .UNSPECIFIED.,.F.,.F.,(6,4,4,6),(0.,0.334908428383,0.694659742956,1.),
  .UNSPECIFIED.);
#6849 = CARTESIAN_POINT('',(2.,0.200000000917));
#6850 = CARTESIAN_POINT('',(1.999857129526,0.206696374886));
#6851 = CARTESIAN_POINT('',(1.999751817593,0.213392923785));
#6852 = CARTESIAN_POINT('',(1.99968961099,0.220089745756));
#6853 = CARTESIAN_POINT('',(1.999664775268,0.226787121297));
#6854 = CARTESIAN_POINT('',(1.9996707964,0.240679684119));
#6855 = CARTESIAN_POINT('',(1.999705954354,0.247875048083));
#6856 = CARTESIAN_POINT('',(1.999761190465,0.255070978807));
#6857 = CARTESIAN_POINT('',(1.999820200693,0.262267594899));
#6858 = CARTESIAN_POINT('',(1.999917199125,0.275573074104));
#6859 = CARTESIAN_POINT('',(1.999957067247,0.28168188078));
#6860 = CARTESIAN_POINT('',(1.999985568825,0.287790895223));
#6861 = CARTESIAN_POINT('',(1.999999668755,0.293899995956));
#6862 = CARTESIAN_POINT('',(2.,0.300009059126));
#6863 = ( GEOMETRIC_REPRESENTATION_CONTEXT(2) 
PARAMETRIC_REPRESENTATION_CONTEXT() REPRESENTATION_CONTEXT('2D SPACE',''
  ) );
#6864 = ORIENTED_EDGE('',*,*,#5757,.T.);
#6865 = ORIENTED_EDGE('',*,*,#6866,.T.);
#6866 = EDGE_CURVE('',#5704,#5648,#6867,.T.);
#6867 = SURFACE_CURVE('',#6868,(#6883,#6901),.PCURVE_S1.);
#6868 = B_SPLINE_CURVE_WITH_KNOTS('',5,(#6869,#6870,#6871,#6872,#6873,
    #6874,#6875,#6876,#6877,#6878,#6879,#6880,#6881,#6882),
  .UNSPECIFIED.,.F.,.F.,(6,4,4,6),(0.,0.209417048747,0.641024366428,1.),
  .UNSPECIFIED.);
#6869 = CARTESIAN_POINT('',(-1.011635985293,3.088542153389,
    2.762729804236));
#6870 = CARTESIAN_POINT('',(-1.092607201194,3.06202045101,2.768030380393
    ));
#6871 = CARTESIAN_POINT('',(-1.172709371742,3.032845222946,
    2.773330934125));
#6872 = CARTESIAN_POINT('',(-1.251826327913,3.001054526143,
    2.778631411832));
#6873 = CARTESIAN_POINT('',(-1.329844898223,2.966693832659,
    2.783931768313));
#6874 = CARTESIAN_POINT('',(-1.564959893003,2.853811092523,
    2.800155644929));
#6875 = CARTESIAN_POINT('',(-1.718133763497,2.767112868958,
    2.811078817929));
#6876 = CARTESIAN_POINT('',(-1.865207270278,2.67018711398,2.822000710946
    ));
#6877 = CARTESIAN_POINT('',(-2.005288402758,2.56362162339,2.832921844814
    ));
#6878 = CARTESIAN_POINT('',(-2.247585110035,2.352061458551,2.85292444403
    ));
#6879 = CARTESIAN_POINT('',(-2.352208094559,2.249818347749,
    2.862006347569));
#6880 = CARTESIAN_POINT('',(-2.450970346433,2.141800623493,
    2.871087804429));
#6881 = CARTESIAN_POINT('',(-2.54345751138,2.028461455267,2.880169005098
    ));
#6882 = CARTESIAN_POINT('',(-2.629306270568,1.910300640096,
    2.889250211036));
#6883 = PCURVE('',#3738,#6884);
#6884 = DEFINITIONAL_REPRESENTATION('',(#6885),#6900);
#6885 = B_SPLINE_CURVE_WITH_KNOTS('',5,(#6886,#6887,#6888,#6889,#6890,
    #6891,#6892,#6893,#6894,#6895,#6896,#6897,#6898,#6899),
  .UNSPECIFIED.,.F.,.F.,(6,4,4,6),(0.,0.209417048747,0.641024366428,1.),
  .UNSPECIFIED.);
#6886 = CARTESIAN_POINT('',(1.887328204439,2.762729804236));
#6887 = CARTESIAN_POINT('',(1.913544850312,2.768030380393));
#6888 = CARTESIAN_POINT('',(1.939761510261,2.773330934125));
#6889 = CARTESIAN_POINT('',(1.965978174892,2.778631411832));
#6890 = CARTESIAN_POINT('',(1.992194840049,2.783931768313));
#6891 = CARTESIAN_POINT('',(2.07244390429,2.800155644929));
#6892 = CARTESIAN_POINT('',(2.126477114291,2.811078817929));
#6893 = CARTESIAN_POINT('',(2.180508888121,2.822000710946));
#6894 = CARTESIAN_POINT('',(2.234542193655,2.832921844814));
#6895 = CARTESIAN_POINT('',(2.333514617143,2.85292444403));
#6896 = CARTESIAN_POINT('',(2.37845463453,2.862006347569));
#6897 = CARTESIAN_POINT('',(2.423394707859,2.871087804429));
#6898 = CARTESIAN_POINT('',(2.468334746034,2.880169005098));
#6899 = CARTESIAN_POINT('',(2.513274666687,2.889250211036));
#6900 = ( GEOMETRIC_REPRESENTATION_CONTEXT(2) 
PARAMETRIC_REPRESENTATION_CONTEXT() REPRESENTATION_CONTEXT('2D SPACE',''
  ) );
#6901 = PCURVE('',#5727,#6902);
#6902 = DEFINITIONAL_REPRESENTATION('',(#6903),#6918);
#6903 = B_SPLINE_CURVE_WITH_KNOTS('',5,(#6904,#6905,#6906,#6907,#6908,
    #6909,#6910,#6911,#6912,#6913,#6914,#6915,#6916,#6917),
  .UNSPECIFIED.,.F.,.F.,(6,4,4,6),(0.,0.209417048747,0.641024366428,1.),
  .UNSPECIFIED.);
#6904 = CARTESIAN_POINT('',(2.,0.30037771922));
#6905 = CARTESIAN_POINT('',(1.999999773852,0.30455140122));
#6906 = CARTESIAN_POINT('',(1.999993136552,0.308725065564));
#6907 = CARTESIAN_POINT('',(1.999980411266,0.312898670045));
#6908 = CARTESIAN_POINT('',(1.999962612281,0.317072179074));
#6909 = CARTESIAN_POINT('',(1.999897819388,0.329846885035));
#6910 = CARTESIAN_POINT('',(1.999839828883,0.338447808633));
#6911 = CARTESIAN_POINT('',(1.999781623007,0.347047724372));
#6912 = CARTESIAN_POINT('',(1.999747050231,0.355647042357));
#6913 = CARTESIAN_POINT('',(1.999745889686,0.371397120443));
#6914 = CARTESIAN_POINT('',(1.999768652579,0.378548225576));
#6915 = CARTESIAN_POINT('',(1.999821504743,0.385698978994));
#6916 = CARTESIAN_POINT('',(1.999902310686,0.392849530687));
#6917 = CARTESIAN_POINT('',(2.,0.400000086531));
#6918 = ( GEOMETRIC_REPRESENTATION_CONTEXT(2) 
PARAMETRIC_REPRESENTATION_CONTEXT() REPRESENTATION_CONTEXT('2D SPACE',''
  ) );
#6919 = ORIENTED_EDGE('',*,*,#5647,.T.);
#6920 = ORIENTED_EDGE('',*,*,#5613,.T.);
#6921 = ORIENTED_EDGE('',*,*,#5557,.F.);
#6922 = ORIENTED_EDGE('',*,*,#6923,.T.);
#6923 = EDGE_CURVE('',#5504,#5470,#6924,.T.);
#6924 = SURFACE_CURVE('',#6925,(#6943,#6964),.PCURVE_S1.);
#6925 = B_SPLINE_CURVE_WITH_KNOTS('',6,(#6926,#6927,#6928,#6929,#6930,
    #6931,#6932,#6933,#6934,#6935,#6936,#6937,#6938,#6939,#6940,#6941,
    #6942),.UNSPECIFIED.,.F.,.F.,(7,5,5,7),(0.,0.180735675534,
    0.404467952415,1.),.UNSPECIFIED.);
#6926 = CARTESIAN_POINT('',(-2.629306237841,-1.910300685142,
    3.143249994694));
#6927 = CARTESIAN_POINT('',(-2.593288923397,-1.959874320472,
    3.147059958215));
#6928 = CARTESIAN_POINT('',(-2.55614998339,-2.008633080964,
    3.150869918392));
#6929 = CARTESIAN_POINT('',(-2.517912498197,-2.056545201173,
    3.154679891366));
#6930 = CARTESIAN_POINT('',(-2.478600693868,-2.103579851291,
    3.158489892485));
#6931 = CARTESIAN_POINT('',(-2.438239942125,-2.149707137147,
    3.162299936301));
#6932 = CARTESIAN_POINT('',(-2.345628614883,-2.250839889399,
    3.170826550934));
#6933 = CARTESIAN_POINT('',(-2.29283362335,-2.305346955471,
    3.175543154189));
#6934 = CARTESIAN_POINT('',(-2.23852213709,-2.358364321206,
    3.180259871651));
#6935 = CARTESIAN_POINT('',(-2.18274689957,-2.409839531107,
    3.184976723382));
#6936 = CARTESIAN_POINT('',(-2.125563046405,-2.459722651402,
    3.189693724191));
#6937 = CARTESIAN_POINT('',(-1.911219413904,-2.636381451752,
    3.206967049692));
#6938 = CARTESIAN_POINT('',(-1.745830684549,-2.753186435536,
    3.219524900238));
#6939 = CARTESIAN_POINT('',(-1.57195776284,-2.857475028775,
    3.232083466888));
#6940 = CARTESIAN_POINT('',(-1.390789600248,-2.948502042338,
    3.244643251377));
#6941 = CARTESIAN_POINT('',(-1.203592080887,-3.025662351083,
    3.257204368505));
#6942 = CARTESIAN_POINT('',(-1.011717046303,-3.088515601097,
    3.269765090925));
#6943 = PCURVE('',#3738,#6944);
#6944 = DEFINITIONAL_REPRESENTATION('',(#6945),#6963);
#6945 = B_SPLINE_CURVE_WITH_KNOTS('',6,(#6946,#6947,#6948,#6949,#6950,
    #6951,#6952,#6953,#6954,#6955,#6956,#6957,#6958,#6959,#6960,#6961,
    #6962),.UNSPECIFIED.,.F.,.F.,(7,5,5,7),(0.,0.180735675534,
    0.404467952415,1.),.UNSPECIFIED.);
#6946 = CARTESIAN_POINT('',(3.769910657625,3.143249994694));
#6947 = CARTESIAN_POINT('',(3.788764922152,3.147059958215));
#6948 = CARTESIAN_POINT('',(3.807619189728,3.150869918392));
#6949 = CARTESIAN_POINT('',(3.82647345851,3.154679891366));
#6950 = CARTESIAN_POINT('',(3.845327726629,3.158489892485));
#6951 = CARTESIAN_POINT('',(3.86418199218,3.162299936301));
#6952 = CARTESIAN_POINT('',(3.906375899602,3.170826550934));
#6953 = CARTESIAN_POINT('',(3.929715553512,3.175543154189));
#6954 = CARTESIAN_POINT('',(3.953055207124,3.180259871651));
#6955 = CARTESIAN_POINT('',(3.976394852489,3.184976723382));
#6956 = CARTESIAN_POINT('',(3.999734481547,3.189693724191));
#6957 = CARTESIAN_POINT('',(4.085199599265,3.206967049692));
#6958 = CARTESIAN_POINT('',(4.14732772271,3.219524900238));
#6959 = CARTESIAN_POINT('',(4.209452675571,3.232083466888));
#6960 = CARTESIAN_POINT('',(4.271577567831,3.244643251377));
#6961 = CARTESIAN_POINT('',(4.333705532201,3.257204368505));
#6962 = CARTESIAN_POINT('',(4.395830856909,3.269765090925));
#6963 = ( GEOMETRIC_REPRESENTATION_CONTEXT(2) 
PARAMETRIC_REPRESENTATION_CONTEXT() REPRESENTATION_CONTEXT('2D SPACE',''
  ) );
#6964 = PCURVE('',#5527,#6965);
#6965 = DEFINITIONAL_REPRESENTATION('',(#6966),#6984);
#6966 = B_SPLINE_CURVE_WITH_KNOTS('',6,(#6967,#6968,#6969,#6970,#6971,
    #6972,#6973,#6974,#6975,#6976,#6977,#6978,#6979,#6980,#6981,#6982,
    #6983),.UNSPECIFIED.,.F.,.F.,(7,5,5,7),(0.,0.180735675534,
    0.404467952415,1.),.UNSPECIFIED.);
#6967 = CARTESIAN_POINT('',(2.,0.599999916187));
#6968 = CARTESIAN_POINT('',(1.99995901506,0.602999887469));
#6969 = CARTESIAN_POINT('',(1.999920866306,0.605999856118));
#6970 = CARTESIAN_POINT('',(1.999886280149,0.608999834843));
#6971 = CARTESIAN_POINT('',(1.99985578145,0.61199983573));
#6972 = CARTESIAN_POINT('',(1.999829693517,0.614999870237));
#6973 = CARTESIAN_POINT('',(1.999781454711,0.621713740041));
#6974 = CARTESIAN_POINT('',(1.999761735933,0.62542760088));
#6975 = CARTESIAN_POINT('',(1.999749161398,0.629141551646));
#6976 = CARTESIAN_POINT('',(1.999743530036,0.632855608135));
#6977 = CARTESIAN_POINT('',(1.999744260078,0.636569782009));
#6978 = CARTESIAN_POINT('',(1.999766703202,0.650170825744));
#6979 = CARTESIAN_POINT('',(1.999821366509,0.660058897065));
#6980 = CARTESIAN_POINT('',(1.999897806132,0.669947532249));
#6981 = CARTESIAN_POINT('',(1.999964469844,0.679837126362));
#6982 = CARTESIAN_POINT('',(1.999999451931,0.689727769798));
#6983 = CARTESIAN_POINT('',(2.,0.699618102442));
#6984 = ( GEOMETRIC_REPRESENTATION_CONTEXT(2) 
PARAMETRIC_REPRESENTATION_CONTEXT() REPRESENTATION_CONTEXT('2D SPACE',''
  ) );
#6985 = ORIENTED_EDGE('',*,*,#5469,.T.);
#6986 = ORIENTED_EDGE('',*,*,#6987,.F.);
#6987 = EDGE_CURVE('',#5381,#5416,#6988,.T.);
#6988 = SURFACE_CURVE('',#6989,(#7004,#7022),.PCURVE_S1.);
#6989 = B_SPLINE_CURVE_WITH_KNOTS('',5,(#6990,#6991,#6992,#6993,#6994,
    #6995,#6996,#6997,#6998,#6999,#7000,#7001,#7002,#7003),
  .UNSPECIFIED.,.F.,.F.,(6,4,4,6),(0.,0.334921490359,0.694684693609,1.),
  .UNSPECIFIED.);
#6990 = CARTESIAN_POINT('',(1.004304658459,-3.090933864222,
    3.397250062943));
#6991 = CARTESIAN_POINT('',(0.87420858534,-3.133204614106,3.388745695444
    ));
#6992 = CARTESIAN_POINT('',(0.741887857379,-3.168630944288,
    3.380241105785));
#6993 = CARTESIAN_POINT('',(0.607824691318,-3.197056268135,
    3.371736169328));
#6994 = CARTESIAN_POINT('',(0.472513016363,-3.218375861633,
    3.363230529842));
#6995 = CARTESIAN_POINT('',(0.19030981355,-3.247748853975,3.345587086413
    ));
#6996 = CARTESIAN_POINT('',(4.330173822091E-02,-3.254701187126,
    3.336449058096));
#6997 = CARTESIAN_POINT('',(-0.103941500861,-3.253329200136,
    3.327310310003));
#6998 = CARTESIAN_POINT('',(-0.250794179118,-3.243638792636,
    3.318170691511));
#6999 = CARTESIAN_POINT('',(-0.520398832351,-3.210488248565,
    3.301273778365));
#7000 = CARTESIAN_POINT('',(-0.643435967137,-3.18933387465,3.29351655555
    ));
#7001 = CARTESIAN_POINT('',(-0.76536250451,-3.162290417113,3.28575906885
    ));
#7002 = CARTESIAN_POINT('',(-0.885805369338,-3.129440621347,
    3.278001472506));
#7003 = CARTESIAN_POINT('',(-1.004399661683,-3.090902994209,
    3.270243923933));
#7004 = PCURVE('',#3738,#7005);
#7005 = DEFINITIONAL_REPRESENTATION('',(#7006),#7021);
#7006 = B_SPLINE_CURVE_WITH_KNOTS('',5,(#7007,#7008,#7009,#7010,#7011,
    #7012,#7013,#7014,#7015,#7016,#7017,#7018,#7019,#7020),
  .UNSPECIFIED.,.F.,.F.,(6,4,4,6),(0.,0.334921490359,0.694684693609,1.),
  .UNSPECIFIED.);
#7007 = CARTESIAN_POINT('',(5.026548060279,3.397250062943));
#7008 = CARTESIAN_POINT('',(4.984458491613,3.388745695444));
#7009 = CARTESIAN_POINT('',(4.942368697124,3.380241105785));
#7010 = CARTESIAN_POINT('',(4.900279340674,3.371736169328));
#7011 = CARTESIAN_POINT('',(4.858189574462,3.363230529842));
#7012 = CARTESIAN_POINT('',(4.770888736856,3.345587086413));
#7013 = CARTESIAN_POINT('',(4.725677069155,3.336449058096));
#7014 = CARTESIAN_POINT('',(4.680466065398,3.327310310003));
#7015 = CARTESIAN_POINT('',(4.635254497284,3.318170691511));
#7016 = CARTESIAN_POINT('',(4.551674466478,3.301273778365));
#7017 = CARTESIAN_POINT('',(4.513305608553,3.29351655555));
#7018 = CARTESIAN_POINT('',(4.474936776079,3.28575906885));
#7019 = CARTESIAN_POINT('',(4.436567981568,3.278001472506));
#7020 = CARTESIAN_POINT('',(4.398199164246,3.270243923933));
#7021 = ( GEOMETRIC_REPRESENTATION_CONTEXT(2) 
PARAMETRIC_REPRESENTATION_CONTEXT() REPRESENTATION_CONTEXT('2D SPACE',''
  ) );
#7022 = PCURVE('',#5439,#7023);
#7023 = DEFINITIONAL_REPRESENTATION('',(#7024),#7039);
#7024 = B_SPLINE_CURVE_WITH_KNOTS('',5,(#7025,#7026,#7027,#7028,#7029,
    #7030,#7031,#7032,#7033,#7034,#7035,#7036,#7037,#7038),
  .UNSPECIFIED.,.F.,.F.,(6,4,4,6),(0.,0.334921490359,0.694684693609,1.),
  .UNSPECIFIED.);
#7025 = CARTESIAN_POINT('',(2.,0.799999970478));
#7026 = CARTESIAN_POINT('',(1.999857130086,0.793303618096));
#7027 = CARTESIAN_POINT('',(1.999751818484,0.786607090786));
#7028 = CARTESIAN_POINT('',(1.999689611912,0.779910290406));
#7029 = CARTESIAN_POINT('',(1.999664776001,0.77321293646));
#7030 = CARTESIAN_POINT('',(1.999670796492,0.759320461276));
#7031 = CARTESIAN_POINT('',(1.999705953596,0.752125163366));
#7032 = CARTESIAN_POINT('',(1.999761188702,0.744929298704));
#7033 = CARTESIAN_POINT('',(1.999820198244,0.737732748688));
#7034 = CARTESIAN_POINT('',(1.999917191181,0.724428092626));
#7035 = CARTESIAN_POINT('',(1.999957055419,0.718320043147));
#7036 = CARTESIAN_POINT('',(1.99998555696,0.712211785885));
#7037 = CARTESIAN_POINT('',(1.99999966127,0.706103442289));
#7038 = CARTESIAN_POINT('',(2.,0.699995136308));
#7039 = ( GEOMETRIC_REPRESENTATION_CONTEXT(2) 
PARAMETRIC_REPRESENTATION_CONTEXT() REPRESENTATION_CONTEXT('2D SPACE',''
  ) );
#7040 = ORIENTED_EDGE('',*,*,#5380,.F.);
#7041 = ADVANCED_FACE('',(#7042),#3784,.F.);
#7042 = FACE_BOUND('',#7043,.F.);
#7043 = EDGE_LOOP('',(#7044,#7045));
#7044 = ORIENTED_EDGE('',*,*,#3750,.F.);
#7045 = ORIENTED_EDGE('',*,*,#5038,.F.);
#7046 = ADVANCED_FACE('',(#7047),#3917,.F.);
#7047 = FACE_BOUND('',#7048,.F.);
#7048 = EDGE_LOOP('',(#7049,#7050));
#7049 = ORIENTED_EDGE('',*,*,#3879,.F.);
#7050 = ORIENTED_EDGE('',*,*,#5008,.F.);
#7051 = ADVANCED_FACE('',(#7052),#4036,.F.);
#7052 = FACE_BOUND('',#7053,.F.);
#7053 = EDGE_LOOP('',(#7054,#7055));
#7054 = ORIENTED_EDGE('',*,*,#3992,.T.);
#7055 = ORIENTED_EDGE('',*,*,#4978,.F.);
#7056 = ADVANCED_FACE('',(#7057),#4236,.F.);
#7057 = FACE_BOUND('',#7058,.F.);
#7058 = EDGE_LOOP('',(#7059,#7060));
#7059 = ORIENTED_EDGE('',*,*,#4947,.F.);
#7060 = ORIENTED_EDGE('',*,*,#4192,.F.);
#7061 = ADVANCED_FACE('',(#7062),#4348,.F.);
#7062 = FACE_BOUND('',#7063,.F.);
#7063 = EDGE_LOOP('',(#7064,#7065));
#7064 = ORIENTED_EDGE('',*,*,#4917,.F.);
#7065 = ORIENTED_EDGE('',*,*,#4314,.F.);
#7066 = ADVANCED_FACE('',(#7067),#4454,.F.);
#7067 = FACE_BOUND('',#7068,.F.);
#7068 = EDGE_LOOP('',(#7069,#7070));
#7069 = ORIENTED_EDGE('',*,*,#4887,.F.);
#7070 = ORIENTED_EDGE('',*,*,#4422,.T.);
#7071 = ADVANCED_FACE('',(#7072),#4835,.F.);
#7072 = FACE_BOUND('',#7073,.F.);
#7073 = EDGE_LOOP('',(#7074,#7075,#7076,#7118));
#7074 = ORIENTED_EDGE('',*,*,#5143,.T.);
#7075 = ORIENTED_EDGE('',*,*,#4809,.T.);
#7076 = ORIENTED_EDGE('',*,*,#7077,.F.);
#7077 = EDGE_CURVE('',#5252,#4812,#7078,.T.);
#7078 = SURFACE_CURVE('',#7079,(#7082,#7089),.PCURVE_S1.);
#7079 = B_SPLINE_CURVE_WITH_KNOTS('',1,(#7080,#7081),.UNSPECIFIED.,.F.,
  .F.,(2,2),(3.,4.),.PIECEWISE_BEZIER_KNOTS.);
#7080 = CARTESIAN_POINT('',(2.562592336023,-8.726116330491E-12,
    3.254375100133));
#7081 = CARTESIAN_POINT('',(2.562592335961,-8.701940089018E-12,
    2.936875100133));
#7082 = PCURVE('',#4835,#7083);
#7083 = DEFINITIONAL_REPRESENTATION('',(#7084),#7088);
#7084 = LINE('',#7085,#7086);
#7085 = CARTESIAN_POINT('',(0.,1.));
#7086 = VECTOR('',#7087,1.);
#7087 = DIRECTION('',(1.,0.));
#7088 = ( GEOMETRIC_REPRESENTATION_CONTEXT(2) 
PARAMETRIC_REPRESENTATION_CONTEXT() REPRESENTATION_CONTEXT('2D SPACE',''
  ) );
#7089 = PCURVE('',#7090,#7113);
#7090 = ( BOUNDED_SURFACE() B_SPLINE_SURFACE(1,6,(
    (#7091,#7092,#7093,#7094,#7095,#7096,#7097,#7098,#7099,#7100,#7101)
    ,(#7102,#7103,#7104,#7105,#7106,#7107,#7108,#7109,#7110,#7111,#7112
)),.UNSPECIFIED.,.F.,.F.,.F.) B_SPLINE_SURFACE_WITH_KNOTS((2,2),(7,4,7),
(3.,4.),(0.,0.5,1.),.UNSPECIFIED.) GEOMETRIC_REPRESENTATION_ITEM() 
RATIONAL_B_SPLINE_SURFACE((
    (1.,1.,1.,1.,1.,1.,1.,1.,1.,1.,1.)
,(1.,1.,1.,1.,1.,1.,1.,1.,1.,1.,1.
  ))) REPRESENTATION_ITEM('') SURFACE() );
#7091 = CARTESIAN_POINT('',(2.562592336054,-1.702134912094E-11,
    3.254375100266));
#7092 = CARTESIAN_POINT('',(2.553543231519,1.341462414602,3.360208433604
    ));
#7093 = CARTESIAN_POINT('',(1.746129339302,2.682924829201,3.46604176724)
  );
#7094 = CARTESIAN_POINT('',(-1.521380666465E-02,3.370894531566,
    3.571875101269));
#7095 = CARTESIAN_POINT('',(-1.722903303581,2.682924829115,
    3.677708435265));
#7096 = CARTESIAN_POINT('',(-3.402281366952,-1.636320352364E-10,
    3.889375102578));
#7097 = CARTESIAN_POINT('',(-1.722903303284,-2.682924829362,
    4.101041768589));
#7098 = CARTESIAN_POINT('',(-1.521380625236E-02,-3.370894531726,
    4.206875101261));
#7099 = CARTESIAN_POINT('',(1.746129339762,-2.682924829276,
    4.312708433926));
#7100 = CARTESIAN_POINT('',(2.553543231995,-1.341462414636,
    4.418541766936));
#7101 = CARTESIAN_POINT('',(2.562592336546,-1.741284961072E-11,
    4.524375100266));
#7102 = CARTESIAN_POINT('',(2.562592335931,-1.697299448721E-11,
    2.936875100266));
#7103 = CARTESIAN_POINT('',(2.553543231396,1.341462414602,3.042708433604
    ));
#7104 = CARTESIAN_POINT('',(1.746129339179,2.682924829201,3.14854176724)
  );
#7105 = CARTESIAN_POINT('',(-1.521380678768E-02,3.370894531566,
    3.254375101269));
#7106 = CARTESIAN_POINT('',(-1.722903303704,2.682924829115,
    3.360208435265));
#7107 = CARTESIAN_POINT('',(-3.402281367075,-1.635836806026E-10,
    3.571875102578));
#7108 = CARTESIAN_POINT('',(-1.722903303407,-2.682924829362,
    3.783541768589));
#7109 = CARTESIAN_POINT('',(-1.521380637539E-02,-3.370894531726,
    3.889375101261));
#7110 = CARTESIAN_POINT('',(1.746129339639,-2.682924829276,
    3.995208433926));
#7111 = CARTESIAN_POINT('',(2.553543231872,-1.341462414636,
    4.101041766936));
#7112 = CARTESIAN_POINT('',(2.562592336423,-1.736449497698E-11,
    4.206875100266));
#7113 = DEFINITIONAL_REPRESENTATION('',(#7114),#7117);
#7114 = B_SPLINE_CURVE_WITH_KNOTS('',1,(#7115,#7116),.UNSPECIFIED.,.F.,
  .F.,(2,2),(3.,4.),.PIECEWISE_BEZIER_KNOTS.);
#7115 = CARTESIAN_POINT('',(3.,0.));
#7116 = CARTESIAN_POINT('',(4.,0.));
#7117 = ( GEOMETRIC_REPRESENTATION_CONTEXT(2) 
PARAMETRIC_REPRESENTATION_CONTEXT() REPRESENTATION_CONTEXT('2D SPACE',''
  ) );
#7118 = ORIENTED_EDGE('',*,*,#5251,.F.);
#7119 = ADVANCED_FACE('',(#7120),#5080,.F.);
#7120 = FACE_BOUND('',#7121,.F.);
#7121 = EDGE_LOOP('',(#7122,#7153,#7154,#7183,#7184,#7213,#7214,#7243,
    #7244,#7245,#7246,#7275,#7276,#7305,#7306,#7335));
#7122 = ORIENTED_EDGE('',*,*,#7123,.F.);
#7123 = EDGE_CURVE('',#4812,#7124,#7126,.T.);
#7124 = VERTEX_POINT('',#7125);
#7125 = CARTESIAN_POINT('',(2.562592336407,-2.150002273062E-11,
    4.206875100333));
#7126 = SURFACE_CURVE('',#7127,(#7139,#7146),.PCURVE_S1.);
#7127 = ( BOUNDED_CURVE() B_SPLINE_CURVE(6,(#7128,#7129,#7130,#7131,
    #7132,#7133,#7134,#7135,#7136,#7137,#7138),.UNSPECIFIED.,.F.,.F.) 
B_SPLINE_CURVE_WITH_KNOTS((7,4,7),(0.,0.5,1.),.UNSPECIFIED.) CURVE() 
GEOMETRIC_REPRESENTATION_ITEM() RATIONAL_B_SPLINE_CURVE((1.,1.,1.,1.,1.,
1.,1.,1.,1.,1.,1.)) REPRESENTATION_ITEM('') );
#7128 = CARTESIAN_POINT('',(2.562592335931,-1.697299448721E-11,
    2.936875100266));
#7129 = CARTESIAN_POINT('',(2.553543231396,1.341462414602,3.042708433604
    ));
#7130 = CARTESIAN_POINT('',(1.746129339179,2.682924829201,3.14854176724)
  );
#7131 = CARTESIAN_POINT('',(-1.521380678768E-02,3.370894531566,
    3.254375101269));
#7132 = CARTESIAN_POINT('',(-1.722903303704,2.682924829115,
    3.360208435265));
#7133 = CARTESIAN_POINT('',(-3.402281367075,-1.635836806026E-10,
    3.571875102578));
#7134 = CARTESIAN_POINT('',(-1.722903303407,-2.682924829362,
    3.783541768589));
#7135 = CARTESIAN_POINT('',(-1.521380637539E-02,-3.370894531726,
    3.889375101261));
#7136 = CARTESIAN_POINT('',(1.746129339639,-2.682924829276,
    3.995208433926));
#7137 = CARTESIAN_POINT('',(2.553543231872,-1.341462414636,
    4.101041766936));
#7138 = CARTESIAN_POINT('',(2.562592336423,-1.736449497698E-11,
    4.206875100266));
#7139 = PCURVE('',#5080,#7140);
#7140 = DEFINITIONAL_REPRESENTATION('',(#7141),#7145);
#7141 = LINE('',#7142,#7143);
#7142 = CARTESIAN_POINT('',(4.,0.));
#7143 = VECTOR('',#7144,1.);
#7144 = DIRECTION('',(0.,1.));
#7145 = ( GEOMETRIC_REPRESENTATION_CONTEXT(2) 
PARAMETRIC_REPRESENTATION_CONTEXT() REPRESENTATION_CONTEXT('2D SPACE',''
  ) );
#7146 = PCURVE('',#7090,#7147);
#7147 = DEFINITIONAL_REPRESENTATION('',(#7148),#7152);
#7148 = LINE('',#7149,#7150);
#7149 = CARTESIAN_POINT('',(4.,0.));
#7150 = VECTOR('',#7151,1.);
#7151 = DIRECTION('',(0.,1.));
#7152 = ( GEOMETRIC_REPRESENTATION_CONTEXT(2) 
PARAMETRIC_REPRESENTATION_CONTEXT() REPRESENTATION_CONTEXT('2D SPACE',''
  ) );
#7153 = ORIENTED_EDGE('',*,*,#5067,.T.);
#7154 = ORIENTED_EDGE('',*,*,#7155,.T.);
#7155 = EDGE_CURVE('',#3723,#6656,#7156,.T.);
#7156 = SURFACE_CURVE('',#7157,(#7169,#7176),.PCURVE_S1.);
#7157 = ( BOUNDED_CURVE() B_SPLINE_CURVE(6,(#7158,#7159,#7160,#7161,
    #7162,#7163,#7164,#7165,#7166,#7167,#7168),.UNSPECIFIED.,.F.,.F.) 
B_SPLINE_CURVE_WITH_KNOTS((7,4,7),(0.,0.5,1.),.UNSPECIFIED.) CURVE() 
GEOMETRIC_REPRESENTATION_ITEM() RATIONAL_B_SPLINE_CURVE((1.,1.,1.,1.,1.,
1.,1.,1.,1.,1.,1.)) REPRESENTATION_ITEM('') );
#7158 = CARTESIAN_POINT('',(3.250000000031,-1.475527969844E-14,2.5400001
    ));
#7159 = CARTESIAN_POINT('',(3.238523500708,1.701305661014,2.645833433338
    ));
#7160 = CARTESIAN_POINT('',(2.214523266631,3.402611322003,2.751666767058
    ));
#7161 = CARTESIAN_POINT('',(-1.929486443575E-02,4.275126821481,
    2.857500101271));
#7162 = CARTESIAN_POINT('',(-2.185066918233,3.402611321895,
    2.963333435444));
#7163 = CARTESIAN_POINT('',(-4.31493308138,-1.866152137806E-10,
    3.175000102931));
#7164 = CARTESIAN_POINT('',(-2.185066917901,-3.402611322163,
    3.386666768768));
#7165 = CARTESIAN_POINT('',(-1.929486397884E-02,-4.275126821643,
    3.492500101262));
#7166 = CARTESIAN_POINT('',(2.214523267127,-3.402611322055,
    3.598333433744));
#7167 = CARTESIAN_POINT('',(3.238523501202,-1.701305661015,
    3.704166766671));
#7168 = CARTESIAN_POINT('',(3.250000000523,-2.092872314613E-13,3.8100001
    ));
#7169 = PCURVE('',#5080,#7170);
#7170 = DEFINITIONAL_REPRESENTATION('',(#7171),#7175);
#7171 = LINE('',#7172,#7173);
#7172 = CARTESIAN_POINT('',(5.,0.));
#7173 = VECTOR('',#7174,1.);
#7174 = DIRECTION('',(0.,1.));
#7175 = ( GEOMETRIC_REPRESENTATION_CONTEXT(2) 
PARAMETRIC_REPRESENTATION_CONTEXT() REPRESENTATION_CONTEXT('2D SPACE',''
  ) );
#7176 = PCURVE('',#6722,#7177);
#7177 = DEFINITIONAL_REPRESENTATION('',(#7178),#7182);
#7178 = LINE('',#7179,#7180);
#7179 = CARTESIAN_POINT('',(5.,0.));
#7180 = VECTOR('',#7181,1.);
#7181 = DIRECTION('',(0.,1.));
#7182 = ( GEOMETRIC_REPRESENTATION_CONTEXT(2) 
PARAMETRIC_REPRESENTATION_CONTEXT() REPRESENTATION_CONTEXT('2D SPACE',''
  ) );
#7183 = ORIENTED_EDGE('',*,*,#6655,.T.);
#7184 = ORIENTED_EDGE('',*,*,#7185,.T.);
#7185 = EDGE_CURVE('',#6577,#6543,#7186,.T.);
#7186 = SURFACE_CURVE('',#7187,(#7199,#7206),.PCURVE_S1.);
#7187 = ( BOUNDED_CURVE() B_SPLINE_CURVE(6,(#7188,#7189,#7190,#7191,
    #7192,#7193,#7194,#7195,#7196,#7197,#7198),.UNSPECIFIED.,.F.,.F.) 
B_SPLINE_CURVE_WITH_KNOTS((7,4,7),(0.,0.5,1.),.UNSPECIFIED.) CURVE() 
GEOMETRIC_REPRESENTATION_ITEM() RATIONAL_B_SPLINE_CURVE((1.,1.,1.,1.,1.,
1.,1.,1.,1.,1.,1.)) REPRESENTATION_ITEM('') );
#7188 = CARTESIAN_POINT('',(3.250000000031,-1.475527969844E-14,2.5400001
    ));
#7189 = CARTESIAN_POINT('',(3.238523500708,1.701305661014,2.645833433338
    ));
#7190 = CARTESIAN_POINT('',(2.214523266631,3.402611322003,2.751666767058
    ));
#7191 = CARTESIAN_POINT('',(-1.929486443575E-02,4.275126821481,
    2.857500101271));
#7192 = CARTESIAN_POINT('',(-2.185066918233,3.402611321895,
    2.963333435444));
#7193 = CARTESIAN_POINT('',(-4.31493308138,-1.866152137806E-10,
    3.175000102931));
#7194 = CARTESIAN_POINT('',(-2.185066917901,-3.402611322163,
    3.386666768768));
#7195 = CARTESIAN_POINT('',(-1.929486397884E-02,-4.275126821643,
    3.492500101262));
#7196 = CARTESIAN_POINT('',(2.214523267127,-3.402611322055,
    3.598333433744));
#7197 = CARTESIAN_POINT('',(3.238523501202,-1.701305661015,
    3.704166766671));
#7198 = CARTESIAN_POINT('',(3.250000000523,-2.092872314613E-13,3.8100001
    ));
#7199 = PCURVE('',#5080,#7200);
#7200 = DEFINITIONAL_REPRESENTATION('',(#7201),#7205);
#7201 = LINE('',#7202,#7203);
#7202 = CARTESIAN_POINT('',(5.,0.));
#7203 = VECTOR('',#7204,1.);
#7204 = DIRECTION('',(0.,1.));
#7205 = ( GEOMETRIC_REPRESENTATION_CONTEXT(2) 
PARAMETRIC_REPRESENTATION_CONTEXT() REPRESENTATION_CONTEXT('2D SPACE',''
  ) );
#7206 = PCURVE('',#6614,#7207);
#7207 = DEFINITIONAL_REPRESENTATION('',(#7208),#7212);
#7208 = LINE('',#7209,#7210);
#7209 = CARTESIAN_POINT('',(5.,0.));
#7210 = VECTOR('',#7211,1.);
#7211 = DIRECTION('',(0.,1.));
#7212 = ( GEOMETRIC_REPRESENTATION_CONTEXT(2) 
PARAMETRIC_REPRESENTATION_CONTEXT() REPRESENTATION_CONTEXT('2D SPACE',''
  ) );
#7213 = ORIENTED_EDGE('',*,*,#6542,.T.);
#7214 = ORIENTED_EDGE('',*,*,#7215,.T.);
#7215 = EDGE_CURVE('',#6455,#6399,#7216,.T.);
#7216 = SURFACE_CURVE('',#7217,(#7229,#7236),.PCURVE_S1.);
#7217 = ( BOUNDED_CURVE() B_SPLINE_CURVE(6,(#7218,#7219,#7220,#7221,
    #7222,#7223,#7224,#7225,#7226,#7227,#7228),.UNSPECIFIED.,.F.,.F.) 
B_SPLINE_CURVE_WITH_KNOTS((7,4,7),(0.,0.5,1.),.UNSPECIFIED.) CURVE() 
GEOMETRIC_REPRESENTATION_ITEM() RATIONAL_B_SPLINE_CURVE((1.,1.,1.,1.,1.,
1.,1.,1.,1.,1.,1.)) REPRESENTATION_ITEM('') );
#7218 = CARTESIAN_POINT('',(3.250000000031,-1.475527969844E-14,2.5400001
    ));
#7219 = CARTESIAN_POINT('',(3.238523500708,1.701305661014,2.645833433338
    ));
#7220 = CARTESIAN_POINT('',(2.214523266631,3.402611322003,2.751666767058
    ));
#7221 = CARTESIAN_POINT('',(-1.929486443575E-02,4.275126821481,
    2.857500101271));
#7222 = CARTESIAN_POINT('',(-2.185066918233,3.402611321895,
    2.963333435444));
#7223 = CARTESIAN_POINT('',(-4.31493308138,-1.866152137806E-10,
    3.175000102931));
#7224 = CARTESIAN_POINT('',(-2.185066917901,-3.402611322163,
    3.386666768768));
#7225 = CARTESIAN_POINT('',(-1.929486397884E-02,-4.275126821643,
    3.492500101262));
#7226 = CARTESIAN_POINT('',(2.214523267127,-3.402611322055,
    3.598333433744));
#7227 = CARTESIAN_POINT('',(3.238523501202,-1.701305661015,
    3.704166766671));
#7228 = CARTESIAN_POINT('',(3.250000000523,-2.092872314613E-13,3.8100001
    ));
#7229 = PCURVE('',#5080,#7230);
#7230 = DEFINITIONAL_REPRESENTATION('',(#7231),#7235);
#7231 = LINE('',#7232,#7233);
#7232 = CARTESIAN_POINT('',(5.,0.));
#7233 = VECTOR('',#7234,1.);
#7234 = DIRECTION('',(0.,1.));
#7235 = ( GEOMETRIC_REPRESENTATION_CONTEXT(2) 
PARAMETRIC_REPRESENTATION_CONTEXT() REPRESENTATION_CONTEXT('2D SPACE',''
  ) );
#7236 = PCURVE('',#6498,#7237);
#7237 = DEFINITIONAL_REPRESENTATION('',(#7238),#7242);
#7238 = LINE('',#7239,#7240);
#7239 = CARTESIAN_POINT('',(5.,0.));
#7240 = VECTOR('',#7241,1.);
#7241 = DIRECTION('',(0.,1.));
#7242 = ( GEOMETRIC_REPRESENTATION_CONTEXT(2) 
PARAMETRIC_REPRESENTATION_CONTEXT() REPRESENTATION_CONTEXT('2D SPACE',''
  ) );
#7243 = ORIENTED_EDGE('',*,*,#6398,.T.);
#7244 = ORIENTED_EDGE('',*,*,#6364,.T.);
#7245 = ORIENTED_EDGE('',*,*,#6308,.F.);
#7246 = ORIENTED_EDGE('',*,*,#7247,.T.);
#7247 = EDGE_CURVE('',#6221,#6187,#7248,.T.);
#7248 = SURFACE_CURVE('',#7249,(#7261,#7268),.PCURVE_S1.);
#7249 = ( BOUNDED_CURVE() B_SPLINE_CURVE(6,(#7250,#7251,#7252,#7253,
    #7254,#7255,#7256,#7257,#7258,#7259,#7260),.UNSPECIFIED.,.F.,.F.) 
B_SPLINE_CURVE_WITH_KNOTS((7,4,7),(0.,0.5,1.),.UNSPECIFIED.) CURVE() 
GEOMETRIC_REPRESENTATION_ITEM() RATIONAL_B_SPLINE_CURVE((1.,1.,1.,1.,1.,
1.,1.,1.,1.,1.,1.)) REPRESENTATION_ITEM('') );
#7250 = CARTESIAN_POINT('',(3.250000000031,-1.475527969844E-14,2.5400001
    ));
#7251 = CARTESIAN_POINT('',(3.238523500708,1.701305661014,2.645833433338
    ));
#7252 = CARTESIAN_POINT('',(2.214523266631,3.402611322003,2.751666767058
    ));
#7253 = CARTESIAN_POINT('',(-1.929486443575E-02,4.275126821481,
    2.857500101271));
#7254 = CARTESIAN_POINT('',(-2.185066918233,3.402611321895,
    2.963333435444));
#7255 = CARTESIAN_POINT('',(-4.31493308138,-1.866152137806E-10,
    3.175000102931));
#7256 = CARTESIAN_POINT('',(-2.185066917901,-3.402611322163,
    3.386666768768));
#7257 = CARTESIAN_POINT('',(-1.929486397884E-02,-4.275126821643,
    3.492500101262));
#7258 = CARTESIAN_POINT('',(2.214523267127,-3.402611322055,
    3.598333433744));
#7259 = CARTESIAN_POINT('',(3.238523501202,-1.701305661015,
    3.704166766671));
#7260 = CARTESIAN_POINT('',(3.250000000523,-2.092872314613E-13,3.8100001
    ));
#7261 = PCURVE('',#5080,#7262);
#7262 = DEFINITIONAL_REPRESENTATION('',(#7263),#7267);
#7263 = LINE('',#7264,#7265);
#7264 = CARTESIAN_POINT('',(5.,0.));
#7265 = VECTOR('',#7266,1.);
#7266 = DIRECTION('',(0.,1.));
#7267 = ( GEOMETRIC_REPRESENTATION_CONTEXT(2) 
PARAMETRIC_REPRESENTATION_CONTEXT() REPRESENTATION_CONTEXT('2D SPACE',''
  ) );
#7268 = PCURVE('',#6264,#7269);
#7269 = DEFINITIONAL_REPRESENTATION('',(#7270),#7274);
#7270 = LINE('',#7271,#7272);
#7271 = CARTESIAN_POINT('',(5.,0.));
#7272 = VECTOR('',#7273,1.);
#7273 = DIRECTION('',(0.,1.));
#7274 = ( GEOMETRIC_REPRESENTATION_CONTEXT(2) 
PARAMETRIC_REPRESENTATION_CONTEXT() REPRESENTATION_CONTEXT('2D SPACE',''
  ) );
#7275 = ORIENTED_EDGE('',*,*,#6186,.T.);
#7276 = ORIENTED_EDGE('',*,*,#7277,.T.);
#7277 = EDGE_CURVE('',#6108,#6052,#7278,.T.);
#7278 = SURFACE_CURVE('',#7279,(#7291,#7298),.PCURVE_S1.);
#7279 = ( BOUNDED_CURVE() B_SPLINE_CURVE(6,(#7280,#7281,#7282,#7283,
    #7284,#7285,#7286,#7287,#7288,#7289,#7290),.UNSPECIFIED.,.F.,.F.) 
B_SPLINE_CURVE_WITH_KNOTS((7,4,7),(0.,0.5,1.),.UNSPECIFIED.) CURVE() 
GEOMETRIC_REPRESENTATION_ITEM() RATIONAL_B_SPLINE_CURVE((1.,1.,1.,1.,1.,
1.,1.,1.,1.,1.,1.)) REPRESENTATION_ITEM('') );
#7280 = CARTESIAN_POINT('',(3.250000000031,-1.475527969844E-14,2.5400001
    ));
#7281 = CARTESIAN_POINT('',(3.238523500708,1.701305661014,2.645833433338
    ));
#7282 = CARTESIAN_POINT('',(2.214523266631,3.402611322003,2.751666767058
    ));
#7283 = CARTESIAN_POINT('',(-1.929486443575E-02,4.275126821481,
    2.857500101271));
#7284 = CARTESIAN_POINT('',(-2.185066918233,3.402611321895,
    2.963333435444));
#7285 = CARTESIAN_POINT('',(-4.31493308138,-1.866152137806E-10,
    3.175000102931));
#7286 = CARTESIAN_POINT('',(-2.185066917901,-3.402611322163,
    3.386666768768));
#7287 = CARTESIAN_POINT('',(-1.929486397884E-02,-4.275126821643,
    3.492500101262));
#7288 = CARTESIAN_POINT('',(2.214523267127,-3.402611322055,
    3.598333433744));
#7289 = CARTESIAN_POINT('',(3.238523501202,-1.701305661015,
    3.704166766671));
#7290 = CARTESIAN_POINT('',(3.250000000523,-2.092872314613E-13,3.8100001
    ));
#7291 = PCURVE('',#5080,#7292);
#7292 = DEFINITIONAL_REPRESENTATION('',(#7293),#7297);
#7293 = LINE('',#7294,#7295);
#7294 = CARTESIAN_POINT('',(5.,0.));
#7295 = VECTOR('',#7296,1.);
#7296 = DIRECTION('',(0.,1.));
#7297 = ( GEOMETRIC_REPRESENTATION_CONTEXT(2) 
PARAMETRIC_REPRESENTATION_CONTEXT() REPRESENTATION_CONTEXT('2D SPACE',''
  ) );
#7298 = PCURVE('',#6145,#7299);
#7299 = DEFINITIONAL_REPRESENTATION('',(#7300),#7304);
#7300 = LINE('',#7301,#7302);
#7301 = CARTESIAN_POINT('',(5.,0.));
#7302 = VECTOR('',#7303,1.);
#7303 = DIRECTION('',(0.,1.));
#7304 = ( GEOMETRIC_REPRESENTATION_CONTEXT(2) 
PARAMETRIC_REPRESENTATION_CONTEXT() REPRESENTATION_CONTEXT('2D SPACE',''
  ) );
#7305 = ORIENTED_EDGE('',*,*,#6051,.T.);
#7306 = ORIENTED_EDGE('',*,*,#7307,.T.);
#7307 = EDGE_CURVE('',#5979,#5951,#7308,.T.);
#7308 = SURFACE_CURVE('',#7309,(#7321,#7328),.PCURVE_S1.);
#7309 = ( BOUNDED_CURVE() B_SPLINE_CURVE(6,(#7310,#7311,#7312,#7313,
    #7314,#7315,#7316,#7317,#7318,#7319,#7320),.UNSPECIFIED.,.F.,.F.) 
B_SPLINE_CURVE_WITH_KNOTS((7,4,7),(0.,0.5,1.),.UNSPECIFIED.) CURVE() 
GEOMETRIC_REPRESENTATION_ITEM() RATIONAL_B_SPLINE_CURVE((1.,1.,1.,1.,1.,
1.,1.,1.,1.,1.,1.)) REPRESENTATION_ITEM('') );
#7310 = CARTESIAN_POINT('',(3.250000000031,-1.475527969844E-14,2.5400001
    ));
#7311 = CARTESIAN_POINT('',(3.238523500708,1.701305661014,2.645833433338
    ));
#7312 = CARTESIAN_POINT('',(2.214523266631,3.402611322003,2.751666767058
    ));
#7313 = CARTESIAN_POINT('',(-1.929486443575E-02,4.275126821481,
    2.857500101271));
#7314 = CARTESIAN_POINT('',(-2.185066918233,3.402611321895,
    2.963333435444));
#7315 = CARTESIAN_POINT('',(-4.31493308138,-1.866152137806E-10,
    3.175000102931));
#7316 = CARTESIAN_POINT('',(-2.185066917901,-3.402611322163,
    3.386666768768));
#7317 = CARTESIAN_POINT('',(-1.929486397884E-02,-4.275126821643,
    3.492500101262));
#7318 = CARTESIAN_POINT('',(2.214523267127,-3.402611322055,
    3.598333433744));
#7319 = CARTESIAN_POINT('',(3.238523501202,-1.701305661015,
    3.704166766671));
#7320 = CARTESIAN_POINT('',(3.250000000523,-2.092872314613E-13,3.8100001
    ));
#7321 = PCURVE('',#5080,#7322);
#7322 = DEFINITIONAL_REPRESENTATION('',(#7323),#7327);
#7323 = LINE('',#7324,#7325);
#7324 = CARTESIAN_POINT('',(5.,0.));
#7325 = VECTOR('',#7326,1.);
#7326 = DIRECTION('',(0.,1.));
#7327 = ( GEOMETRIC_REPRESENTATION_CONTEXT(2) 
PARAMETRIC_REPRESENTATION_CONTEXT() REPRESENTATION_CONTEXT('2D SPACE',''
  ) );
#7328 = PCURVE('',#6012,#7329);
#7329 = DEFINITIONAL_REPRESENTATION('',(#7330),#7334);
#7330 = LINE('',#7331,#7332);
#7331 = CARTESIAN_POINT('',(5.,0.));
#7332 = VECTOR('',#7333,1.);
#7333 = DIRECTION('',(0.,1.));
#7334 = ( GEOMETRIC_REPRESENTATION_CONTEXT(2) 
PARAMETRIC_REPRESENTATION_CONTEXT() REPRESENTATION_CONTEXT('2D SPACE',''
  ) );
#7335 = ORIENTED_EDGE('',*,*,#7336,.F.);
#7336 = EDGE_CURVE('',#7124,#5951,#7337,.T.);
#7337 = SURFACE_CURVE('',#7338,(#7341,#7348),.PCURVE_S1.);
#7338 = B_SPLINE_CURVE_WITH_KNOTS('',1,(#7339,#7340),.UNSPECIFIED.,.F.,
  .F.,(2,2),(4.,5.),.PIECEWISE_BEZIER_KNOTS.);
#7339 = CARTESIAN_POINT('',(2.562592336423,-1.736449497698E-11,
    4.206875100266));
#7340 = CARTESIAN_POINT('',(3.250000000523,-2.092872314613E-13,3.8100001
    ));
#7341 = PCURVE('',#5080,#7342);
#7342 = DEFINITIONAL_REPRESENTATION('',(#7343),#7347);
#7343 = LINE('',#7344,#7345);
#7344 = CARTESIAN_POINT('',(0.,1.));
#7345 = VECTOR('',#7346,1.);
#7346 = DIRECTION('',(1.,0.));
#7347 = ( GEOMETRIC_REPRESENTATION_CONTEXT(2) 
PARAMETRIC_REPRESENTATION_CONTEXT() REPRESENTATION_CONTEXT('2D SPACE',''
  ) );
#7348 = PCURVE('',#7349,#7372);
#7349 = ( BOUNDED_SURFACE() B_SPLINE_SURFACE(1,6,(
    (#7350,#7351,#7352,#7353,#7354,#7355,#7356,#7357,#7358,#7359,#7360)
    ,(#7361,#7362,#7363,#7364,#7365,#7366,#7367,#7368,#7369,#7370,#7371
)),.UNSPECIFIED.,.F.,.F.,.F.) B_SPLINE_SURFACE_WITH_KNOTS((2,2),(7,4,7),
(4.,5.),(0.,0.5,1.),.UNSPECIFIED.) GEOMETRIC_REPRESENTATION_ITEM() 
RATIONAL_B_SPLINE_SURFACE((
    (1.,1.,1.,1.,1.,1.,1.,1.,1.,1.,1.)
,(1.,1.,1.,1.,1.,1.,1.,1.,1.,1.,1.
  ))) REPRESENTATION_ITEM('') SURFACE() );
#7350 = CARTESIAN_POINT('',(2.562592336392,-2.563555048426E-11,
    4.2068751004));
#7351 = CARTESIAN_POINT('',(2.553543231861,1.341462414593,4.312708433739
    ));
#7352 = CARTESIAN_POINT('',(1.746129339648,2.682924829182,4.418541767531
    ));
#7353 = CARTESIAN_POINT('',(-1.521380630639E-02,3.370894531525,
    4.524375101902));
#7354 = CARTESIAN_POINT('',(-1.722903303193,2.682924829053,
    4.630208436229));
#7355 = CARTESIAN_POINT('',(-3.402281366491,-2.458794505798E-10,
    4.841875103867));
#7356 = CARTESIAN_POINT('',(-1.722903302749,-2.682924829423,
    5.053541769552));
#7357 = CARTESIAN_POINT('',(-1.521380568789E-02,-3.370894531767,
    5.159375101893));
#7358 = CARTESIAN_POINT('',(1.746129340339,-2.682924829295,
    5.265208434217));
#7359 = CARTESIAN_POINT('',(2.553543232576,-1.341462414645,
    5.371041767071));
#7360 = CARTESIAN_POINT('',(2.56259233713,-2.612375567047E-11,
    5.4768751004));
#7361 = CARTESIAN_POINT('',(3.250000000415,-1.669789267684E-13,3.8100001
    ));
#7362 = CARTESIAN_POINT('',(3.238523501092,1.701305661014,3.915833433341
    ));
#7363 = CARTESIAN_POINT('',(2.214523267014,3.40261132199,4.021666767259)
  );
#7364 = CARTESIAN_POINT('',(-1.92948640425E-02,4.275126821441,
    4.127500101905));
#7365 = CARTESIAN_POINT('',(-2.185066917808,3.402611321827,
    4.233333436497));
#7366 = CARTESIAN_POINT('',(-4.314933080872,-2.801395685786E-10,
    4.445000104397));
#7367 = CARTESIAN_POINT('',(-2.18506691731,-3.40261132223,4.656666769821
    ));
#7368 = CARTESIAN_POINT('',(-1.929486335708E-02,-4.275126821683,
    4.762500101895));
#7369 = CARTESIAN_POINT('',(2.214523267758,-3.402611322068,
    4.868333433944));
#7370 = CARTESIAN_POINT('',(3.238523501833,-1.701305661015,
    4.974166766673));
#7371 = CARTESIAN_POINT('',(3.250000001153,-4.582155749723E-13,5.0800001
    ));
#7372 = DEFINITIONAL_REPRESENTATION('',(#7373),#7376);
#7373 = B_SPLINE_CURVE_WITH_KNOTS('',1,(#7374,#7375),.UNSPECIFIED.,.F.,
  .F.,(2,2),(4.,5.),.PIECEWISE_BEZIER_KNOTS.);
#7374 = CARTESIAN_POINT('',(4.,0.));
#7375 = CARTESIAN_POINT('',(5.,0.));
#7376 = ( GEOMETRIC_REPRESENTATION_CONTEXT(2) 
PARAMETRIC_REPRESENTATION_CONTEXT() REPRESENTATION_CONTEXT('2D SPACE',''
  ) );
#7377 = ADVANCED_FACE('',(#7378),#5220,.F.);
#7378 = FACE_BOUND('',#7379,.F.);
#7379 = EDGE_LOOP('',(#7380,#7381));
#7380 = ORIENTED_EDGE('',*,*,#6762,.F.);
#7381 = ORIENTED_EDGE('',*,*,#5196,.T.);
#7382 = ADVANCED_FACE('',(#7383),#5815,.F.);
#7383 = FACE_BOUND('',#7384,.F.);
#7384 = EDGE_LOOP('',(#7385,#7386));
#7385 = ORIENTED_EDGE('',*,*,#6811,.F.);
#7386 = ORIENTED_EDGE('',*,*,#5791,.T.);
#7387 = ADVANCED_FACE('',(#7388),#5727,.F.);
#7388 = FACE_BOUND('',#7389,.F.);
#7389 = EDGE_LOOP('',(#7390,#7391));
#7390 = ORIENTED_EDGE('',*,*,#6866,.F.);
#7391 = ORIENTED_EDGE('',*,*,#5703,.T.);
#7392 = ADVANCED_FACE('',(#7393),#5527,.F.);
#7393 = FACE_BOUND('',#7394,.F.);
#7394 = EDGE_LOOP('',(#7395,#7396));
#7395 = ORIENTED_EDGE('',*,*,#5503,.T.);
#7396 = ORIENTED_EDGE('',*,*,#6923,.F.);
#7397 = ADVANCED_FACE('',(#7398),#5439,.F.);
#7398 = FACE_BOUND('',#7399,.F.);
#7399 = EDGE_LOOP('',(#7400,#7401));
#7400 = ORIENTED_EDGE('',*,*,#5415,.T.);
#7401 = ORIENTED_EDGE('',*,*,#6987,.T.);
#7402 = ADVANCED_FACE('',(#7403),#5350,.F.);
#7403 = FACE_BOUND('',#7404,.F.);
#7404 = EDGE_LOOP('',(#7405,#7406));
#7405 = ORIENTED_EDGE('',*,*,#5326,.T.);
#7406 = ORIENTED_EDGE('',*,*,#5902,.T.);
#7407 = ADVANCED_FACE('',(#7408),#5297,.F.);
#7408 = FACE_BOUND('',#7409,.F.);
#7409 = EDGE_LOOP('',(#7410,#7464,#7465,#7496,#7540,#7594,#7629,#7683,
    #7717,#7771,#7904,#7958,#7992,#8046));
#7410 = ORIENTED_EDGE('',*,*,#7411,.F.);
#7411 = EDGE_CURVE('',#5283,#7412,#7414,.T.);
#7412 = VERTEX_POINT('',#7413);
#7413 = CARTESIAN_POINT('',(2.629305428056,1.910301799715,3.778250079471
    ));
#7414 = SURFACE_CURVE('',#7415,(#7427,#7434),.PCURVE_S1.);
#7415 = ( BOUNDED_CURVE() B_SPLINE_CURVE(6,(#7416,#7417,#7418,#7419,
    #7420,#7421,#7422,#7423,#7424,#7425,#7426),.UNSPECIFIED.,.F.,.F.) 
B_SPLINE_CURVE_WITH_KNOTS((7,4,7),(0.,0.5,1.),.UNSPECIFIED.) CURVE() 
GEOMETRIC_REPRESENTATION_ITEM() RATIONAL_B_SPLINE_CURVE((1.,1.,1.,1.,1.,
1.,1.,1.,1.,1.,1.)) REPRESENTATION_ITEM('') );
#7416 = CARTESIAN_POINT('',(3.250000000461,-1.839964977754E-13,3.6512501
    ));
#7417 = CARTESIAN_POINT('',(3.238523501139,1.701305661014,3.757083433338
    ));
#7418 = CARTESIAN_POINT('',(2.214523267061,3.402611322003,3.862916767059
    ));
#7419 = CARTESIAN_POINT('',(-1.929486400514E-02,4.275126821481,
    3.968750101271));
#7420 = CARTESIAN_POINT('',(-2.185066917802,3.402611321894,
    4.074583435444));
#7421 = CARTESIAN_POINT('',(-4.314933080949,-1.867844549987E-10,
    4.286250102931));
#7422 = CARTESIAN_POINT('',(-2.18506691747,-3.402611322163,
    4.497916768768));
#7423 = CARTESIAN_POINT('',(-1.929486354823E-02,-4.275126821643,
    4.603750101262));
#7424 = CARTESIAN_POINT('',(2.214523267557,-3.402611322055,
    4.709583433744));
#7425 = CARTESIAN_POINT('',(3.238523501633,-1.701305661015,
    4.815416766671));
#7426 = CARTESIAN_POINT('',(3.250000000953,-3.785284495383E-13,4.9212501
    ));
#7427 = PCURVE('',#5297,#7428);
#7428 = DEFINITIONAL_REPRESENTATION('',(#7429),#7433);
#7429 = LINE('',#7430,#7431);
#7430 = CARTESIAN_POINT('',(2.,0.));
#7431 = VECTOR('',#7432,1.);
#7432 = DIRECTION('',(0.,1.));
#7433 = ( GEOMETRIC_REPRESENTATION_CONTEXT(2) 
PARAMETRIC_REPRESENTATION_CONTEXT() REPRESENTATION_CONTEXT('2D SPACE',''
  ) );
#7434 = PCURVE('',#7435,#7458);
#7435 = ( BOUNDED_SURFACE() B_SPLINE_SURFACE(1,6,(
    (#7436,#7437,#7438,#7439,#7440,#7441,#7442,#7443,#7444,#7445,#7446)
    ,(#7447,#7448,#7449,#7450,#7451,#7452,#7453,#7454,#7455,#7456,#7457
)),.UNSPECIFIED.,.F.,.F.,.F.) B_SPLINE_SURFACE_WITH_KNOTS((2,2),(7,4,7),
(1.,2.),(0.,0.5,1.),.UNSPECIFIED.) GEOMETRIC_REPRESENTATION_ITEM() 
RATIONAL_B_SPLINE_SURFACE((
    (1.,1.,1.,1.,1.,1.,1.,1.,1.,1.,1.)
,(1.,1.,1.,1.,1.,1.,1.,1.,1.,1.,1.
  ))) REPRESENTATION_ITEM('') SURFACE() );
#7436 = CARTESIAN_POINT('',(3.450000000461,4.732386252679E-12,
    3.651250099923));
#7437 = CARTESIAN_POINT('',(3.437817255074,1.806001394019,3.757083433261
    ));
#7438 = CARTESIAN_POINT('',(2.350801621803,3.612002788007,3.862916767006
    ));
#7439 = CARTESIAN_POINT('',(-2.04822402032E-02,4.53821154891,
    3.968750101272));
#7440 = CARTESIAN_POINT('',(-2.319532574328,3.612002787892,
    4.074583435496));
#7441 = CARTESIAN_POINT('',(-4.580467424428,-1.936199698901E-10,
    4.286250103034));
#7442 = CARTESIAN_POINT('',(-2.319532573986,-3.612002788167,
    4.49791676882));
#7443 = CARTESIAN_POINT('',(-2.048223973324E-02,-4.538211549073,
    4.603750101263));
#7444 = CARTESIAN_POINT('',(2.350801622309,-3.612002788052,
    4.709583433691));
#7445 = CARTESIAN_POINT('',(3.437817255574,-1.80600139401,4.815416766593
    ));
#7446 = CARTESIAN_POINT('',(3.450000000953,4.595161936036E-12,
    4.921250099923));
#7447 = CARTESIAN_POINT('',(3.250000000461,-1.839964977754E-13,3.6512501
    ));
#7448 = CARTESIAN_POINT('',(3.238523501139,1.701305661014,3.757083433338
    ));
#7449 = CARTESIAN_POINT('',(2.214523267061,3.402611322003,3.862916767059
    ));
#7450 = CARTESIAN_POINT('',(-1.929486400514E-02,4.275126821481,
    3.968750101271));
#7451 = CARTESIAN_POINT('',(-2.185066917802,3.402611321894,
    4.074583435444));
#7452 = CARTESIAN_POINT('',(-4.314933080949,-1.867844549987E-10,
    4.286250102931));
#7453 = CARTESIAN_POINT('',(-2.18506691747,-3.402611322163,
    4.497916768768));
#7454 = CARTESIAN_POINT('',(-1.929486354823E-02,-4.275126821643,
    4.603750101262));
#7455 = CARTESIAN_POINT('',(2.214523267557,-3.402611322055,
    4.709583433744));
#7456 = CARTESIAN_POINT('',(3.238523501633,-1.701305661015,
    4.815416766671));
#7457 = CARTESIAN_POINT('',(3.250000000953,-3.785284495383E-13,4.9212501
    ));
#7458 = DEFINITIONAL_REPRESENTATION('',(#7459),#7463);
#7459 = LINE('',#7460,#7461);
#7460 = CARTESIAN_POINT('',(2.,0.));
#7461 = VECTOR('',#7462,1.);
#7462 = DIRECTION('',(0.,1.));
#7463 = ( GEOMETRIC_REPRESENTATION_CONTEXT(2) 
PARAMETRIC_REPRESENTATION_CONTEXT() REPRESENTATION_CONTEXT('2D SPACE',''
  ) );
#7464 = ORIENTED_EDGE('',*,*,#5282,.T.);
#7465 = ORIENTED_EDGE('',*,*,#7466,.T.);
#7466 = EDGE_CURVE('',#5252,#7467,#7469,.T.);
#7467 = VERTEX_POINT('',#7468);
#7468 = CARTESIAN_POINT('',(2.562592336561,-2.156046545141E-11,
    4.524375100333));
#7469 = SURFACE_CURVE('',#7470,(#7482,#7489),.PCURVE_S1.);
#7470 = ( BOUNDED_CURVE() B_SPLINE_CURVE(6,(#7471,#7472,#7473,#7474,
    #7475,#7476,#7477,#7478,#7479,#7480,#7481),.UNSPECIFIED.,.F.,.F.) 
B_SPLINE_CURVE_WITH_KNOTS((7,4,7),(0.,0.5,1.),.UNSPECIFIED.) CURVE() 
GEOMETRIC_REPRESENTATION_ITEM() RATIONAL_B_SPLINE_CURVE((1.,1.,1.,1.,1.,
1.,1.,1.,1.,1.,1.)) REPRESENTATION_ITEM('') );
#7471 = CARTESIAN_POINT('',(2.562592336054,-1.702134912094E-11,
    3.254375100266));
#7472 = CARTESIAN_POINT('',(2.553543231519,1.341462414602,3.360208433604
    ));
#7473 = CARTESIAN_POINT('',(1.746129339302,2.682924829201,3.46604176724)
  );
#7474 = CARTESIAN_POINT('',(-1.521380666465E-02,3.370894531566,
    3.571875101269));
#7475 = CARTESIAN_POINT('',(-1.722903303581,2.682924829115,
    3.677708435265));
#7476 = CARTESIAN_POINT('',(-3.402281366952,-1.636320352364E-10,
    3.889375102578));
#7477 = CARTESIAN_POINT('',(-1.722903303284,-2.682924829362,
    4.101041768589));
#7478 = CARTESIAN_POINT('',(-1.521380625236E-02,-3.370894531726,
    4.206875101261));
#7479 = CARTESIAN_POINT('',(1.746129339762,-2.682924829276,
    4.312708433926));
#7480 = CARTESIAN_POINT('',(2.553543231995,-1.341462414636,
    4.418541766936));
#7481 = CARTESIAN_POINT('',(2.562592336546,-1.741284961072E-11,
    4.524375100266));
#7482 = PCURVE('',#5297,#7483);
#7483 = DEFINITIONAL_REPRESENTATION('',(#7484),#7488);
#7484 = LINE('',#7485,#7486);
#7485 = CARTESIAN_POINT('',(3.,0.));
#7486 = VECTOR('',#7487,1.);
#7487 = DIRECTION('',(0.,1.));
#7488 = ( GEOMETRIC_REPRESENTATION_CONTEXT(2) 
PARAMETRIC_REPRESENTATION_CONTEXT() REPRESENTATION_CONTEXT('2D SPACE',''
  ) );
#7489 = PCURVE('',#7090,#7490);
#7490 = DEFINITIONAL_REPRESENTATION('',(#7491),#7495);
#7491 = LINE('',#7492,#7493);
#7492 = CARTESIAN_POINT('',(3.,0.));
#7493 = VECTOR('',#7494,1.);
#7494 = DIRECTION('',(0.,1.));
#7495 = ( GEOMETRIC_REPRESENTATION_CONTEXT(2) 
PARAMETRIC_REPRESENTATION_CONTEXT() REPRESENTATION_CONTEXT('2D SPACE',''
  ) );
#7496 = ORIENTED_EDGE('',*,*,#7497,.F.);
#7497 = EDGE_CURVE('',#7498,#7467,#7500,.T.);
#7498 = VERTEX_POINT('',#7499);
#7499 = CARTESIAN_POINT('',(3.250000001007,-3.996826018848E-13,4.9212501
    ));
#7500 = SURFACE_CURVE('',#7501,(#7504,#7511),.PCURVE_S1.);
#7501 = B_SPLINE_CURVE_WITH_KNOTS('',1,(#7502,#7503),.UNSPECIFIED.,.F.,
  .F.,(2,2),(2.,3.),.PIECEWISE_BEZIER_KNOTS.);
#7502 = CARTESIAN_POINT('',(3.250000000953,-3.785284495383E-13,4.9212501
    ));
#7503 = CARTESIAN_POINT('',(2.562592336546,-1.741284961072E-11,
    4.524375100266));
#7504 = PCURVE('',#5297,#7505);
#7505 = DEFINITIONAL_REPRESENTATION('',(#7506),#7510);
#7506 = LINE('',#7507,#7508);
#7507 = CARTESIAN_POINT('',(0.,1.));
#7508 = VECTOR('',#7509,1.);
#7509 = DIRECTION('',(1.,0.));
#7510 = ( GEOMETRIC_REPRESENTATION_CONTEXT(2) 
PARAMETRIC_REPRESENTATION_CONTEXT() REPRESENTATION_CONTEXT('2D SPACE',''
  ) );
#7511 = PCURVE('',#7512,#7535);
#7512 = ( BOUNDED_SURFACE() B_SPLINE_SURFACE(1,6,(
    (#7513,#7514,#7515,#7516,#7517,#7518,#7519,#7520,#7521,#7522,#7523)
    ,(#7524,#7525,#7526,#7527,#7528,#7529,#7530,#7531,#7532,#7533,#7534
)),.UNSPECIFIED.,.F.,.F.,.F.) B_SPLINE_SURFACE_WITH_KNOTS((2,2),(7,4,7),
(2.,3.),(0.,0.5,1.),.UNSPECIFIED.) GEOMETRIC_REPRESENTATION_ITEM() 
RATIONAL_B_SPLINE_SURFACE((
    (1.,1.,1.,1.,1.,1.,1.,1.,1.,1.,1.)
,(1.,1.,1.,1.,1.,1.,1.,1.,1.,1.,1.
  ))) REPRESENTATION_ITEM('') SURFACE() );
#7513 = CARTESIAN_POINT('',(3.250000001061,-4.208367542313E-13,4.9212501
    ));
#7514 = CARTESIAN_POINT('',(3.238523501738,1.701305661013,5.02708343334)
  );
#7515 = CARTESIAN_POINT('',(2.21452326766,3.40261132199,5.132916767259)
  );
#7516 = CARTESIAN_POINT('',(-1.929486339659E-02,4.27512682144,
    5.238750101905));
#7517 = CARTESIAN_POINT('',(-2.185066917162,3.402611321827,
    5.344583436498));
#7518 = CARTESIAN_POINT('',(-4.314933080226,-2.803934264061E-10,
    5.556250104397));
#7519 = CARTESIAN_POINT('',(-2.185066916664,-3.40261132223,
    5.767916769821));
#7520 = CARTESIAN_POINT('',(-1.929486271117E-02,-4.275126821684,
    5.873750101895));
#7521 = CARTESIAN_POINT('',(2.214523268404,-3.402611322068,
    5.979583433945));
#7522 = CARTESIAN_POINT('',(3.238523502479,-1.701305661015,
    6.085416766673));
#7523 = CARTESIAN_POINT('',(3.250000001799,-7.120734024353E-13,6.1912501
    ));
#7524 = CARTESIAN_POINT('',(2.562592336577,-2.57080812921E-11,
    4.5243751004));
#7525 = CARTESIAN_POINT('',(2.553543232046,1.341462414593,4.630208433739
    ));
#7526 = CARTESIAN_POINT('',(1.746129339833,2.682924829182,4.736041767531
    ));
#7527 = CARTESIAN_POINT('',(-1.521380612184E-02,3.370894531525,
    4.841875101902));
#7528 = CARTESIAN_POINT('',(-1.722903303009,2.682924829053,
    4.947708436229));
#7529 = CARTESIAN_POINT('',(-3.402281366306,-2.459519813877E-10,
    5.159375103867));
#7530 = CARTESIAN_POINT('',(-1.722903302564,-2.682924829423,
    5.371041769552));
#7531 = CARTESIAN_POINT('',(-1.521380550334E-02,-3.370894531767,
    5.476875101893));
#7532 = CARTESIAN_POINT('',(1.746129340524,-2.682924829295,
    5.582708434217));
#7533 = CARTESIAN_POINT('',(2.55354323276,-1.341462414645,5.688541767071
    ));
#7534 = CARTESIAN_POINT('',(2.562592337315,-2.619628647832E-11,
    5.7943751004));
#7535 = DEFINITIONAL_REPRESENTATION('',(#7536),#7539);
#7536 = B_SPLINE_CURVE_WITH_KNOTS('',1,(#7537,#7538),.UNSPECIFIED.,.F.,
  .F.,(2,2),(2.,3.),.PIECEWISE_BEZIER_KNOTS.);
#7537 = CARTESIAN_POINT('',(2.,0.));
#7538 = CARTESIAN_POINT('',(3.,0.));
#7539 = ( GEOMETRIC_REPRESENTATION_CONTEXT(2) 
PARAMETRIC_REPRESENTATION_CONTEXT() REPRESENTATION_CONTEXT('2D SPACE',''
  ) );
#7540 = ORIENTED_EDGE('',*,*,#7541,.F.);
#7541 = EDGE_CURVE('',#7542,#7498,#7544,.T.);
#7542 = VERTEX_POINT('',#7543);
#7543 = CARTESIAN_POINT('',(2.62930568169,-1.910301450618,4.794250147845
    ));
#7544 = SURFACE_CURVE('',#7545,(#7557,#7564),.PCURVE_S1.);
#7545 = ( BOUNDED_CURVE() B_SPLINE_CURVE(6,(#7546,#7547,#7548,#7549,
    #7550,#7551,#7552,#7553,#7554,#7555,#7556),.UNSPECIFIED.,.F.,.F.) 
B_SPLINE_CURVE_WITH_KNOTS((7,4,7),(0.,0.5,1.),.UNSPECIFIED.) CURVE() 
GEOMETRIC_REPRESENTATION_ITEM() RATIONAL_B_SPLINE_CURVE((1.,1.,1.,1.,1.,
1.,1.,1.,1.,1.,1.)) REPRESENTATION_ITEM('') );
#7546 = CARTESIAN_POINT('',(3.250000000461,-1.839964977754E-13,3.6512501
    ));
#7547 = CARTESIAN_POINT('',(3.238523501139,1.701305661014,3.757083433338
    ));
#7548 = CARTESIAN_POINT('',(2.214523267061,3.402611322003,3.862916767059
    ));
#7549 = CARTESIAN_POINT('',(-1.929486400514E-02,4.275126821481,
    3.968750101271));
#7550 = CARTESIAN_POINT('',(-2.185066917802,3.402611321894,
    4.074583435444));
#7551 = CARTESIAN_POINT('',(-4.314933080949,-1.867844549987E-10,
    4.286250102931));
#7552 = CARTESIAN_POINT('',(-2.18506691747,-3.402611322163,
    4.497916768768));
#7553 = CARTESIAN_POINT('',(-1.929486354823E-02,-4.275126821643,
    4.603750101262));
#7554 = CARTESIAN_POINT('',(2.214523267557,-3.402611322055,
    4.709583433744));
#7555 = CARTESIAN_POINT('',(3.238523501633,-1.701305661015,
    4.815416766671));
#7556 = CARTESIAN_POINT('',(3.250000000953,-3.785284495383E-13,4.9212501
    ));
#7557 = PCURVE('',#5297,#7558);
#7558 = DEFINITIONAL_REPRESENTATION('',(#7559),#7563);
#7559 = LINE('',#7560,#7561);
#7560 = CARTESIAN_POINT('',(2.,0.));
#7561 = VECTOR('',#7562,1.);
#7562 = DIRECTION('',(0.,1.));
#7563 = ( GEOMETRIC_REPRESENTATION_CONTEXT(2) 
PARAMETRIC_REPRESENTATION_CONTEXT() REPRESENTATION_CONTEXT('2D SPACE',''
  ) );
#7564 = PCURVE('',#7565,#7588);
#7565 = ( BOUNDED_SURFACE() B_SPLINE_SURFACE(1,6,(
    (#7566,#7567,#7568,#7569,#7570,#7571,#7572,#7573,#7574,#7575,#7576)
    ,(#7577,#7578,#7579,#7580,#7581,#7582,#7583,#7584,#7585,#7586,#7587
)),.UNSPECIFIED.,.F.,.F.,.F.) B_SPLINE_SURFACE_WITH_KNOTS((2,2),(7,4,7),
(1.,2.),(0.,0.5,1.),.UNSPECIFIED.) GEOMETRIC_REPRESENTATION_ITEM() 
RATIONAL_B_SPLINE_SURFACE((
    (1.,1.,1.,1.,1.,1.,1.,1.,1.,1.,1.)
,(1.,1.,1.,1.,1.,1.,1.,1.,1.,1.,1.
  ))) REPRESENTATION_ITEM('') SURFACE() );
#7566 = CARTESIAN_POINT('',(3.450000000461,4.732386252679E-12,
    3.651250099923));
#7567 = CARTESIAN_POINT('',(3.437817255074,1.806001394019,3.757083433261
    ));
#7568 = CARTESIAN_POINT('',(2.350801621803,3.612002788007,3.862916767006
    ));
#7569 = CARTESIAN_POINT('',(-2.04822402032E-02,4.53821154891,
    3.968750101272));
#7570 = CARTESIAN_POINT('',(-2.319532574328,3.612002787892,
    4.074583435496));
#7571 = CARTESIAN_POINT('',(-4.580467424428,-1.936199698901E-10,
    4.286250103034));
#7572 = CARTESIAN_POINT('',(-2.319532573986,-3.612002788167,
    4.49791676882));
#7573 = CARTESIAN_POINT('',(-2.048223973324E-02,-4.538211549073,
    4.603750101263));
#7574 = CARTESIAN_POINT('',(2.350801622309,-3.612002788052,
    4.709583433691));
#7575 = CARTESIAN_POINT('',(3.437817255574,-1.80600139401,4.815416766593
    ));
#7576 = CARTESIAN_POINT('',(3.450000000953,4.595161936036E-12,
    4.921250099923));
#7577 = CARTESIAN_POINT('',(3.250000000461,-1.839964977754E-13,3.6512501
    ));
#7578 = CARTESIAN_POINT('',(3.238523501139,1.701305661014,3.757083433338
    ));
#7579 = CARTESIAN_POINT('',(2.214523267061,3.402611322003,3.862916767059
    ));
#7580 = CARTESIAN_POINT('',(-1.929486400514E-02,4.275126821481,
    3.968750101271));
#7581 = CARTESIAN_POINT('',(-2.185066917802,3.402611321894,
    4.074583435444));
#7582 = CARTESIAN_POINT('',(-4.314933080949,-1.867844549987E-10,
    4.286250102931));
#7583 = CARTESIAN_POINT('',(-2.18506691747,-3.402611322163,
    4.497916768768));
#7584 = CARTESIAN_POINT('',(-1.929486354823E-02,-4.275126821643,
    4.603750101262));
#7585 = CARTESIAN_POINT('',(2.214523267557,-3.402611322055,
    4.709583433744));
#7586 = CARTESIAN_POINT('',(3.238523501633,-1.701305661015,
    4.815416766671));
#7587 = CARTESIAN_POINT('',(3.250000000953,-3.785284495383E-13,4.9212501
    ));
#7588 = DEFINITIONAL_REPRESENTATION('',(#7589),#7593);
#7589 = LINE('',#7590,#7591);
#7590 = CARTESIAN_POINT('',(2.,0.));
#7591 = VECTOR('',#7592,1.);
#7592 = DIRECTION('',(0.,1.));
#7593 = ( GEOMETRIC_REPRESENTATION_CONTEXT(2) 
PARAMETRIC_REPRESENTATION_CONTEXT() REPRESENTATION_CONTEXT('2D SPACE',''
  ) );
#7594 = ORIENTED_EDGE('',*,*,#7595,.T.);
#7595 = EDGE_CURVE('',#7542,#7596,#7598,.T.);
#7596 = VERTEX_POINT('',#7597);
#7597 = CARTESIAN_POINT('',(1.004303709824,-3.090934172452,
    4.667250001331));
#7598 = SURFACE_CURVE('',#7599,(#7607,#7618),.PCURVE_S1.);
#7599 = B_SPLINE_CURVE_WITH_KNOTS('',6,(#7600,#7601,#7602,#7603,#7604,
    #7605,#7606),.UNSPECIFIED.,.F.,.F.,(7,7),(0.,1.),
  .PIECEWISE_BEZIER_KNOTS.);
#7600 = CARTESIAN_POINT('',(2.629305681689,-1.910301450619,
    4.794250147845));
#7601 = CARTESIAN_POINT('',(2.429291477316,-2.185597521722,
    4.772887382813));
#7602 = CARTESIAN_POINT('',(2.194610068337,-2.435869860738,
    4.751640170237));
#7603 = CARTESIAN_POINT('',(1.929317824493,-2.655435451788,
    4.730537296045));
#7604 = CARTESIAN_POINT('',(1.638519140526,-2.839902427034,
    4.709463233201));
#7605 = CARTESIAN_POINT('',(1.327961164896,-2.985771666651,
    4.688366412901));
#7606 = CARTESIAN_POINT('',(1.00430370983,-3.09093417245,4.667250001332)
  );
#7607 = PCURVE('',#5297,#7608);
#7608 = DEFINITIONAL_REPRESENTATION('',(#7609),#7617);
#7609 = B_SPLINE_CURVE_WITH_KNOTS('',6,(#7610,#7611,#7612,#7613,#7614,
    #7615,#7616),.UNSPECIFIED.,.F.,.F.,(7,7),(0.,1.),
  .PIECEWISE_BEZIER_KNOTS.);
#7610 = CARTESIAN_POINT('',(2.,0.900000037482));
#7611 = CARTESIAN_POINT('',(2.000474201969,0.883327150708));
#7612 = CARTESIAN_POINT('',(2.000640789987,0.866649120749));
#7613 = CARTESIAN_POINT('',(2.000482670846,0.849983272066));
#7614 = CARTESIAN_POINT('',(2.00027216482,0.833323738573));
#7615 = CARTESIAN_POINT('',(2.000103413553,0.81665933418));
#7616 = CARTESIAN_POINT('',(2.,0.799999921623));
#7617 = ( GEOMETRIC_REPRESENTATION_CONTEXT(2) 
PARAMETRIC_REPRESENTATION_CONTEXT() REPRESENTATION_CONTEXT('2D SPACE',''
  ) );
#7618 = PCURVE('',#5966,#7619);
#7619 = DEFINITIONAL_REPRESENTATION('',(#7620),#7628);
#7620 = B_SPLINE_CURVE_WITH_KNOTS('',6,(#7621,#7622,#7623,#7624,#7625,
    #7626,#7627),.UNSPECIFIED.,.F.,.F.,(7,7),(0.,1.),
  .PIECEWISE_BEZIER_KNOTS.);
#7621 = CARTESIAN_POINT('',(5.654867012011,4.794250147845));
#7622 = CARTESIAN_POINT('',(5.550164058292,4.772887382813));
#7623 = CARTESIAN_POINT('',(5.445421230772,4.751640170237));
#7624 = CARTESIAN_POINT('',(5.340715107849,4.730537296045));
#7625 = CARTESIAN_POINT('',(5.23600780072,4.709463233201));
#7626 = CARTESIAN_POINT('',(5.131259609726,4.688366412901));
#7627 = CARTESIAN_POINT('',(5.026547753372,4.667250001332));
#7628 = ( GEOMETRIC_REPRESENTATION_CONTEXT(2) 
PARAMETRIC_REPRESENTATION_CONTEXT() REPRESENTATION_CONTEXT('2D SPACE',''
  ) );
#7629 = ORIENTED_EDGE('',*,*,#7630,.F.);
#7630 = EDGE_CURVE('',#7631,#7596,#7633,.T.);
#7631 = VERTEX_POINT('',#7632);
#7632 = CARTESIAN_POINT('',(-1.00462240021,-3.090830605677,4.54022935467
    ));
#7633 = SURFACE_CURVE('',#7634,(#7646,#7653),.PCURVE_S1.);
#7634 = ( BOUNDED_CURVE() B_SPLINE_CURVE(6,(#7635,#7636,#7637,#7638,
    #7639,#7640,#7641,#7642,#7643,#7644,#7645),.UNSPECIFIED.,.F.,.F.) 
B_SPLINE_CURVE_WITH_KNOTS((7,4,7),(0.,0.5,1.),.UNSPECIFIED.) CURVE() 
GEOMETRIC_REPRESENTATION_ITEM() RATIONAL_B_SPLINE_CURVE((1.,1.,1.,1.,1.,
1.,1.,1.,1.,1.,1.)) REPRESENTATION_ITEM('') );
#7635 = CARTESIAN_POINT('',(3.250000000461,-1.839964977754E-13,3.6512501
    ));
#7636 = CARTESIAN_POINT('',(3.238523501139,1.701305661014,3.757083433338
    ));
#7637 = CARTESIAN_POINT('',(2.214523267061,3.402611322003,3.862916767059
    ));
#7638 = CARTESIAN_POINT('',(-1.929486400514E-02,4.275126821481,
    3.968750101271));
#7639 = CARTESIAN_POINT('',(-2.185066917802,3.402611321894,
    4.074583435444));
#7640 = CARTESIAN_POINT('',(-4.314933080949,-1.867844549987E-10,
    4.286250102931));
#7641 = CARTESIAN_POINT('',(-2.18506691747,-3.402611322163,
    4.497916768768));
#7642 = CARTESIAN_POINT('',(-1.929486354823E-02,-4.275126821643,
    4.603750101262));
#7643 = CARTESIAN_POINT('',(2.214523267557,-3.402611322055,
    4.709583433744));
#7644 = CARTESIAN_POINT('',(3.238523501633,-1.701305661015,
    4.815416766671));
#7645 = CARTESIAN_POINT('',(3.250000000953,-3.785284495383E-13,4.9212501
    ));
#7646 = PCURVE('',#5297,#7647);
#7647 = DEFINITIONAL_REPRESENTATION('',(#7648),#7652);
#7648 = LINE('',#7649,#7650);
#7649 = CARTESIAN_POINT('',(2.,0.));
#7650 = VECTOR('',#7651,1.);
#7651 = DIRECTION('',(0.,1.));
#7652 = ( GEOMETRIC_REPRESENTATION_CONTEXT(2) 
PARAMETRIC_REPRESENTATION_CONTEXT() REPRESENTATION_CONTEXT('2D SPACE',''
  ) );
#7653 = PCURVE('',#7654,#7677);
#7654 = ( BOUNDED_SURFACE() B_SPLINE_SURFACE(1,6,(
    (#7655,#7656,#7657,#7658,#7659,#7660,#7661,#7662,#7663,#7664,#7665)
    ,(#7666,#7667,#7668,#7669,#7670,#7671,#7672,#7673,#7674,#7675,#7676
)),.UNSPECIFIED.,.F.,.F.,.F.) B_SPLINE_SURFACE_WITH_KNOTS((2,2),(7,4,7),
(1.,2.),(0.,0.5,1.),.UNSPECIFIED.) GEOMETRIC_REPRESENTATION_ITEM() 
RATIONAL_B_SPLINE_SURFACE((
    (1.,1.,1.,1.,1.,1.,1.,1.,1.,1.,1.)
,(1.,1.,1.,1.,1.,1.,1.,1.,1.,1.,1.
  ))) REPRESENTATION_ITEM('') SURFACE() );
#7655 = CARTESIAN_POINT('',(3.450000000461,4.732386252679E-12,
    3.651250099923));
#7656 = CARTESIAN_POINT('',(3.437817255074,1.806001394019,3.757083433261
    ));
#7657 = CARTESIAN_POINT('',(2.350801621803,3.612002788007,3.862916767006
    ));
#7658 = CARTESIAN_POINT('',(-2.04822402032E-02,4.53821154891,
    3.968750101272));
#7659 = CARTESIAN_POINT('',(-2.319532574328,3.612002787892,
    4.074583435496));
#7660 = CARTESIAN_POINT('',(-4.580467424428,-1.936199698901E-10,
    4.286250103034));
#7661 = CARTESIAN_POINT('',(-2.319532573986,-3.612002788167,
    4.49791676882));
#7662 = CARTESIAN_POINT('',(-2.048223973324E-02,-4.538211549073,
    4.603750101263));
#7663 = CARTESIAN_POINT('',(2.350801622309,-3.612002788052,
    4.709583433691));
#7664 = CARTESIAN_POINT('',(3.437817255574,-1.80600139401,4.815416766593
    ));
#7665 = CARTESIAN_POINT('',(3.450000000953,4.595161936036E-12,
    4.921250099923));
#7666 = CARTESIAN_POINT('',(3.250000000461,-1.839964977754E-13,3.6512501
    ));
#7667 = CARTESIAN_POINT('',(3.238523501139,1.701305661014,3.757083433338
    ));
#7668 = CARTESIAN_POINT('',(2.214523267061,3.402611322003,3.862916767059
    ));
#7669 = CARTESIAN_POINT('',(-1.929486400514E-02,4.275126821481,
    3.968750101271));
#7670 = CARTESIAN_POINT('',(-2.185066917802,3.402611321894,
    4.074583435444));
#7671 = CARTESIAN_POINT('',(-4.314933080949,-1.867844549987E-10,
    4.286250102931));
#7672 = CARTESIAN_POINT('',(-2.18506691747,-3.402611322163,
    4.497916768768));
#7673 = CARTESIAN_POINT('',(-1.929486354823E-02,-4.275126821643,
    4.603750101262));
#7674 = CARTESIAN_POINT('',(2.214523267557,-3.402611322055,
    4.709583433744));
#7675 = CARTESIAN_POINT('',(3.238523501633,-1.701305661015,
    4.815416766671));
#7676 = CARTESIAN_POINT('',(3.250000000953,-3.785284495383E-13,4.9212501
    ));
#7677 = DEFINITIONAL_REPRESENTATION('',(#7678),#7682);
#7678 = LINE('',#7679,#7680);
#7679 = CARTESIAN_POINT('',(2.,0.));
#7680 = VECTOR('',#7681,1.);
#7681 = DIRECTION('',(0.,1.));
#7682 = ( GEOMETRIC_REPRESENTATION_CONTEXT(2) 
PARAMETRIC_REPRESENTATION_CONTEXT() REPRESENTATION_CONTEXT('2D SPACE',''
  ) );
#7683 = ORIENTED_EDGE('',*,*,#7684,.F.);
#7684 = EDGE_CURVE('',#7685,#7631,#7687,.T.);
#7685 = VERTEX_POINT('',#7686);
#7686 = CARTESIAN_POINT('',(-1.011490591589,-3.088589772554,
    4.539779915952));
#7687 = SURFACE_CURVE('',#7688,(#7700,#7707),.PCURVE_S1.);
#7688 = ( BOUNDED_CURVE() B_SPLINE_CURVE(6,(#7689,#7690,#7691,#7692,
    #7693,#7694,#7695,#7696,#7697,#7698,#7699),.UNSPECIFIED.,.F.,.F.) 
B_SPLINE_CURVE_WITH_KNOTS((7,4,7),(0.,0.5,1.),.UNSPECIFIED.) CURVE() 
GEOMETRIC_REPRESENTATION_ITEM() RATIONAL_B_SPLINE_CURVE((1.,1.,1.,1.,1.,
1.,1.,1.,1.,1.,1.)) REPRESENTATION_ITEM('') );
#7689 = CARTESIAN_POINT('',(3.250000000461,-1.839964977754E-13,3.6512501
    ));
#7690 = CARTESIAN_POINT('',(3.238523501139,1.701305661014,3.757083433338
    ));
#7691 = CARTESIAN_POINT('',(2.214523267061,3.402611322003,3.862916767059
    ));
#7692 = CARTESIAN_POINT('',(-1.929486400514E-02,4.275126821481,
    3.968750101271));
#7693 = CARTESIAN_POINT('',(-2.185066917802,3.402611321894,
    4.074583435444));
#7694 = CARTESIAN_POINT('',(-4.314933080949,-1.867844549987E-10,
    4.286250102931));
#7695 = CARTESIAN_POINT('',(-2.18506691747,-3.402611322163,
    4.497916768768));
#7696 = CARTESIAN_POINT('',(-1.929486354823E-02,-4.275126821643,
    4.603750101262));
#7697 = CARTESIAN_POINT('',(2.214523267557,-3.402611322055,
    4.709583433744));
#7698 = CARTESIAN_POINT('',(3.238523501633,-1.701305661015,
    4.815416766671));
#7699 = CARTESIAN_POINT('',(3.250000000953,-3.785284495383E-13,4.9212501
    ));
#7700 = PCURVE('',#5297,#7701);
#7701 = DEFINITIONAL_REPRESENTATION('',(#7702),#7706);
#7702 = LINE('',#7703,#7704);
#7703 = CARTESIAN_POINT('',(2.,0.));
#7704 = VECTOR('',#7705,1.);
#7705 = DIRECTION('',(0.,1.));
#7706 = ( GEOMETRIC_REPRESENTATION_CONTEXT(2) 
PARAMETRIC_REPRESENTATION_CONTEXT() REPRESENTATION_CONTEXT('2D SPACE',''
  ) );
#7707 = PCURVE('',#5966,#7708);
#7708 = DEFINITIONAL_REPRESENTATION('',(#7709),#7716);
#7709 = B_SPLINE_CURVE_WITH_KNOTS('',5,(#7710,#7711,#7712,#7713,#7714,
    #7715),.UNSPECIFIED.,.F.,.F.,(6,6),(0.699629775041,0.699983663798),
  .PIECEWISE_BEZIER_KNOTS.);
#7710 = CARTESIAN_POINT('',(4.395904177566,4.539779915952));
#7711 = CARTESIAN_POINT('',(4.396348762283,4.539869803695));
#7712 = CARTESIAN_POINT('',(4.396793346963,4.539959691439));
#7713 = CARTESIAN_POINT('',(4.397237931607,4.540049579183));
#7714 = CARTESIAN_POINT('',(4.397682516218,4.540139466926));
#7715 = CARTESIAN_POINT('',(4.398127100796,4.54022935467));
#7716 = ( GEOMETRIC_REPRESENTATION_CONTEXT(2) 
PARAMETRIC_REPRESENTATION_CONTEXT() REPRESENTATION_CONTEXT('2D SPACE',''
  ) );
#7717 = ORIENTED_EDGE('',*,*,#7718,.F.);
#7718 = EDGE_CURVE('',#7719,#7685,#7721,.T.);
#7719 = VERTEX_POINT('',#7720);
#7720 = CARTESIAN_POINT('',(-2.629307915755,-1.910298375686,
    4.413249818318));
#7721 = SURFACE_CURVE('',#7722,(#7734,#7741),.PCURVE_S1.);
#7722 = ( BOUNDED_CURVE() B_SPLINE_CURVE(6,(#7723,#7724,#7725,#7726,
    #7727,#7728,#7729,#7730,#7731,#7732,#7733),.UNSPECIFIED.,.F.,.F.) 
B_SPLINE_CURVE_WITH_KNOTS((7,4,7),(0.,0.5,1.),.UNSPECIFIED.) CURVE() 
GEOMETRIC_REPRESENTATION_ITEM() RATIONAL_B_SPLINE_CURVE((1.,1.,1.,1.,1.,
1.,1.,1.,1.,1.,1.)) REPRESENTATION_ITEM('') );
#7723 = CARTESIAN_POINT('',(3.250000000461,-1.839964977754E-13,3.6512501
    ));
#7724 = CARTESIAN_POINT('',(3.238523501139,1.701305661014,3.757083433338
    ));
#7725 = CARTESIAN_POINT('',(2.214523267061,3.402611322003,3.862916767059
    ));
#7726 = CARTESIAN_POINT('',(-1.929486400514E-02,4.275126821481,
    3.968750101271));
#7727 = CARTESIAN_POINT('',(-2.185066917802,3.402611321894,
    4.074583435444));
#7728 = CARTESIAN_POINT('',(-4.314933080949,-1.867844549987E-10,
    4.286250102931));
#7729 = CARTESIAN_POINT('',(-2.18506691747,-3.402611322163,
    4.497916768768));
#7730 = CARTESIAN_POINT('',(-1.929486354823E-02,-4.275126821643,
    4.603750101262));
#7731 = CARTESIAN_POINT('',(2.214523267557,-3.402611322055,
    4.709583433744));
#7732 = CARTESIAN_POINT('',(3.238523501633,-1.701305661015,
    4.815416766671));
#7733 = CARTESIAN_POINT('',(3.250000000953,-3.785284495383E-13,4.9212501
    ));
#7734 = PCURVE('',#5297,#7735);
#7735 = DEFINITIONAL_REPRESENTATION('',(#7736),#7740);
#7736 = LINE('',#7737,#7738);
#7737 = CARTESIAN_POINT('',(2.,0.));
#7738 = VECTOR('',#7739,1.);
#7739 = DIRECTION('',(0.,1.));
#7740 = ( GEOMETRIC_REPRESENTATION_CONTEXT(2) 
PARAMETRIC_REPRESENTATION_CONTEXT() REPRESENTATION_CONTEXT('2D SPACE',''
  ) );
#7741 = PCURVE('',#7742,#7765);
#7742 = ( BOUNDED_SURFACE() B_SPLINE_SURFACE(1,6,(
    (#7743,#7744,#7745,#7746,#7747,#7748,#7749,#7750,#7751,#7752,#7753)
    ,(#7754,#7755,#7756,#7757,#7758,#7759,#7760,#7761,#7762,#7763,#7764
)),.UNSPECIFIED.,.F.,.F.,.F.) B_SPLINE_SURFACE_WITH_KNOTS((2,2),(7,4,7),
(1.,2.),(0.,0.5,1.),.UNSPECIFIED.) GEOMETRIC_REPRESENTATION_ITEM() 
RATIONAL_B_SPLINE_SURFACE((
    (1.,1.,1.,1.,1.,1.,1.,1.,1.,1.,1.)
,(1.,1.,1.,1.,1.,1.,1.,1.,1.,1.,1.
  ))) REPRESENTATION_ITEM('') SURFACE() );
#7743 = CARTESIAN_POINT('',(3.450000000461,4.732386252679E-12,
    3.651250099923));
#7744 = CARTESIAN_POINT('',(3.437817255074,1.806001394019,3.757083433261
    ));
#7745 = CARTESIAN_POINT('',(2.350801621803,3.612002788007,3.862916767006
    ));
#7746 = CARTESIAN_POINT('',(-2.04822402032E-02,4.53821154891,
    3.968750101272));
#7747 = CARTESIAN_POINT('',(-2.319532574328,3.612002787892,
    4.074583435496));
#7748 = CARTESIAN_POINT('',(-4.580467424428,-1.936199698901E-10,
    4.286250103034));
#7749 = CARTESIAN_POINT('',(-2.319532573986,-3.612002788167,
    4.49791676882));
#7750 = CARTESIAN_POINT('',(-2.048223973324E-02,-4.538211549073,
    4.603750101263));
#7751 = CARTESIAN_POINT('',(2.350801622309,-3.612002788052,
    4.709583433691));
#7752 = CARTESIAN_POINT('',(3.437817255574,-1.80600139401,4.815416766593
    ));
#7753 = CARTESIAN_POINT('',(3.450000000953,4.595161936036E-12,
    4.921250099923));
#7754 = CARTESIAN_POINT('',(3.250000000461,-1.839964977754E-13,3.6512501
    ));
#7755 = CARTESIAN_POINT('',(3.238523501139,1.701305661014,3.757083433338
    ));
#7756 = CARTESIAN_POINT('',(2.214523267061,3.402611322003,3.862916767059
    ));
#7757 = CARTESIAN_POINT('',(-1.929486400514E-02,4.275126821481,
    3.968750101271));
#7758 = CARTESIAN_POINT('',(-2.185066917802,3.402611321894,
    4.074583435444));
#7759 = CARTESIAN_POINT('',(-4.314933080949,-1.867844549987E-10,
    4.286250102931));
#7760 = CARTESIAN_POINT('',(-2.18506691747,-3.402611322163,
    4.497916768768));
#7761 = CARTESIAN_POINT('',(-1.929486354823E-02,-4.275126821643,
    4.603750101262));
#7762 = CARTESIAN_POINT('',(2.214523267557,-3.402611322055,
    4.709583433744));
#7763 = CARTESIAN_POINT('',(3.238523501633,-1.701305661015,
    4.815416766671));
#7764 = CARTESIAN_POINT('',(3.250000000953,-3.785284495383E-13,4.9212501
    ));
#7765 = DEFINITIONAL_REPRESENTATION('',(#7766),#7770);
#7766 = LINE('',#7767,#7768);
#7767 = CARTESIAN_POINT('',(2.,0.));
#7768 = VECTOR('',#7769,1.);
#7769 = DIRECTION('',(0.,1.));
#7770 = ( GEOMETRIC_REPRESENTATION_CONTEXT(2) 
PARAMETRIC_REPRESENTATION_CONTEXT() REPRESENTATION_CONTEXT('2D SPACE',''
  ) );
#7771 = ORIENTED_EDGE('',*,*,#7772,.T.);
#7772 = EDGE_CURVE('',#7719,#7773,#7775,.T.);
#7773 = VERTEX_POINT('',#7774);
#7774 = CARTESIAN_POINT('',(-2.629307981713,1.910298284902,
    4.159250393194));
#7775 = SURFACE_CURVE('',#7776,(#7802,#7853),.PCURVE_S1.);
#7776 = B_SPLINE_CURVE_WITH_KNOTS('',5,(#7777,#7778,#7779,#7780,#7781,
    #7782,#7783,#7784,#7785,#7786,#7787,#7788,#7789,#7790,#7791,#7792,
    #7793,#7794,#7795,#7796,#7797,#7798,#7799,#7800,#7801),
  .UNSPECIFIED.,.F.,.F.,(6,4,4,3,4,4,6),(0.,0.160130915193,
    0.500364015259,1.,1.18514703531,1.48882263926,2.001119015761),
  .UNSPECIFIED.);
#7777 = CARTESIAN_POINT('',(-2.629307915758,-1.910298375681,
    4.413249818317));
#7778 = CARTESIAN_POINT('',(-2.667726233916,-1.857419940915,
    4.409180820219));
#7779 = CARTESIAN_POINT('',(-2.704815228744,-1.803575729398,
    4.405111430968));
#7780 = CARTESIAN_POINT('',(-2.740542504088,-1.748810341416,
    4.401041747445));
#7781 = CARTESIAN_POINT('',(-2.774877983274,-1.693169885365,
    4.396971901185));
#7782 = CARTESIAN_POINT('',(-2.877730981999,-1.516723576091,
    4.38425478851));
#7783 = CARTESIAN_POINT('',(-2.941260024645,-1.393008856686,
    4.375607412734));
#7784 = CARTESIAN_POINT('',(-2.998113910014,-1.2660163231,4.36696187502)
  );
#7785 = CARTESIAN_POINT('',(-3.04807697052,-1.136227567584,
    4.358319777304));
#7786 = CARTESIAN_POINT('',(-3.153995900168,-0.810185928095,
    4.336998267419));
#7787 = CARTESIAN_POINT('',(-3.201794419341,-0.611275734283,
    4.324323721487));
#7788 = CARTESIAN_POINT('',(-3.233859569956,-0.409022640026,
    4.31166177506));
#7789 = CARTESIAN_POINT('',(-3.255882609464,-0.129506931892,
    4.29431822629));
#7790 = CARTESIAN_POINT('',(-3.247856223862,0.150004812674,
    4.276914393229));
#7791 = CARTESIAN_POINT('',(-3.243489535996,0.225492853175,
    4.272206428659));
#7792 = CARTESIAN_POINT('',(-3.236931189043,0.300811470018,
    4.267497540996));
#7793 = CARTESIAN_POINT('',(-3.213855526517,0.498995608482,
    4.255065204372));
#7794 = CARTESIAN_POINT('',(-3.193650409235,0.621432315641,
    4.247341873456));
#7795 = CARTESIAN_POINT('',(-3.167619207615,0.742812054109,
    4.239622419414));
#7796 = CARTESIAN_POINT('',(-3.135840538836,0.862767901558,
    4.231908314307));
#7797 = CARTESIAN_POINT('',(-3.035313858774,1.180294649617,
    4.211192811666));
#7798 = CARTESIAN_POINT('',(-2.956163653752,1.374580361755,
    4.198199738773));
#7799 = CARTESIAN_POINT('',(-2.861527603134,1.562061164254,
    4.185218112868));
#7800 = CARTESIAN_POINT('',(-2.752219108621,1.741125119865,
    4.172235975963));
#7801 = CARTESIAN_POINT('',(-2.629307981713,1.910298284902,
    4.159250393194));
#7802 = PCURVE('',#5297,#7803);
#7803 = DEFINITIONAL_REPRESENTATION('',(#7804),#7852);
#7804 = B_SPLINE_CURVE_WITH_KNOTS('',3,(#7805,#7806,#7807,#7808,#7809,
    #7810,#7811,#7812,#7813,#7814,#7815,#7816,#7817,#7818,#7819,#7820,
    #7821,#7822,#7823,#7824,#7825,#7826,#7827,#7828,#7829,#7830,#7831,
    #7832,#7833,#7834,#7835,#7836,#7837,#7838,#7839,#7840,#7841,#7842,
    #7843,#7844,#7845,#7846,#7847,#7848,#7849,#7850,#7851),
  .UNSPECIFIED.,.F.,.F.,(4,1,1,1,1,1,1,1,1,1,1,1,1,1,1,1,1,1,1,1,1,1,1,1
    ,1,1,1,1,1,1,1,1,1,1,1,1,1,1,1,1,1,1,1,1,4),(0.,4.547997763094E-02,
    9.095995526188E-02,0.136439932893,0.181919910524,0.227399888155,
    0.272879865786,0.318359843417,0.363839821048,0.409319798678,
    0.454799776309,0.50027975394,0.545759731571,0.591239709202,
    0.636719686833,0.682199664464,0.727679642095,0.773159619726,
    0.818639597357,0.864119574988,0.909599552619,0.95507953025,
    1.000559507881,1.046039485512,1.091519463143,1.136999440773,
    1.182479418404,1.227959396035,1.273439373666,1.318919351297,
    1.364399328928,1.409879306559,1.45535928419,1.500839261821,
    1.546319239452,1.591799217083,1.637279194714,1.682759172345,
    1.728239149976,1.773719127607,1.819199105238,1.864679082869,
    1.910159060499,1.95563903813,2.001119015761),.QUASI_UNIFORM_KNOTS.);
#7805 = CARTESIAN_POINT('',(2.,0.599999776411));
#7806 = CARTESIAN_POINT('',(2.000006015014,0.59848503507));
#7807 = CARTESIAN_POINT('',(2.000018593905,0.595455551588));
#7808 = CARTESIAN_POINT('',(2.000038585785,0.590911299382));
#7809 = CARTESIAN_POINT('',(2.000059203674,0.586366994892));
#7810 = CARTESIAN_POINT('',(2.000079860721,0.581822615328));
#7811 = CARTESIAN_POINT('',(2.000099935648,0.577278128127));
#7812 = CARTESIAN_POINT('',(2.000118732587,0.572733524542));
#7813 = CARTESIAN_POINT('',(2.000135578077,0.568188787453));
#7814 = CARTESIAN_POINT('',(2.000149805888,0.563643899761));
#7815 = CARTESIAN_POINT('',(2.000160775844,0.559098847501));
#7816 = CARTESIAN_POINT('',(2.000167904669,0.554553619409));
#7817 = CARTESIAN_POINT('',(2.000170687959,0.550008225711));
#7818 = CARTESIAN_POINT('',(2.000168818558,0.545462642982));
#7819 = CARTESIAN_POINT('',(2.000162076164,0.540916866571));
#7820 = CARTESIAN_POINT('',(2.000150466569,0.536370931347));
#7821 = CARTESIAN_POINT('',(2.000134302645,0.531824854694));
#7822 = CARTESIAN_POINT('',(2.000114212745,0.527278654432));
#7823 = CARTESIAN_POINT('',(2.000091181166,0.522732346577));
#7824 = CARTESIAN_POINT('',(2.000066592509,0.518185948378));
#7825 = CARTESIAN_POINT('',(2.000042287144,0.513639479726));
#7826 = CARTESIAN_POINT('',(2.000020625902,0.509092964803));
#7827 = CARTESIAN_POINT('',(2.00000456251,0.504546433157));
#7828 = CARTESIAN_POINT('',(1.999997729258,0.499999921308));
#7829 = CARTESIAN_POINT('',(2.000004512591,0.495453470995));
#7830 = CARTESIAN_POINT('',(2.000020574491,0.490907057637));
#7831 = CARTESIAN_POINT('',(2.000042265994,0.486360677883));
#7832 = CARTESIAN_POINT('',(2.000066603007,0.481814346181));
#7833 = CARTESIAN_POINT('',(2.000091205758,0.477268078748));
#7834 = CARTESIAN_POINT('',(2.000114223305,0.472721889705));
#7835 = CARTESIAN_POINT('',(2.000134298574,0.468175801553));
#7836 = CARTESIAN_POINT('',(2.000150453064,0.463629827771));
#7837 = CARTESIAN_POINT('',(2.000162060597,0.459083981521));
#7838 = CARTESIAN_POINT('',(2.000168806907,0.454538271254));
#7839 = CARTESIAN_POINT('',(2.000170686883,0.449992723991));
#7840 = CARTESIAN_POINT('',(2.000167933902,0.445447299421));
#7841 = CARTESIAN_POINT('',(2.000160821967,0.440902018043));
#7842 = CARTESIAN_POINT('',(2.000149835487,0.436356893721));
#7843 = CARTESIAN_POINT('',(2.000135571512,0.431811925806));
#7844 = CARTESIAN_POINT('',(2.000118695832,0.427267104575));
#7845 = CARTESIAN_POINT('',(2.000099897894,0.422722413307));
#7846 = CARTESIAN_POINT('',(2.000079859268,0.418177831453));
#7847 = CARTESIAN_POINT('',(2.000059231959,0.413633337506));
#7848 = CARTESIAN_POINT('',(2.00003862652,0.409088912424));
#7849 = CARTESIAN_POINT('',(2.000018613308,0.404544541344));
#7850 = CARTESIAN_POINT('',(2.000006019517,0.401514994814));
#7851 = CARTESIAN_POINT('',(2.,0.400000229066));
#7852 = ( GEOMETRIC_REPRESENTATION_CONTEXT(2) 
PARAMETRIC_REPRESENTATION_CONTEXT() REPRESENTATION_CONTEXT('2D SPACE',''
  ) );
#7853 = PCURVE('',#5966,#7854);
#7854 = DEFINITIONAL_REPRESENTATION('',(#7855),#7903);
#7855 = B_SPLINE_CURVE_WITH_KNOTS('',3,(#7856,#7857,#7858,#7859,#7860,
    #7861,#7862,#7863,#7864,#7865,#7866,#7867,#7868,#7869,#7870,#7871,
    #7872,#7873,#7874,#7875,#7876,#7877,#7878,#7879,#7880,#7881,#7882,
    #7883,#7884,#7885,#7886,#7887,#7888,#7889,#7890,#7891,#7892,#7893,
    #7894,#7895,#7896,#7897,#7898,#7899,#7900,#7901,#7902),
  .UNSPECIFIED.,.F.,.F.,(4,1,1,1,1,1,1,1,1,1,1,1,1,1,1,1,1,1,1,1,1,1,1,1
    ,1,1,1,1,1,1,1,1,1,1,1,1,1,1,1,1,1,1,1,1,4),(0.,4.547997763094E-02,
    9.095995526188E-02,0.136439932893,0.181919910524,0.227399888155,
    0.272879865786,0.318359843417,0.363839821048,0.409319798678,
    0.454799776309,0.50027975394,0.545759731571,0.591239709202,
    0.636719686833,0.682199664464,0.727679642095,0.773159619726,
    0.818639597357,0.864119574988,0.909599552619,0.95507953025,
    1.000559507881,1.046039485512,1.091519463143,1.136999440773,
    1.182479418404,1.227959396035,1.273439373666,1.318919351297,
    1.364399328928,1.409879306559,1.45535928419,1.500839261821,
    1.546319239452,1.591799217083,1.637279194714,1.682759172345,
    1.728239149976,1.773719127607,1.819199105238,1.864679082869,
    1.910159060499,1.95563903813,2.001119015761),.QUASI_UNIFORM_KNOTS.);
#7856 = CARTESIAN_POINT('',(3.769909779272,4.413249818317));
#7857 = CARTESIAN_POINT('',(3.760389909824,4.411323709654));
#7858 = CARTESIAN_POINT('',(3.741350179097,4.4074712734));
#7859 = CARTESIAN_POINT('',(3.712790601201,4.401692138769));
#7860 = CARTESIAN_POINT('',(3.684231033025,4.395912689353));
#7861 = CARTESIAN_POINT('',(3.655671473672,4.390133129339));
#7862 = CARTESIAN_POINT('',(3.627111851563,4.38435365653));
#7863 = CARTESIAN_POINT('',(3.598552231428,4.378574546824));
#7864 = CARTESIAN_POINT('',(3.569992609735,4.372796050237));
#7865 = CARTESIAN_POINT('',(3.541432964788,4.367018406762));
#7866 = CARTESIAN_POINT('',(3.512873273972,4.361241843738));
#7867 = CARTESIAN_POINT('',(3.484313508965,4.355466570515));
#7868 = CARTESIAN_POINT('',(3.455753752272,4.349692802416));
#7869 = CARTESIAN_POINT('',(3.427193849456,4.343920670237));
#7870 = CARTESIAN_POINT('',(3.398633740568,4.338150219151));
#7871 = CARTESIAN_POINT('',(3.370073589217,4.33238148141));
#7872 = CARTESIAN_POINT('',(3.341513426159,4.326614363682));
#7873 = CARTESIAN_POINT('',(3.312953264728,4.320848651798));
#7874 = CARTESIAN_POINT('',(3.284393090599,4.31508398406));
#7875 = CARTESIAN_POINT('',(3.25583288575,4.309319832908));
#7876 = CARTESIAN_POINT('',(3.227272643505,4.303555484578));
#7877 = CARTESIAN_POINT('',(3.198712386174,4.297790018436));
#7878 = CARTESIAN_POINT('',(3.170152181162,4.292022289636));
#7879 = CARTESIAN_POINT('',(3.141592159411,4.286250898776));
#7880 = CARTESIAN_POINT('',(3.113032523676,4.280474210269));
#7881 = CARTESIAN_POINT('',(3.084473061435,4.274693896863));
#7882 = CARTESIAN_POINT('',(3.055913653367,4.268911388552));
#7883 = CARTESIAN_POINT('',(3.027354271873,4.263127886482));
#7884 = CARTESIAN_POINT('',(2.998794888568,4.257344376172));
#7885 = CARTESIAN_POINT('',(2.970235460759,4.251561590192));
#7886 = CARTESIAN_POINT('',(2.941676003777,4.24578007745));
#7887 = CARTESIAN_POINT('',(2.913116487175,4.240000261062));
#7888 = CARTESIAN_POINT('',(2.884556894965,4.234222422586));
#7889 = CARTESIAN_POINT('',(2.855997201727,4.228446707745));
#7890 = CARTESIAN_POINT('',(2.827437522209,4.222673119308));
#7891 = CARTESIAN_POINT('',(2.798877571168,4.216901540274));
#7892 = CARTESIAN_POINT('',(2.770317471353,4.211131861564));
#7893 = CARTESIAN_POINT('',(2.74175732825,4.205363902904));
#7894 = CARTESIAN_POINT('',(2.713197179888,4.19959743714));
#7895 = CARTESIAN_POINT('',(2.684637029885,4.193832200151));
#7896 = CARTESIAN_POINT('',(2.656076858727,4.188067904577));
#7897 = CARTESIAN_POINT('',(2.627516641447,4.182304252674));
#7898 = CARTESIAN_POINT('',(2.598956362972,4.176540948859));
#7899 = CARTESIAN_POINT('',(2.570396036793,4.170777714382));
#7900 = CARTESIAN_POINT('',(2.541835712037,4.165014293766));
#7901 = CARTESIAN_POINT('',(2.522795585227,4.161171759307));
#7902 = CARTESIAN_POINT('',(2.513275562433,4.159250393194));
#7903 = ( GEOMETRIC_REPRESENTATION_CONTEXT(2) 
PARAMETRIC_REPRESENTATION_CONTEXT() REPRESENTATION_CONTEXT('2D SPACE',''
  ) );
#7904 = ORIENTED_EDGE('',*,*,#7905,.F.);
#7905 = EDGE_CURVE('',#7906,#7773,#7908,.T.);
#7906 = VERTEX_POINT('',#7907);
#7907 = CARTESIAN_POINT('',(-1.011314857266,3.088647318726,
    4.032708783607));
#7908 = SURFACE_CURVE('',#7909,(#7921,#7928),.PCURVE_S1.);
#7909 = ( BOUNDED_CURVE() B_SPLINE_CURVE(6,(#7910,#7911,#7912,#7913,
    #7914,#7915,#7916,#7917,#7918,#7919,#7920),.UNSPECIFIED.,.F.,.F.) 
B_SPLINE_CURVE_WITH_KNOTS((7,4,7),(0.,0.5,1.),.UNSPECIFIED.) CURVE() 
GEOMETRIC_REPRESENTATION_ITEM() RATIONAL_B_SPLINE_CURVE((1.,1.,1.,1.,1.,
1.,1.,1.,1.,1.,1.)) REPRESENTATION_ITEM('') );
#7910 = CARTESIAN_POINT('',(3.250000000461,-1.839964977754E-13,3.6512501
    ));
#7911 = CARTESIAN_POINT('',(3.238523501139,1.701305661014,3.757083433338
    ));
#7912 = CARTESIAN_POINT('',(2.214523267061,3.402611322003,3.862916767059
    ));
#7913 = CARTESIAN_POINT('',(-1.929486400514E-02,4.275126821481,
    3.968750101271));
#7914 = CARTESIAN_POINT('',(-2.185066917802,3.402611321894,
    4.074583435444));
#7915 = CARTESIAN_POINT('',(-4.314933080949,-1.867844549987E-10,
    4.286250102931));
#7916 = CARTESIAN_POINT('',(-2.18506691747,-3.402611322163,
    4.497916768768));
#7917 = CARTESIAN_POINT('',(-1.929486354823E-02,-4.275126821643,
    4.603750101262));
#7918 = CARTESIAN_POINT('',(2.214523267557,-3.402611322055,
    4.709583433744));
#7919 = CARTESIAN_POINT('',(3.238523501633,-1.701305661015,
    4.815416766671));
#7920 = CARTESIAN_POINT('',(3.250000000953,-3.785284495383E-13,4.9212501
    ));
#7921 = PCURVE('',#5297,#7922);
#7922 = DEFINITIONAL_REPRESENTATION('',(#7923),#7927);
#7923 = LINE('',#7924,#7925);
#7924 = CARTESIAN_POINT('',(2.,0.));
#7925 = VECTOR('',#7926,1.);
#7926 = DIRECTION('',(0.,1.));
#7927 = ( GEOMETRIC_REPRESENTATION_CONTEXT(2) 
PARAMETRIC_REPRESENTATION_CONTEXT() REPRESENTATION_CONTEXT('2D SPACE',''
  ) );
#7928 = PCURVE('',#7929,#7952);
#7929 = ( BOUNDED_SURFACE() B_SPLINE_SURFACE(1,6,(
    (#7930,#7931,#7932,#7933,#7934,#7935,#7936,#7937,#7938,#7939,#7940)
    ,(#7941,#7942,#7943,#7944,#7945,#7946,#7947,#7948,#7949,#7950,#7951
)),.UNSPECIFIED.,.F.,.F.,.F.) B_SPLINE_SURFACE_WITH_KNOTS((2,2),(7,4,7),
(1.,2.),(0.,0.5,1.),.UNSPECIFIED.) GEOMETRIC_REPRESENTATION_ITEM() 
RATIONAL_B_SPLINE_SURFACE((
    (1.,1.,1.,1.,1.,1.,1.,1.,1.,1.,1.)
,(1.,1.,1.,1.,1.,1.,1.,1.,1.,1.,1.
  ))) REPRESENTATION_ITEM('') SURFACE() );
#7930 = CARTESIAN_POINT('',(3.450000000461,4.732386252679E-12,
    3.651250099923));
#7931 = CARTESIAN_POINT('',(3.437817255074,1.806001394019,3.757083433261
    ));
#7932 = CARTESIAN_POINT('',(2.350801621803,3.612002788007,3.862916767006
    ));
#7933 = CARTESIAN_POINT('',(-2.04822402032E-02,4.53821154891,
    3.968750101272));
#7934 = CARTESIAN_POINT('',(-2.319532574328,3.612002787892,
    4.074583435496));
#7935 = CARTESIAN_POINT('',(-4.580467424428,-1.936199698901E-10,
    4.286250103034));
#7936 = CARTESIAN_POINT('',(-2.319532573986,-3.612002788167,
    4.49791676882));
#7937 = CARTESIAN_POINT('',(-2.048223973324E-02,-4.538211549073,
    4.603750101263));
#7938 = CARTESIAN_POINT('',(2.350801622309,-3.612002788052,
    4.709583433691));
#7939 = CARTESIAN_POINT('',(3.437817255574,-1.80600139401,4.815416766593
    ));
#7940 = CARTESIAN_POINT('',(3.450000000953,4.595161936036E-12,
    4.921250099923));
#7941 = CARTESIAN_POINT('',(3.250000000461,-1.839964977754E-13,3.6512501
    ));
#7942 = CARTESIAN_POINT('',(3.238523501139,1.701305661014,3.757083433338
    ));
#7943 = CARTESIAN_POINT('',(2.214523267061,3.402611322003,3.862916767059
    ));
#7944 = CARTESIAN_POINT('',(-1.929486400514E-02,4.275126821481,
    3.968750101271));
#7945 = CARTESIAN_POINT('',(-2.185066917802,3.402611321894,
    4.074583435444));
#7946 = CARTESIAN_POINT('',(-4.314933080949,-1.867844549987E-10,
    4.286250102931));
#7947 = CARTESIAN_POINT('',(-2.18506691747,-3.402611322163,
    4.497916768768));
#7948 = CARTESIAN_POINT('',(-1.929486354823E-02,-4.275126821643,
    4.603750101262));
#7949 = CARTESIAN_POINT('',(2.214523267557,-3.402611322055,
    4.709583433744));
#7950 = CARTESIAN_POINT('',(3.238523501633,-1.701305661015,
    4.815416766671));
#7951 = CARTESIAN_POINT('',(3.250000000953,-3.785284495383E-13,4.9212501
    ));
#7952 = DEFINITIONAL_REPRESENTATION('',(#7953),#7957);
#7953 = LINE('',#7954,#7955);
#7954 = CARTESIAN_POINT('',(2.,0.));
#7955 = VECTOR('',#7956,1.);
#7956 = DIRECTION('',(0.,1.));
#7957 = ( GEOMETRIC_REPRESENTATION_CONTEXT(2) 
PARAMETRIC_REPRESENTATION_CONTEXT() REPRESENTATION_CONTEXT('2D SPACE',''
  ) );
#7958 = ORIENTED_EDGE('',*,*,#7959,.F.);
#7959 = EDGE_CURVE('',#7960,#7906,#7962,.T.);
#7960 = VERTEX_POINT('',#7961);
#7961 = CARTESIAN_POINT('',(-1.004802563581,3.090772040806,
    4.032282633926));
#7962 = SURFACE_CURVE('',#7963,(#7975,#7982),.PCURVE_S1.);
#7963 = ( BOUNDED_CURVE() B_SPLINE_CURVE(6,(#7964,#7965,#7966,#7967,
    #7968,#7969,#7970,#7971,#7972,#7973,#7974),.UNSPECIFIED.,.F.,.F.) 
B_SPLINE_CURVE_WITH_KNOTS((7,4,7),(0.,0.5,1.),.UNSPECIFIED.) CURVE() 
GEOMETRIC_REPRESENTATION_ITEM() RATIONAL_B_SPLINE_CURVE((1.,1.,1.,1.,1.,
1.,1.,1.,1.,1.,1.)) REPRESENTATION_ITEM('') );
#7964 = CARTESIAN_POINT('',(3.250000000461,-1.839964977754E-13,3.6512501
    ));
#7965 = CARTESIAN_POINT('',(3.238523501139,1.701305661014,3.757083433338
    ));
#7966 = CARTESIAN_POINT('',(2.214523267061,3.402611322003,3.862916767059
    ));
#7967 = CARTESIAN_POINT('',(-1.929486400514E-02,4.275126821481,
    3.968750101271));
#7968 = CARTESIAN_POINT('',(-2.185066917802,3.402611321894,
    4.074583435444));
#7969 = CARTESIAN_POINT('',(-4.314933080949,-1.867844549987E-10,
    4.286250102931));
#7970 = CARTESIAN_POINT('',(-2.18506691747,-3.402611322163,
    4.497916768768));
#7971 = CARTESIAN_POINT('',(-1.929486354823E-02,-4.275126821643,
    4.603750101262));
#7972 = CARTESIAN_POINT('',(2.214523267557,-3.402611322055,
    4.709583433744));
#7973 = CARTESIAN_POINT('',(3.238523501633,-1.701305661015,
    4.815416766671));
#7974 = CARTESIAN_POINT('',(3.250000000953,-3.785284495383E-13,4.9212501
    ));
#7975 = PCURVE('',#5297,#7976);
#7976 = DEFINITIONAL_REPRESENTATION('',(#7977),#7981);
#7977 = LINE('',#7978,#7979);
#7978 = CARTESIAN_POINT('',(2.,0.));
#7979 = VECTOR('',#7980,1.);
#7980 = DIRECTION('',(0.,1.));
#7981 = ( GEOMETRIC_REPRESENTATION_CONTEXT(2) 
PARAMETRIC_REPRESENTATION_CONTEXT() REPRESENTATION_CONTEXT('2D SPACE',''
  ) );
#7982 = PCURVE('',#5966,#7983);
#7983 = DEFINITIONAL_REPRESENTATION('',(#7984),#7991);
#7984 = B_SPLINE_CURVE_WITH_KNOTS('',5,(#7985,#7986,#7987,#7988,#7989,
    #7990),.UNSPECIFIED.,.F.,.F.,(6,6),(0.300025615965,0.300361166893),
  .PIECEWISE_BEZIER_KNOTS.);
#7985 = CARTESIAN_POINT('',(1.885116496565,4.032282633926));
#7986 = CARTESIAN_POINT('',(1.885538043636,4.032367863862));
#7987 = CARTESIAN_POINT('',(1.885959590737,4.032453093798));
#7988 = CARTESIAN_POINT('',(1.886381137868,4.032538323734));
#7989 = CARTESIAN_POINT('',(1.886802685031,4.032623553671));
#7990 = CARTESIAN_POINT('',(1.887224232227,4.032708783607));
#7991 = ( GEOMETRIC_REPRESENTATION_CONTEXT(2) 
PARAMETRIC_REPRESENTATION_CONTEXT() REPRESENTATION_CONTEXT('2D SPACE',''
  ) );
#7992 = ORIENTED_EDGE('',*,*,#7993,.F.);
#7993 = EDGE_CURVE('',#7994,#7960,#7996,.T.);
#7994 = VERTEX_POINT('',#7995);
#7995 = CARTESIAN_POINT('',(1.004304821757,3.090933811164,3.905250127698
    ));
#7996 = SURFACE_CURVE('',#7997,(#8009,#8016),.PCURVE_S1.);
#7997 = ( BOUNDED_CURVE() B_SPLINE_CURVE(6,(#7998,#7999,#8000,#8001,
    #8002,#8003,#8004,#8005,#8006,#8007,#8008),.UNSPECIFIED.,.F.,.F.) 
B_SPLINE_CURVE_WITH_KNOTS((7,4,7),(0.,0.5,1.),.UNSPECIFIED.) CURVE() 
GEOMETRIC_REPRESENTATION_ITEM() RATIONAL_B_SPLINE_CURVE((1.,1.,1.,1.,1.,
1.,1.,1.,1.,1.,1.)) REPRESENTATION_ITEM('') );
#7998 = CARTESIAN_POINT('',(3.250000000461,-1.839964977754E-13,3.6512501
    ));
#7999 = CARTESIAN_POINT('',(3.238523501139,1.701305661014,3.757083433338
    ));
#8000 = CARTESIAN_POINT('',(2.214523267061,3.402611322003,3.862916767059
    ));
#8001 = CARTESIAN_POINT('',(-1.929486400514E-02,4.275126821481,
    3.968750101271));
#8002 = CARTESIAN_POINT('',(-2.185066917802,3.402611321894,
    4.074583435444));
#8003 = CARTESIAN_POINT('',(-4.314933080949,-1.867844549987E-10,
    4.286250102931));
#8004 = CARTESIAN_POINT('',(-2.18506691747,-3.402611322163,
    4.497916768768));
#8005 = CARTESIAN_POINT('',(-1.929486354823E-02,-4.275126821643,
    4.603750101262));
#8006 = CARTESIAN_POINT('',(2.214523267557,-3.402611322055,
    4.709583433744));
#8007 = CARTESIAN_POINT('',(3.238523501633,-1.701305661015,
    4.815416766671));
#8008 = CARTESIAN_POINT('',(3.250000000953,-3.785284495383E-13,4.9212501
    ));
#8009 = PCURVE('',#5297,#8010);
#8010 = DEFINITIONAL_REPRESENTATION('',(#8011),#8015);
#8011 = LINE('',#8012,#8013);
#8012 = CARTESIAN_POINT('',(2.,0.));
#8013 = VECTOR('',#8014,1.);
#8014 = DIRECTION('',(0.,1.));
#8015 = ( GEOMETRIC_REPRESENTATION_CONTEXT(2) 
PARAMETRIC_REPRESENTATION_CONTEXT() REPRESENTATION_CONTEXT('2D SPACE',''
  ) );
#8016 = PCURVE('',#8017,#8040);
#8017 = ( BOUNDED_SURFACE() B_SPLINE_SURFACE(1,6,(
    (#8018,#8019,#8020,#8021,#8022,#8023,#8024,#8025,#8026,#8027,#8028)
    ,(#8029,#8030,#8031,#8032,#8033,#8034,#8035,#8036,#8037,#8038,#8039
)),.UNSPECIFIED.,.F.,.F.,.F.) B_SPLINE_SURFACE_WITH_KNOTS((2,2),(7,4,7),
(1.,2.),(0.,0.5,1.),.UNSPECIFIED.) GEOMETRIC_REPRESENTATION_ITEM() 
RATIONAL_B_SPLINE_SURFACE((
    (1.,1.,1.,1.,1.,1.,1.,1.,1.,1.,1.)
,(1.,1.,1.,1.,1.,1.,1.,1.,1.,1.,1.
  ))) REPRESENTATION_ITEM('') SURFACE() );
#8018 = CARTESIAN_POINT('',(3.450000000461,4.732386252679E-12,
    3.651250099923));
#8019 = CARTESIAN_POINT('',(3.437817255074,1.806001394019,3.757083433261
    ));
#8020 = CARTESIAN_POINT('',(2.350801621803,3.612002788007,3.862916767006
    ));
#8021 = CARTESIAN_POINT('',(-2.04822402032E-02,4.53821154891,
    3.968750101272));
#8022 = CARTESIAN_POINT('',(-2.319532574328,3.612002787892,
    4.074583435496));
#8023 = CARTESIAN_POINT('',(-4.580467424428,-1.936199698901E-10,
    4.286250103034));
#8024 = CARTESIAN_POINT('',(-2.319532573986,-3.612002788167,
    4.49791676882));
#8025 = CARTESIAN_POINT('',(-2.048223973324E-02,-4.538211549073,
    4.603750101263));
#8026 = CARTESIAN_POINT('',(2.350801622309,-3.612002788052,
    4.709583433691));
#8027 = CARTESIAN_POINT('',(3.437817255574,-1.80600139401,4.815416766593
    ));
#8028 = CARTESIAN_POINT('',(3.450000000953,4.595161936036E-12,
    4.921250099923));
#8029 = CARTESIAN_POINT('',(3.250000000461,-1.839964977754E-13,3.6512501
    ));
#8030 = CARTESIAN_POINT('',(3.238523501139,1.701305661014,3.757083433338
    ));
#8031 = CARTESIAN_POINT('',(2.214523267061,3.402611322003,3.862916767059
    ));
#8032 = CARTESIAN_POINT('',(-1.929486400514E-02,4.275126821481,
    3.968750101271));
#8033 = CARTESIAN_POINT('',(-2.185066917802,3.402611321894,
    4.074583435444));
#8034 = CARTESIAN_POINT('',(-4.314933080949,-1.867844549987E-10,
    4.286250102931));
#8035 = CARTESIAN_POINT('',(-2.18506691747,-3.402611322163,
    4.497916768768));
#8036 = CARTESIAN_POINT('',(-1.929486354823E-02,-4.275126821643,
    4.603750101262));
#8037 = CARTESIAN_POINT('',(2.214523267557,-3.402611322055,
    4.709583433744));
#8038 = CARTESIAN_POINT('',(3.238523501633,-1.701305661015,
    4.815416766671));
#8039 = CARTESIAN_POINT('',(3.250000000953,-3.785284495383E-13,4.9212501
    ));
#8040 = DEFINITIONAL_REPRESENTATION('',(#8041),#8045);
#8041 = LINE('',#8042,#8043);
#8042 = CARTESIAN_POINT('',(2.,0.));
#8043 = VECTOR('',#8044,1.);
#8044 = DIRECTION('',(0.,1.));
#8045 = ( GEOMETRIC_REPRESENTATION_CONTEXT(2) 
PARAMETRIC_REPRESENTATION_CONTEXT() REPRESENTATION_CONTEXT('2D SPACE',''
  ) );
#8046 = ORIENTED_EDGE('',*,*,#8047,.T.);
#8047 = EDGE_CURVE('',#7994,#7412,#8048,.T.);
#8048 = SURFACE_CURVE('',#8049,(#8064,#8082),.PCURVE_S1.);
#8049 = B_SPLINE_CURVE_WITH_KNOTS('',5,(#8050,#8051,#8052,#8053,#8054,
    #8055,#8056,#8057,#8058,#8059,#8060,#8061,#8062,#8063),
  .UNSPECIFIED.,.F.,.F.,(6,4,4,6),(0.,0.300108076235,0.640142182724,1.),
  .UNSPECIFIED.);
#8050 = CARTESIAN_POINT('',(1.004304821759,3.090933811163,3.905250127698
    ));
#8051 = CARTESIAN_POINT('',(1.120870960184,3.053059193968,3.897615428994
    ));
#8052 = CARTESIAN_POINT('',(1.235651754522,3.009689554512,3.889977410137
    ));
#8053 = CARTESIAN_POINT('',(1.348300577135,2.96093767553,3.882336310567)
  );
#8054 = CARTESIAN_POINT('',(1.458484484793,2.906947697742,3.874693231346
    ));
#8055 = CARTESIAN_POINT('',(1.687572288535,2.780986255529,3.858390210318
    ));
#8056 = CARTESIAN_POINT('',(1.80568736621,2.707577412148,3.849730167617)
  );
#8057 = CARTESIAN_POINT('',(1.919764715001,2.627924290886,3.841073124129
    ));
#8058 = CARTESIAN_POINT('',(2.029371868658,2.542328705486,3.832423010327
    ));
#8059 = CARTESIAN_POINT('',(2.244951461855,2.354632149314,3.814642515812
    ));
#8060 = CARTESIAN_POINT('',(2.350341046913,2.251858460912,3.805513361457
    ));
#8061 = CARTESIAN_POINT('',(2.449803110768,2.143230199319,3.796402399141
    ));
#8062 = CARTESIAN_POINT('',(2.542914721476,2.029208432048,3.787314569615
    ));
#8063 = CARTESIAN_POINT('',(2.629305428056,1.910301799715,3.778250079471
    ));
#8064 = PCURVE('',#5297,#8065);
#8065 = DEFINITIONAL_REPRESENTATION('',(#8066),#8081);
#8066 = B_SPLINE_CURVE_WITH_KNOTS('',5,(#8067,#8068,#8069,#8070,#8071,
    #8072,#8073,#8074,#8075,#8076,#8077,#8078,#8079,#8080),
  .UNSPECIFIED.,.F.,.F.,(6,4,4,6),(0.,0.300108076235,0.640142182724,1.),
  .UNSPECIFIED.);
#8067 = CARTESIAN_POINT('',(2.,0.200000021125));
#8068 = CARTESIAN_POINT('',(2.000037244737,0.194000086359));
#8069 = CARTESIAN_POINT('',(2.000083258949,0.188000277759));
#8070 = CARTESIAN_POINT('',(2.000136948076,0.182000441811));
#8071 = CARTESIAN_POINT('',(2.00019502126,0.176000417099));
#8072 = CARTESIAN_POINT('',(2.000316540673,0.163201367554));
#8073 = CARTESIAN_POINT('',(2.000379878642,0.156402229445));
#8074 = CARTESIAN_POINT('',(2.000433343046,0.149602367431));
#8075 = CARTESIAN_POINT('',(2.000466575072,0.142801639243));
#8076 = CARTESIAN_POINT('',(2.000468518587,0.128801857275));
#8077 = CARTESIAN_POINT('',(2.000433594344,0.121602632965));
#8078 = CARTESIAN_POINT('',(2.000349821836,0.114402468011));
#8079 = CARTESIAN_POINT('',(2.000204818507,0.107201383219));
#8080 = CARTESIAN_POINT('',(2.,9.999998364734E-02));
#8081 = ( GEOMETRIC_REPRESENTATION_CONTEXT(2) 
PARAMETRIC_REPRESENTATION_CONTEXT() REPRESENTATION_CONTEXT('2D SPACE',''
  ) );
#8082 = PCURVE('',#5966,#8083);
#8083 = DEFINITIONAL_REPRESENTATION('',(#8084),#8099);
#8084 = B_SPLINE_CURVE_WITH_KNOTS('',5,(#8085,#8086,#8087,#8088,#8089,
    #8090,#8091,#8092,#8093,#8094,#8095,#8096,#8097,#8098),
  .UNSPECIFIED.,.F.,.F.,(6,4,4,6),(0.,0.300108076235,0.640142182724,1.),
  .UNSPECIFIED.);
#8085 = CARTESIAN_POINT('',(1.256637194069,3.905250127698));
#8086 = CARTESIAN_POINT('',(1.218924921485,3.897615428994));
#8087 = CARTESIAN_POINT('',(1.18121271968,3.889977410137));
#8088 = CARTESIAN_POINT('',(1.143500611543,3.882336310567));
#8089 = CARTESIAN_POINT('',(1.105788590621,3.874693231346));
#8090 = CARTESIAN_POINT('',(1.02534749497,3.858390210318));
#8091 = CARTESIAN_POINT('',(0.982618296255,3.849730167617));
#8092 = CARTESIAN_POINT('',(0.939888971849,3.841073124129));
#8093 = CARTESIAN_POINT('',(0.89715944208,3.832423010327));
#8094 = CARTESIAN_POINT('',(0.809208644538,3.814642515812));
#8095 = CARTESIAN_POINT('',(0.763986897099,3.805513361457));
#8096 = CARTESIAN_POINT('',(0.718765151201,3.796402399141));
#8097 = CARTESIAN_POINT('',(0.673542018575,3.787314569615));
#8098 = CARTESIAN_POINT('',(0.62831842794,3.778250079471));
#8099 = ( GEOMETRIC_REPRESENTATION_CONTEXT(2) 
PARAMETRIC_REPRESENTATION_CONTEXT() REPRESENTATION_CONTEXT('2D SPACE',''
  ) );
#8100 = ADVANCED_FACE('',(#8101),#5966,.F.);
#8101 = FACE_BOUND('',#8102,.F.);
#8102 = EDGE_LOOP('',(#8103,#8178,#8234,#8313,#8347,#8435,#8485,#8519,
    #8575,#8663,#8697,#8776,#8811,#8882,#8883,#8931,#8932,#8986,#8987,
    #9050,#9051,#9114,#9115,#9169,#9170,#9218));
#8103 = ORIENTED_EDGE('',*,*,#8104,.T.);
#8104 = EDGE_CURVE('',#8105,#8107,#8109,.T.);
#8105 = VERTEX_POINT('',#8106);
#8106 = CARTESIAN_POINT('',(3.250000001108,-4.264755195885E-13,5.0800001
    ));
#8107 = VERTEX_POINT('',#8108);
#8108 = CARTESIAN_POINT('',(2.62930578327,-1.910301310805,4.953000158712
    ));
#8109 = SURFACE_CURVE('',#8110,(#8123,#8139),.PCURVE_S1.);
#8110 = B_SPLINE_CURVE_WITH_KNOTS('',6,(#8111,#8112,#8113,#8114,#8115,
    #8116,#8117,#8118,#8119,#8120,#8121,#8122),.UNSPECIFIED.,.F.,.F.,(7,
    5,7),(0.,0.652464026843,1.),.UNSPECIFIED.);
#8111 = CARTESIAN_POINT('',(3.250000001153,-4.618527782441E-13,5.0800001
    ));
#8112 = CARTESIAN_POINT('',(3.250000001153,-0.221962850131,
    5.066192429313));
#8113 = CARTESIAN_POINT('',(3.231808825751,-0.44405022651,5.052392287912
    ));
#8114 = CARTESIAN_POINT('',(3.195388882865,-0.664273565183,
    5.038590539062));
#8115 = CARTESIAN_POINT('',(3.141022123879,-0.880743237138,
    5.024784440542));
#8116 = CARTESIAN_POINT('',(3.069216293921,-1.091661058444,
    5.010973713133));
#8117 = CARTESIAN_POINT('',(2.93356699021,-1.403807518419,4.989800972624
    ));
#8118 = CARTESIAN_POINT('',(2.881685966221,-1.510231113874,
    4.982441666518));
#8119 = CARTESIAN_POINT('',(2.825179670783,-1.614336944886,
    4.975081644051));
#8120 = CARTESIAN_POINT('',(2.764178803351,-1.715875358793,
    4.967721182596));
#8121 = CARTESIAN_POINT('',(2.698831995484,-1.814606631212,
    4.960360573377));
#8122 = CARTESIAN_POINT('',(2.62930578327,-1.910301310805,4.953000158712
    ));
#8123 = PCURVE('',#5966,#8124);
#8124 = DEFINITIONAL_REPRESENTATION('',(#8125),#8138);
#8125 = B_SPLINE_CURVE_WITH_KNOTS('',6,(#8126,#8127,#8128,#8129,#8130,
    #8131,#8132,#8133,#8134,#8135,#8136,#8137),.UNSPECIFIED.,.F.,.F.,(7,
    5,7),(0.,0.652464026843,1.),.UNSPECIFIED.);
#8126 = CARTESIAN_POINT('',(6.28318530718,5.0800001));
#8127 = CARTESIAN_POINT('',(6.214889045601,5.066192429313));
#8128 = CARTESIAN_POINT('',(6.146554513358,5.052392287912));
#8129 = CARTESIAN_POINT('',(6.078219851898,5.038590539062));
#8130 = CARTESIAN_POINT('',(6.009891012761,5.024784440542));
#8131 = CARTESIAN_POINT('',(5.941564739949,5.010973713133));
#8132 = CARTESIAN_POINT('',(5.836842556422,4.989800972624));
#8133 = CARTESIAN_POINT('',(5.800447697855,4.982441666518));
#8134 = CARTESIAN_POINT('',(5.764052918139,4.975081644051));
#8135 = CARTESIAN_POINT('',(5.727657918478,4.967721182596));
#8136 = CARTESIAN_POINT('',(5.691262481878,4.960360573377));
#8137 = CARTESIAN_POINT('',(5.654867065187,4.953000158712));
#8138 = ( GEOMETRIC_REPRESENTATION_CONTEXT(2) 
PARAMETRIC_REPRESENTATION_CONTEXT() REPRESENTATION_CONTEXT('2D SPACE',''
  ) );
#8139 = PCURVE('',#8140,#8163);
#8140 = ( BOUNDED_SURFACE() B_SPLINE_SURFACE(1,6,(
    (#8141,#8142,#8143,#8144,#8145,#8146,#8147,#8148,#8149,#8150,#8151)
    ,(#8152,#8153,#8154,#8155,#8156,#8157,#8158,#8159,#8160,#8161,#8162
)),.UNSPECIFIED.,.F.,.F.,.F.) B_SPLINE_SURFACE_WITH_KNOTS((2,2),(7,4,7),
(5.,6.),(0.,0.5,1.),.UNSPECIFIED.) GEOMETRIC_REPRESENTATION_ITEM() 
RATIONAL_B_SPLINE_SURFACE((
    (1.,1.,1.,1.,1.,1.,1.,1.,1.,1.,1.)
,(1.,1.,1.,1.,1.,1.,1.,1.,1.,1.,1.
  ))) REPRESENTATION_ITEM('') SURFACE() );
#8141 = CARTESIAN_POINT('',(3.250000000415,-1.669789267684E-13,3.8100001
    ));
#8142 = CARTESIAN_POINT('',(3.238523501092,1.701305661014,3.915833433341
    ));
#8143 = CARTESIAN_POINT('',(2.214523267014,3.40261132199,4.021666767259)
  );
#8144 = CARTESIAN_POINT('',(-1.92948640425E-02,4.275126821441,
    4.127500101905));
#8145 = CARTESIAN_POINT('',(-2.185066917808,3.402611321827,
    4.233333436497));
#8146 = CARTESIAN_POINT('',(-4.314933080872,-2.801395685786E-10,
    4.445000104397));
#8147 = CARTESIAN_POINT('',(-2.18506691731,-3.40261132223,4.656666769821
    ));
#8148 = CARTESIAN_POINT('',(-1.929486335708E-02,-4.275126821683,
    4.762500101895));
#8149 = CARTESIAN_POINT('',(2.214523267758,-3.402611322068,
    4.868333433944));
#8150 = CARTESIAN_POINT('',(3.238523501833,-1.701305661015,
    4.974166766673));
#8151 = CARTESIAN_POINT('',(3.250000001153,-4.582155749723E-13,5.0800001
    ));
#8152 = CARTESIAN_POINT('',(3.450000000415,7.216676905823E-12,
    3.810000099884));
#8153 = CARTESIAN_POINT('',(3.437817255026,1.806001394021,3.915833433225
    ));
#8154 = CARTESIAN_POINT('',(2.350801621753,3.612002787996,4.02166676718)
  );
#8155 = CARTESIAN_POINT('',(-2.048224024381E-02,4.53821154887,
    4.127500101906));
#8156 = CARTESIAN_POINT('',(-2.319532574337,3.612002787823,
    4.233333436576));
#8157 = CARTESIAN_POINT('',(-4.580467424351,-2.902508121602E-10,
    4.445000104551));
#8158 = CARTESIAN_POINT('',(-2.319532573823,-3.612002788235,
    4.656666769899));
#8159 = CARTESIAN_POINT('',(-2.048223953884E-02,-4.538211549113,
    4.762500101896));
#8160 = CARTESIAN_POINT('',(2.350801622512,-3.612002788063,
    4.868333433865));
#8161 = CARTESIAN_POINT('',(3.437817255775,-1.806001394008,
    4.974166766557));
#8162 = CARTESIAN_POINT('',(3.450000001153,6.98274789274E-12,
    5.080000099884));
#8163 = DEFINITIONAL_REPRESENTATION('',(#8164),#8177);
#8164 = B_SPLINE_CURVE_WITH_KNOTS('',6,(#8165,#8166,#8167,#8168,#8169,
    #8170,#8171,#8172,#8173,#8174,#8175,#8176),.UNSPECIFIED.,.F.,.F.,(7,
    5,7),(0.,0.652464026843,1.),.UNSPECIFIED.);
#8165 = CARTESIAN_POINT('',(5.,1.));
#8166 = CARTESIAN_POINT('',(5.007486475114,0.989127818357));
#8167 = CARTESIAN_POINT('',(5.01019425583,0.978261565276));
#8168 = CARTESIAN_POINT('',(5.010123488783,0.967394046481));
#8169 = CARTESIAN_POINT('',(5.008734686731,0.956523102739));
#8170 = CARTESIAN_POINT('',(5.006870566546,0.945648514195));
#8171 = CARTESIAN_POINT('',(5.00400576044,0.928977064913));
#8172 = CARTESIAN_POINT('',(5.003008581985,0.923182335671));
#8173 = CARTESIAN_POINT('',(5.002080467558,0.917387042364));
#8174 = CARTESIAN_POINT('',(5.001260871979,0.911591403396));
#8175 = CARTESIAN_POINT('',(5.000566546545,0.905795648075));
#8176 = CARTESIAN_POINT('',(5.,0.900000045945));
#8177 = ( GEOMETRIC_REPRESENTATION_CONTEXT(2) 
PARAMETRIC_REPRESENTATION_CONTEXT() REPRESENTATION_CONTEXT('2D SPACE',''
  ) );
#8178 = ORIENTED_EDGE('',*,*,#8179,.F.);
#8179 = EDGE_CURVE('',#8180,#8107,#8182,.T.);
#8180 = VERTEX_POINT('',#8181);
#8181 = CARTESIAN_POINT('',(1.004303324073,-3.09093429779,4.825999976539
    ));
#8182 = SURFACE_CURVE('',#8183,(#8198,#8216),.PCURVE_S1.);
#8183 = B_SPLINE_CURVE_WITH_KNOTS('',5,(#8184,#8185,#8186,#8187,#8188,
    #8189,#8190,#8191,#8192,#8193,#8194,#8195,#8196,#8197),
  .UNSPECIFIED.,.F.,.F.,(6,4,4,6),(0.,0.300107756029,0.640141499976,1.),
  .UNSPECIFIED.);
#8184 = CARTESIAN_POINT('',(1.004303324072,-3.09093429779,4.825999976539
    ));
#8185 = CARTESIAN_POINT('',(1.120869480869,-3.05305973707,4.833634675106
    ));
#8186 = CARTESIAN_POINT('',(1.23565029624,-3.009690153222,4.84127269383)
  );
#8187 = CARTESIAN_POINT('',(1.348299142492,-2.960938328814,
    4.848913793276));
#8188 = CARTESIAN_POINT('',(1.458483076325,-2.906948404404,
    4.856556872386));
#8189 = CARTESIAN_POINT('',(1.687570941221,-2.780987073119,
    4.872859893221));
#8190 = CARTESIAN_POINT('',(1.805686054565,-2.707578286895,
    4.881519935845));
#8191 = CARTESIAN_POINT('',(1.91976344204,-2.627925220824,4.890176979286
    ));
#8192 = CARTESIAN_POINT('',(2.02937063725,-2.542329688443,4.898827093075
    ));
#8193 = CARTESIAN_POINT('',(2.244950650006,-2.354632950538,
    4.916607614727));
#8194 = CARTESIAN_POINT('',(2.350340581077,-2.251858989952,4.92573679616
    ));
#8195 = CARTESIAN_POINT('',(2.449802957248,-2.143230419811,
    4.934847785469));
#8196 = CARTESIAN_POINT('',(2.542914842722,-2.029208311664,4.94393564185
    ));
#8197 = CARTESIAN_POINT('',(2.62930578327,-1.910301310805,4.953000158712
    ));
#8198 = PCURVE('',#5966,#8199);
#8199 = DEFINITIONAL_REPRESENTATION('',(#8200),#8215);
#8200 = B_SPLINE_CURVE_WITH_KNOTS('',5,(#8201,#8202,#8203,#8204,#8205,
    #8206,#8207,#8208,#8209,#8210,#8211,#8212,#8213,#8214),
  .UNSPECIFIED.,.F.,.F.,(6,4,4,6),(0.,0.300107756029,0.640141499976,1.),
  .UNSPECIFIED.);
#8201 = CARTESIAN_POINT('',(5.026547628569,4.825999976539));
#8202 = CARTESIAN_POINT('',(5.064259901159,4.833634675106));
#8203 = CARTESIAN_POINT('',(5.10197210297,4.84127269383));
#8204 = CARTESIAN_POINT('',(5.139684211114,4.848913793276));
#8205 = CARTESIAN_POINT('',(5.177396232041,4.856556872386));
#8206 = CARTESIAN_POINT('',(5.257837327736,4.872859893221));
#8207 = CARTESIAN_POINT('',(5.300566526488,4.881519935845));
#8208 = CARTESIAN_POINT('',(5.343295850931,4.890176979286));
#8209 = CARTESIAN_POINT('',(5.386025380736,4.898827093075));
#8210 = CARTESIAN_POINT('',(5.47397631236,4.916607614727));
#8211 = CARTESIAN_POINT('',(5.519198193851,4.92573679616));
#8212 = CARTESIAN_POINT('',(5.564420073803,4.934847785469));
#8213 = CARTESIAN_POINT('',(5.6096433405,4.94393564185));
#8214 = CARTESIAN_POINT('',(5.654867065186,4.953000158712));
#8215 = ( GEOMETRIC_REPRESENTATION_CONTEXT(2) 
PARAMETRIC_REPRESENTATION_CONTEXT() REPRESENTATION_CONTEXT('2D SPACE',''
  ) );
#8216 = PCURVE('',#7349,#8217);
#8217 = DEFINITIONAL_REPRESENTATION('',(#8218),#8233);
#8218 = B_SPLINE_CURVE_WITH_KNOTS('',5,(#8219,#8220,#8221,#8222,#8223,
    #8224,#8225,#8226,#8227,#8228,#8229,#8230,#8231,#8232),
  .UNSPECIFIED.,.F.,.F.,(6,4,4,6),(0.,0.300107756029,0.640141499976,1.),
  .UNSPECIFIED.);
#8219 = CARTESIAN_POINT('',(5.,0.799999901758));
#8220 = CARTESIAN_POINT('',(4.99996275533,0.805999836527));
#8221 = CARTESIAN_POINT('',(4.999916741176,0.811999645128));
#8222 = CARTESIAN_POINT('',(4.999863052088,0.817999481076));
#8223 = CARTESIAN_POINT('',(4.999804978911,0.823999505786));
#8224 = CARTESIAN_POINT('',(4.999683459426,0.836798555332));
#8225 = CARTESIAN_POINT('',(4.999620121364,0.843597693442));
#8226 = CARTESIAN_POINT('',(4.999566656798,0.850397555455));
#8227 = CARTESIAN_POINT('',(4.999533424531,0.857198283642));
#8228 = CARTESIAN_POINT('',(4.999531480365,0.871198086938));
#8229 = CARTESIAN_POINT('',(4.999566404402,0.878397332584));
#8230 = CARTESIAN_POINT('',(4.999650176952,0.885597518882));
#8231 = CARTESIAN_POINT('',(4.999795180711,0.892798625025));
#8232 = CARTESIAN_POINT('',(5.,0.900000045945));
#8233 = ( GEOMETRIC_REPRESENTATION_CONTEXT(2) 
PARAMETRIC_REPRESENTATION_CONTEXT() REPRESENTATION_CONTEXT('2D SPACE',''
  ) );
#8234 = ORIENTED_EDGE('',*,*,#8235,.T.);
#8235 = EDGE_CURVE('',#8180,#8236,#8238,.T.);
#8236 = VERTEX_POINT('',#8237);
#8237 = CARTESIAN_POINT('',(-1.004624408592,-3.090829952886,
    4.698979224107));
#8238 = SURFACE_CURVE('',#8239,(#8254,#8272),.PCURVE_S1.);
#8239 = B_SPLINE_CURVE_WITH_KNOTS('',5,(#8240,#8241,#8242,#8243,#8244,
    #8245,#8246,#8247,#8248,#8249,#8250,#8251,#8252,#8253),
  .UNSPECIFIED.,.F.,.F.,(6,4,4,6),(0.,0.33488137333,0.694598709363,1.),
  .UNSPECIFIED.);
#8240 = CARTESIAN_POINT('',(1.004303324072,-3.090934297791,
    4.825999976539));
#8241 = CARTESIAN_POINT('',(0.874207775986,-3.133204814988,
    4.817495644603));
#8242 = CARTESIAN_POINT('',(0.7418875946,-3.168630968686,4.808991090508)
  );
#8243 = CARTESIAN_POINT('',(0.60782499067,-3.197056174424,4.800486189618
    ));
#8244 = CARTESIAN_POINT('',(0.472513887211,-3.218375709499,
    4.791980585708));
#8245 = CARTESIAN_POINT('',(0.190313003281,-3.247748588026,
    4.774337286555));
#8246 = CARTESIAN_POINT('',(4.330668912564E-02,-3.254701002447,
    4.765199366957));
#8247 = CARTESIAN_POINT('',(-0.103934794376,-3.253329295538,
    4.756060727597));
#8248 = CARTESIAN_POINT('',(-0.250785744951,-3.243639365609,
    4.74692121786));
#8249 = CARTESIAN_POINT('',(-0.520437937608,-3.210483834174,
    4.730021331955));
#8250 = CARTESIAN_POINT('',(-0.643523732072,-3.18931908194,
    4.722261027083));
#8251 = CARTESIAN_POINT('',(-0.765497909774,-3.162260582194,
    4.714500458367));
#8252 = CARTESIAN_POINT('',(-0.885986955219,-3.129391191429,
    4.70673978015));
#8253 = CARTESIAN_POINT('',(-1.004625549663,-3.090829582,4.698979149465)
  );
#8254 = PCURVE('',#5966,#8255);
#8255 = DEFINITIONAL_REPRESENTATION('',(#8256),#8271);
#8256 = B_SPLINE_CURVE_WITH_KNOTS('',5,(#8257,#8258,#8259,#8260,#8261,
    #8262,#8263,#8264,#8265,#8266,#8267,#8268,#8269,#8270),
  .UNSPECIFIED.,.F.,.F.,(6,4,4,6),(0.,0.33488137333,0.694598709363,1.),
  .UNSPECIFIED.);
#8257 = CARTESIAN_POINT('',(5.026547628569,4.825999976539));
#8258 = CARTESIAN_POINT('',(4.98445823567,4.817495644603));
#8259 = CARTESIAN_POINT('',(4.942368616951,4.808991090508));
#8260 = CARTESIAN_POINT('',(4.900279436263,4.800486189618));
#8261 = CARTESIAN_POINT('',(4.858189845822,4.791980585708));
#8262 = CARTESIAN_POINT('',(4.770889721509,4.774337286555));
#8263 = CARTESIAN_POINT('',(4.72567859135,4.765199366957));
#8264 = CARTESIAN_POINT('',(4.6804681251,4.756060727597));
#8265 = CARTESIAN_POINT('',(4.63525709453,4.74692121786));
#8266 = CARTESIAN_POINT('',(4.551662358267,4.730021331955));
#8267 = CARTESIAN_POINT('',(4.51327825631,4.722261027083));
#8268 = CARTESIAN_POINT('',(4.474894180814,4.714500458367));
#8269 = CARTESIAN_POINT('',(4.436510143873,4.70673978015));
#8270 = CARTESIAN_POINT('',(4.398126081829,4.698979149465));
#8271 = ( GEOMETRIC_REPRESENTATION_CONTEXT(2) 
PARAMETRIC_REPRESENTATION_CONTEXT() REPRESENTATION_CONTEXT('2D SPACE',''
  ) );
#8272 = PCURVE('',#8273,#8296);
#8273 = ( BOUNDED_SURFACE() B_SPLINE_SURFACE(1,6,(
    (#8274,#8275,#8276,#8277,#8278,#8279,#8280,#8281,#8282,#8283,#8284)
    ,(#8285,#8286,#8287,#8288,#8289,#8290,#8291,#8292,#8293,#8294,#8295
)),.UNSPECIFIED.,.F.,.F.,.F.) B_SPLINE_SURFACE_WITH_KNOTS((2,2),(7,4,7),
(5.,6.),(0.,0.5,1.),.UNSPECIFIED.) GEOMETRIC_REPRESENTATION_ITEM() 
RATIONAL_B_SPLINE_SURFACE((
    (1.,1.,1.,1.,1.,1.,1.,1.,1.,1.,1.)
,(1.,1.,1.,1.,1.,1.,1.,1.,1.,1.,1.
  ))) REPRESENTATION_ITEM('') SURFACE() );
#8274 = CARTESIAN_POINT('',(3.250000000415,-1.669789267684E-13,3.8100001
    ));
#8275 = CARTESIAN_POINT('',(3.238523501092,1.701305661014,3.915833433341
    ));
#8276 = CARTESIAN_POINT('',(2.214523267014,3.40261132199,4.021666767259)
  );
#8277 = CARTESIAN_POINT('',(-1.92948640425E-02,4.275126821441,
    4.127500101905));
#8278 = CARTESIAN_POINT('',(-2.185066917808,3.402611321827,
    4.233333436497));
#8279 = CARTESIAN_POINT('',(-4.314933080872,-2.801395685786E-10,
    4.445000104397));
#8280 = CARTESIAN_POINT('',(-2.18506691731,-3.40261132223,4.656666769821
    ));
#8281 = CARTESIAN_POINT('',(-1.929486335708E-02,-4.275126821683,
    4.762500101895));
#8282 = CARTESIAN_POINT('',(2.214523267758,-3.402611322068,
    4.868333433944));
#8283 = CARTESIAN_POINT('',(3.238523501833,-1.701305661015,
    4.974166766673));
#8284 = CARTESIAN_POINT('',(3.250000001153,-4.582155749723E-13,5.0800001
    ));
#8285 = CARTESIAN_POINT('',(3.450000000415,7.216676905823E-12,
    3.810000099884));
#8286 = CARTESIAN_POINT('',(3.437817255026,1.806001394021,3.915833433225
    ));
#8287 = CARTESIAN_POINT('',(2.350801621753,3.612002787996,4.02166676718)
  );
#8288 = CARTESIAN_POINT('',(-2.048224024381E-02,4.53821154887,
    4.127500101906));
#8289 = CARTESIAN_POINT('',(-2.319532574337,3.612002787823,
    4.233333436576));
#8290 = CARTESIAN_POINT('',(-4.580467424351,-2.902508121602E-10,
    4.445000104551));
#8291 = CARTESIAN_POINT('',(-2.319532573823,-3.612002788235,
    4.656666769899));
#8292 = CARTESIAN_POINT('',(-2.048223953884E-02,-4.538211549113,
    4.762500101896));
#8293 = CARTESIAN_POINT('',(2.350801622512,-3.612002788063,
    4.868333433865));
#8294 = CARTESIAN_POINT('',(3.437817255775,-1.806001394008,
    4.974166766557));
#8295 = CARTESIAN_POINT('',(3.450000001153,6.98274789274E-12,
    5.080000099884));
#8296 = DEFINITIONAL_REPRESENTATION('',(#8297),#8312);
#8297 = B_SPLINE_CURVE_WITH_KNOTS('',5,(#8298,#8299,#8300,#8301,#8302,
    #8303,#8304,#8305,#8306,#8307,#8308,#8309,#8310,#8311),
  .UNSPECIFIED.,.F.,.F.,(6,4,4,6),(0.,0.33488137333,0.694598709363,1.),
  .UNSPECIFIED.);
#8298 = CARTESIAN_POINT('',(5.,0.799999901758));
#8299 = CARTESIAN_POINT('',(5.000142869149,0.793303577339));
#8300 = CARTESIAN_POINT('',(5.000248180268,0.786607077992));
#8301 = CARTESIAN_POINT('',(5.000310386752,0.779910305576));
#8302 = CARTESIAN_POINT('',(5.000335222884,0.773212979601));
#8303 = CARTESIAN_POINT('',(5.000329203228,0.759320617935));
#8304 = CARTESIAN_POINT('',(5.000294047261,0.752125405586));
#8305 = CARTESIAN_POINT('',(5.000238813533,0.744929626495));
#8306 = CARTESIAN_POINT('',(5.000179804992,0.737733162068));
#8307 = CARTESIAN_POINT('',(5.000082794593,0.724426165169));
#8308 = CARTESIAN_POINT('',(5.000042915824,0.718315688836));
#8309 = CARTESIAN_POINT('',(5.000014411303,0.712205004752));
#8310 = CARTESIAN_POINT('',(5.000000317817,0.706094234447));
#8311 = CARTESIAN_POINT('',(5.,0.69998350157));
#8312 = ( GEOMETRIC_REPRESENTATION_CONTEXT(2) 
PARAMETRIC_REPRESENTATION_CONTEXT() REPRESENTATION_CONTEXT('2D SPACE',''
  ) );
#8313 = ORIENTED_EDGE('',*,*,#8314,.F.);
#8314 = EDGE_CURVE('',#8315,#8236,#8317,.T.);
#8315 = VERTEX_POINT('',#8316);
#8316 = CARTESIAN_POINT('',(-1.011488595931,-3.088590426117,
    4.698530047405));
#8317 = SURFACE_CURVE('',#8318,(#8330,#8340),.PCURVE_S1.);
#8318 = ( BOUNDED_CURVE() B_SPLINE_CURVE(6,(#8319,#8320,#8321,#8322,
    #8323,#8324,#8325,#8326,#8327,#8328,#8329),.UNSPECIFIED.,.F.,.F.) 
B_SPLINE_CURVE_WITH_KNOTS((7,4,7),(0.,0.5,1.),.UNSPECIFIED.) CURVE() 
GEOMETRIC_REPRESENTATION_ITEM() RATIONAL_B_SPLINE_CURVE((1.,1.,1.,1.,1.,
1.,1.,1.,1.,1.,1.)) REPRESENTATION_ITEM('') );
#8319 = CARTESIAN_POINT('',(3.250000000415,-1.669789267684E-13,3.8100001
    ));
#8320 = CARTESIAN_POINT('',(3.238523501092,1.701305661014,3.915833433341
    ));
#8321 = CARTESIAN_POINT('',(2.214523267014,3.40261132199,4.021666767259)
  );
#8322 = CARTESIAN_POINT('',(-1.92948640425E-02,4.275126821441,
    4.127500101905));
#8323 = CARTESIAN_POINT('',(-2.185066917808,3.402611321827,
    4.233333436497));
#8324 = CARTESIAN_POINT('',(-4.314933080872,-2.801395685786E-10,
    4.445000104397));
#8325 = CARTESIAN_POINT('',(-2.18506691731,-3.40261132223,4.656666769821
    ));
#8326 = CARTESIAN_POINT('',(-1.929486335708E-02,-4.275126821683,
    4.762500101895));
#8327 = CARTESIAN_POINT('',(2.214523267758,-3.402611322068,
    4.868333433944));
#8328 = CARTESIAN_POINT('',(3.238523501833,-1.701305661015,
    4.974166766673));
#8329 = CARTESIAN_POINT('',(3.250000001153,-4.582155749723E-13,5.0800001
    ));
#8330 = PCURVE('',#5966,#8331);
#8331 = DEFINITIONAL_REPRESENTATION('',(#8332),#8339);
#8332 = B_SPLINE_CURVE_WITH_KNOTS('',5,(#8333,#8334,#8335,#8336,#8337,
    #8338),.UNSPECIFIED.,.F.,.F.,(6,6),(0.699629877898,0.699983560343),
  .PIECEWISE_BEZIER_KNOTS.);
#8333 = CARTESIAN_POINT('',(4.395904823705,4.698530047405));
#8334 = CARTESIAN_POINT('',(4.396349149236,4.698619882746));
#8335 = CARTESIAN_POINT('',(4.396793474731,4.698709718086));
#8336 = CARTESIAN_POINT('',(4.39723780019,4.698799553426));
#8337 = CARTESIAN_POINT('',(4.397682125616,4.698889388766));
#8338 = CARTESIAN_POINT('',(4.398126451008,4.698979224107));
#8339 = ( GEOMETRIC_REPRESENTATION_CONTEXT(2) 
PARAMETRIC_REPRESENTATION_CONTEXT() REPRESENTATION_CONTEXT('2D SPACE',''
  ) );
#8340 = PCURVE('',#7349,#8341);
#8341 = DEFINITIONAL_REPRESENTATION('',(#8342),#8346);
#8342 = LINE('',#8343,#8344);
#8343 = CARTESIAN_POINT('',(5.,0.));
#8344 = VECTOR('',#8345,1.);
#8345 = DIRECTION('',(0.,1.));
#8346 = ( GEOMETRIC_REPRESENTATION_CONTEXT(2) 
PARAMETRIC_REPRESENTATION_CONTEXT() REPRESENTATION_CONTEXT('2D SPACE',''
  ) );
#8347 = ORIENTED_EDGE('',*,*,#8348,.F.);
#8348 = EDGE_CURVE('',#8349,#8315,#8351,.T.);
#8349 = VERTEX_POINT('',#8350);
#8350 = CARTESIAN_POINT('',(-2.629308172839,-1.910298021839,
    4.571999792254));
#8351 = SURFACE_CURVE('',#8352,(#8370,#8391),.PCURVE_S1.);
#8352 = B_SPLINE_CURVE_WITH_KNOTS('',6,(#8353,#8354,#8355,#8356,#8357,
    #8358,#8359,#8360,#8361,#8362,#8363,#8364,#8365,#8366,#8367,#8368,
    #8369),.UNSPECIFIED.,.F.,.F.,(7,5,5,7),(0.,0.180714028691,
    0.404480596304,1.),.UNSPECIFIED.);
#8353 = CARTESIAN_POINT('',(-2.629308172838,-1.910298021841,
    4.571999792254));
#8354 = CARTESIAN_POINT('',(-2.593290908592,-1.959871693678,
    4.575809755763));
#8355 = CARTESIAN_POINT('',(-2.556152017956,-2.008630491811,
    4.579619715926));
#8356 = CARTESIAN_POINT('',(-2.517914581276,-2.056542650773,
    4.583429688885));
#8357 = CARTESIAN_POINT('',(-2.47860282457,-2.103577340732,
    4.587239689988));
#8358 = CARTESIAN_POINT('',(-2.438242119529,-2.149704667491,
    4.591049733788));
#8359 = CARTESIAN_POINT('',(-2.345616905812,-2.250852789646,
    4.599577636323));
#8360 = CARTESIAN_POINT('',(-2.292807124604,-2.305374401751,
    4.604295527553));
#8361 = CARTESIAN_POINT('',(-2.238480032658,-2.358405486268,
    4.609013533056));
#8362 = CARTESIAN_POINT('',(-2.18268841731,-2.409893545304,
    4.613731672903));
#8363 = CARTESIAN_POINT('',(-2.125487460474,-2.459788605607,
    4.618449961922));
#8364 = CARTESIAN_POINT('',(-1.911105910582,-2.636465255162,
    4.635725813734));
#8365 = CARTESIAN_POINT('',(-1.745695586011,-2.753274450602,
    4.64828490287));
#8366 = CARTESIAN_POINT('',(-1.571799971477,-2.857564381333,
    4.660844708048));
#8367 = CARTESIAN_POINT('',(-1.390608408451,-2.948589698581,
    4.673405731109));
#8368 = CARTESIAN_POINT('',(-1.203387191299,-3.025745175044,
    4.685968086898));
#8369 = CARTESIAN_POINT('',(-1.011488595931,-3.088590426117,
    4.698530047405));
#8370 = PCURVE('',#5966,#8371);
#8371 = DEFINITIONAL_REPRESENTATION('',(#8372),#8390);
#8372 = B_SPLINE_CURVE_WITH_KNOTS('',6,(#8373,#8374,#8375,#8376,#8377,
    #8378,#8379,#8380,#8381,#8382,#8383,#8384,#8385,#8386,#8387,#8388,
    #8389),.UNSPECIFIED.,.F.,.F.,(7,5,5,7),(0.,0.180714028691,
    0.404480596304,1.),.UNSPECIFIED.);
#8373 = CARTESIAN_POINT('',(3.769909644697,4.571999792254));
#8374 = CARTESIAN_POINT('',(3.788763909232,4.575809755763));
#8375 = CARTESIAN_POINT('',(3.807618176817,4.579619715926));
#8376 = CARTESIAN_POINT('',(3.826472445608,4.583429688885));
#8377 = CARTESIAN_POINT('',(3.845326713735,4.587239689988));
#8378 = CARTESIAN_POINT('',(3.864180979295,4.591049733788));
#8379 = CARTESIAN_POINT('',(3.9063812601,4.599577636323));
#8380 = CARTESIAN_POINT('',(3.929727287441,4.604295527553));
#8381 = CARTESIAN_POINT('',(3.953073314463,4.609013533056));
#8382 = CARTESIAN_POINT('',(3.976419333193,4.613731672903));
#8383 = CARTESIAN_POINT('',(3.999765335605,4.618449961922));
#8384 = CARTESIAN_POINT('',(4.08524294951,4.635725813734));
#8385 = CARTESIAN_POINT('',(4.147377197217,4.64828490287));
#8386 = CARTESIAN_POINT('',(4.209508272687,4.660844708048));
#8387 = CARTESIAN_POINT('',(4.27163928738,4.673405731109));
#8388 = CARTESIAN_POINT('',(4.333773375733,4.685968086898));
#8389 = CARTESIAN_POINT('',(4.395904823705,4.698530047405));
#8390 = ( GEOMETRIC_REPRESENTATION_CONTEXT(2) 
PARAMETRIC_REPRESENTATION_CONTEXT() REPRESENTATION_CONTEXT('2D SPACE',''
  ) );
#8391 = PCURVE('',#8392,#8415);
#8392 = ( BOUNDED_SURFACE() B_SPLINE_SURFACE(1,6,(
    (#8393,#8394,#8395,#8396,#8397,#8398,#8399,#8400,#8401,#8402,#8403)
    ,(#8404,#8405,#8406,#8407,#8408,#8409,#8410,#8411,#8412,#8413,#8414
)),.UNSPECIFIED.,.F.,.F.,.F.) B_SPLINE_SURFACE_WITH_KNOTS((2,2),(7,4,7),
(5.,6.),(0.,0.5,1.),.UNSPECIFIED.) GEOMETRIC_REPRESENTATION_ITEM() 
RATIONAL_B_SPLINE_SURFACE((
    (1.,1.,1.,1.,1.,1.,1.,1.,1.,1.,1.)
,(1.,1.,1.,1.,1.,1.,1.,1.,1.,1.,1.
  ))) REPRESENTATION_ITEM('') SURFACE() );
#8393 = CARTESIAN_POINT('',(3.250000000415,-1.669789267684E-13,3.8100001
    ));
#8394 = CARTESIAN_POINT('',(3.238523501092,1.701305661014,3.915833433341
    ));
#8395 = CARTESIAN_POINT('',(2.214523267014,3.40261132199,4.021666767259)
  );
#8396 = CARTESIAN_POINT('',(-1.92948640425E-02,4.275126821441,
    4.127500101905));
#8397 = CARTESIAN_POINT('',(-2.185066917808,3.402611321827,
    4.233333436497));
#8398 = CARTESIAN_POINT('',(-4.314933080872,-2.801395685786E-10,
    4.445000104397));
#8399 = CARTESIAN_POINT('',(-2.18506691731,-3.40261132223,4.656666769821
    ));
#8400 = CARTESIAN_POINT('',(-1.929486335708E-02,-4.275126821683,
    4.762500101895));
#8401 = CARTESIAN_POINT('',(2.214523267758,-3.402611322068,
    4.868333433944));
#8402 = CARTESIAN_POINT('',(3.238523501833,-1.701305661015,
    4.974166766673));
#8403 = CARTESIAN_POINT('',(3.250000001153,-4.582155749723E-13,5.0800001
    ));
#8404 = CARTESIAN_POINT('',(3.450000000415,7.216676905823E-12,
    3.810000099884));
#8405 = CARTESIAN_POINT('',(3.437817255026,1.806001394021,3.915833433225
    ));
#8406 = CARTESIAN_POINT('',(2.350801621753,3.612002787996,4.02166676718)
  );
#8407 = CARTESIAN_POINT('',(-2.048224024381E-02,4.53821154887,
    4.127500101906));
#8408 = CARTESIAN_POINT('',(-2.319532574337,3.612002787823,
    4.233333436576));
#8409 = CARTESIAN_POINT('',(-4.580467424351,-2.902508121602E-10,
    4.445000104551));
#8410 = CARTESIAN_POINT('',(-2.319532573823,-3.612002788235,
    4.656666769899));
#8411 = CARTESIAN_POINT('',(-2.048223953884E-02,-4.538211549113,
    4.762500101896));
#8412 = CARTESIAN_POINT('',(2.350801622512,-3.612002788063,
    4.868333433865));
#8413 = CARTESIAN_POINT('',(3.437817255775,-1.806001394008,
    4.974166766557));
#8414 = CARTESIAN_POINT('',(3.450000001153,6.98274789274E-12,
    5.080000099884));
#8415 = DEFINITIONAL_REPRESENTATION('',(#8416),#8434);
#8416 = B_SPLINE_CURVE_WITH_KNOTS('',6,(#8417,#8418,#8419,#8420,#8421,
    #8422,#8423,#8424,#8425,#8426,#8427,#8428,#8429,#8430,#8431,#8432,
    #8433),.UNSPECIFIED.,.F.,.F.,(7,5,5,7),(0.,0.180714028691,
    0.404480596304,1.),.UNSPECIFIED.);
#8417 = CARTESIAN_POINT('',(5.,0.599999754991));
#8418 = CARTESIAN_POINT('',(5.000040985033,0.602999726275));
#8419 = CARTESIAN_POINT('',(5.000079133906,0.605999694924));
#8420 = CARTESIAN_POINT('',(5.0001137202,0.60899967365));
#8421 = CARTESIAN_POINT('',(5.000144219051,0.611999674536));
#8422 = CARTESIAN_POINT('',(5.000170307145,0.614999709043));
#8423 = CARTESIAN_POINT('',(5.000218553604,0.621714592971));
#8424 = CARTESIAN_POINT('',(5.000238276054,0.62542946798));
#8425 = CARTESIAN_POINT('',(5.000250850322,0.629144432967));
#8426 = CARTESIAN_POINT('',(5.000256477745,0.632859503739));
#8427 = CARTESIAN_POINT('',(5.000255740745,0.636574691969));
#8428 = CARTESIAN_POINT('',(5.000233267753,0.650177724989));
#8429 = CARTESIAN_POINT('',(5.000178582726,0.660066771629));
#8430 = CARTESIAN_POINT('',(5.0001021294,0.669956382085));
#8431 = CARTESIAN_POINT('',(5.000035471416,0.679846951507));
#8432 = CARTESIAN_POINT('',(5.000000514101,0.689738570325));
#8433 = CARTESIAN_POINT('',(5.,0.699629877898));
#8434 = ( GEOMETRIC_REPRESENTATION_CONTEXT(2) 
PARAMETRIC_REPRESENTATION_CONTEXT() REPRESENTATION_CONTEXT('2D SPACE',''
  ) );
#8435 = ORIENTED_EDGE('',*,*,#8436,.F.);
#8436 = EDGE_CURVE('',#8437,#8349,#8439,.T.);
#8437 = VERTEX_POINT('',#8438);
#8438 = CARTESIAN_POINT('',(-3.249999778121,-1.200922325908E-03,
    4.44507480969));
#8439 = SURFACE_CURVE('',#8440,(#8453,#8469),.PCURVE_S1.);
#8440 = B_SPLINE_CURVE_WITH_KNOTS('',6,(#8441,#8442,#8443,#8444,#8445,
    #8446,#8447,#8448,#8449,#8450,#8451,#8452),.UNSPECIFIED.,.F.,.F.,(7,
    5,7),(0.,0.187678713834,1.),.UNSPECIFIED.);
#8441 = CARTESIAN_POINT('',(-3.249999778121,-1.200922325908E-03,
    4.44507480969));
#8442 = CARTESIAN_POINT('',(-3.249976190381,-6.503531693249E-02,
    4.449045812207));
#8443 = CARTESIAN_POINT('',(-3.248448049944,-0.128868858542,
    4.453019849368));
#8444 = CARTESIAN_POINT('',(-3.24541540137,-0.192657260429,
    4.456995851133));
#8445 = CARTESIAN_POINT('',(-3.240880015317,-0.256356325323,
    4.460972949186));
#8446 = CARTESIAN_POINT('',(-3.234845388542,-0.319921945406,
    4.464950476936));
#8447 = CARTESIAN_POINT('',(-3.194730851908,-0.657670194072,
    4.486143570693));
#8448 = CARTESIAN_POINT('',(-3.134151332374,-0.92874764954,
    4.503360987964));
#8449 = CARTESIAN_POINT('',(-3.045997264824,-1.192883529771,
    4.520534908275));
#8450 = CARTESIAN_POINT('',(-2.931333345336,-1.446640204812,
    4.537688163073));
#8451 = CARTESIAN_POINT('',(-2.791710216615,-1.686770061225,
    4.554841984777));
#8452 = CARTESIAN_POINT('',(-2.629308172837,-1.910298021841,
    4.571999792254));
#8453 = PCURVE('',#5966,#8454);
#8454 = DEFINITIONAL_REPRESENTATION('',(#8455),#8468);
#8455 = B_SPLINE_CURVE_WITH_KNOTS('',6,(#8456,#8457,#8458,#8459,#8460,
    #8461,#8462,#8463,#8464,#8465,#8466,#8467),.UNSPECIFIED.,.F.,.F.,(7,
    5,7),(0.,0.187678713834,1.),.UNSPECIFIED.);
#8456 = CARTESIAN_POINT('',(3.14196216816,4.44507480969));
#8457 = CARTESIAN_POINT('',(3.161603521688,4.449045812207));
#8458 = CARTESIAN_POINT('',(3.181244777618,4.453019849368));
#8459 = CARTESIAN_POINT('',(3.200885966985,4.456995851133));
#8460 = CARTESIAN_POINT('',(3.220527116517,4.460972949186));
#8461 = CARTESIAN_POINT('',(3.240168248645,4.464950476936));
#8462 = CARTESIAN_POINT('',(3.344821208198,4.486143570693));
#8463 = CARTESIAN_POINT('',(3.429845732112,4.503360987964));
#8464 = CARTESIAN_POINT('',(3.514856979568,4.520534908275));
#8465 = CARTESIAN_POINT('',(3.599868898949,4.537688163073));
#8466 = CARTESIAN_POINT('',(3.684895661579,4.554841984777));
#8467 = CARTESIAN_POINT('',(3.769909644697,4.571999792254));
#8468 = ( GEOMETRIC_REPRESENTATION_CONTEXT(2) 
PARAMETRIC_REPRESENTATION_CONTEXT() REPRESENTATION_CONTEXT('2D SPACE',''
  ) );
#8469 = PCURVE('',#7349,#8470);
#8470 = DEFINITIONAL_REPRESENTATION('',(#8471),#8484);
#8471 = B_SPLINE_CURVE_WITH_KNOTS('',6,(#8472,#8473,#8474,#8475,#8476,
    #8477,#8478,#8479,#8480,#8481,#8482,#8483),.UNSPECIFIED.,.F.,.F.,(7,
    5,7),(0.,0.187678713834,1.),.UNSPECIFIED.);
#8472 = CARTESIAN_POINT('',(5.,0.500058823552));
#8473 = CARTESIAN_POINT('',(4.999999878789,0.50318555931));
#8474 = CARTESIAN_POINT('',(4.99999206335,0.506312280105));
#8475 = CARTESIAN_POINT('',(4.999979247146,0.509438985094));
#8476 = CARTESIAN_POINT('',(4.999963604481,0.512565670033));
#8477 = CARTESIAN_POINT('',(4.999946790498,0.515692327281));
#8478 = CARTESIAN_POINT('',(4.999857013035,0.532351747241));
#8479 = CARTESIAN_POINT('',(4.999783717136,0.545885863774));
#8480 = CARTESIAN_POINT('',(4.999807565986,0.559416088478));
#8481 = CARTESIAN_POINT('',(4.999875686916,0.572943876163));
#8482 = CARTESIAN_POINT('',(4.999946232272,0.586472867875));
#8483 = CARTESIAN_POINT('',(5.,0.599999754991));
#8484 = ( GEOMETRIC_REPRESENTATION_CONTEXT(2) 
PARAMETRIC_REPRESENTATION_CONTEXT() REPRESENTATION_CONTEXT('2D SPACE',''
  ) );
#8485 = ORIENTED_EDGE('',*,*,#8486,.F.);
#8486 = EDGE_CURVE('',#8487,#8437,#8489,.T.);
#8487 = VERTEX_POINT('',#8488);
#8488 = CARTESIAN_POINT('',(-3.249999778744,1.199229075806E-03,
    4.444925503169));
#8489 = SURFACE_CURVE('',#8490,(#8502,#8512),.PCURVE_S1.);
#8490 = ( BOUNDED_CURVE() B_SPLINE_CURVE(6,(#8491,#8492,#8493,#8494,
    #8495,#8496,#8497,#8498,#8499,#8500,#8501),.UNSPECIFIED.,.F.,.F.) 
B_SPLINE_CURVE_WITH_KNOTS((7,4,7),(0.,0.5,1.),.UNSPECIFIED.) CURVE() 
GEOMETRIC_REPRESENTATION_ITEM() RATIONAL_B_SPLINE_CURVE((1.,1.,1.,1.,1.,
1.,1.,1.,1.,1.,1.)) REPRESENTATION_ITEM('') );
#8491 = CARTESIAN_POINT('',(3.250000000415,-1.669789267684E-13,3.8100001
    ));
#8492 = CARTESIAN_POINT('',(3.238523501092,1.701305661014,3.915833433341
    ));
#8493 = CARTESIAN_POINT('',(2.214523267014,3.40261132199,4.021666767259)
  );
#8494 = CARTESIAN_POINT('',(-1.92948640425E-02,4.275126821441,
    4.127500101905));
#8495 = CARTESIAN_POINT('',(-2.185066917808,3.402611321827,
    4.233333436497));
#8496 = CARTESIAN_POINT('',(-4.314933080872,-2.801395685786E-10,
    4.445000104397));
#8497 = CARTESIAN_POINT('',(-2.18506691731,-3.40261132223,4.656666769821
    ));
#8498 = CARTESIAN_POINT('',(-1.929486335708E-02,-4.275126821683,
    4.762500101895));
#8499 = CARTESIAN_POINT('',(2.214523267758,-3.402611322068,
    4.868333433944));
#8500 = CARTESIAN_POINT('',(3.238523501833,-1.701305661015,
    4.974166766673));
#8501 = CARTESIAN_POINT('',(3.250000001153,-4.582155749723E-13,5.0800001
    ));
#8502 = PCURVE('',#5966,#8503);
#8503 = DEFINITIONAL_REPRESENTATION('',(#8504),#8511);
#8504 = B_SPLINE_CURVE_WITH_KNOTS('',5,(#8505,#8506,#8507,#8508,#8509,
    #8510),.UNSPECIFIED.,.F.,.F.,(6,6),(0.499941259363,0.500058823552),
  .PIECEWISE_BEZIER_KNOTS.);
#8505 = CARTESIAN_POINT('',(3.14122366002,4.444925503169));
#8506 = CARTESIAN_POINT('',(3.141371361648,4.444955364473));
#8507 = CARTESIAN_POINT('',(3.141519063276,4.444985225777));
#8508 = CARTESIAN_POINT('',(3.141666764904,4.445015087081));
#8509 = CARTESIAN_POINT('',(3.141814466532,4.445044948385));
#8510 = CARTESIAN_POINT('',(3.14196216816,4.44507480969));
#8511 = ( GEOMETRIC_REPRESENTATION_CONTEXT(2) 
PARAMETRIC_REPRESENTATION_CONTEXT() REPRESENTATION_CONTEXT('2D SPACE',''
  ) );
#8512 = PCURVE('',#7349,#8513);
#8513 = DEFINITIONAL_REPRESENTATION('',(#8514),#8518);
#8514 = LINE('',#8515,#8516);
#8515 = CARTESIAN_POINT('',(5.,0.));
#8516 = VECTOR('',#8517,1.);
#8517 = DIRECTION('',(0.,1.));
#8518 = ( GEOMETRIC_REPRESENTATION_CONTEXT(2) 
PARAMETRIC_REPRESENTATION_CONTEXT() REPRESENTATION_CONTEXT('2D SPACE',''
  ) );
#8519 = ORIENTED_EDGE('',*,*,#8520,.F.);
#8520 = EDGE_CURVE('',#8521,#8487,#8523,.T.);
#8521 = VERTEX_POINT('',#8522);
#8522 = CARTESIAN_POINT('',(-2.62930827122,1.910297886428,4.318000424956
    ));
#8523 = SURFACE_CURVE('',#8524,(#8539,#8557),.PCURVE_S1.);
#8524 = B_SPLINE_CURVE_WITH_KNOTS('',5,(#8525,#8526,#8527,#8528,#8529,
    #8530,#8531,#8532,#8533,#8534,#8535,#8536,#8537,#8538),
  .UNSPECIFIED.,.F.,.F.,(6,4,4,6),(0.,0.159947470793,0.499790803117,1.),
  .UNSPECIFIED.);
#8525 = CARTESIAN_POINT('',(-2.629308271216,1.910297886434,
    4.318000424955));
#8526 = CARTESIAN_POINT('',(-2.667726579532,1.857419444523,
    4.322069423093));
#8527 = CARTESIAN_POINT('',(-2.704815564338,1.803575226109,
    4.326138812383));
#8528 = CARTESIAN_POINT('',(-2.740542829489,1.748809831483,
    4.330208495942));
#8529 = CARTESIAN_POINT('',(-2.774878298319,1.693169369048,
    4.334278342236));
#8530 = CARTESIAN_POINT('',(-2.877731264196,1.516723040667,4.34699545501
    ));
#8531 = CARTESIAN_POINT('',(-2.941260283811,1.393008309468,
    4.355642830842));
#8532 = CARTESIAN_POINT('',(-2.998114145542,1.266015765332,
    4.364288368599));
#8533 = CARTESIAN_POINT('',(-3.048077181893,1.136227000546,
    4.372930466348));
#8534 = CARTESIAN_POINT('',(-3.154140691021,0.809740107099,
    4.394281092411));
#8535 = CARTESIAN_POINT('',(-3.202013908872,0.610361865136,
    4.406984714343));
#8536 = CARTESIAN_POINT('',(-3.234080219211,0.407629118963,
    4.419675667939));
#8537 = CARTESIAN_POINT('',(-3.250075309722,0.203206708672,
    4.432359043803));
#8538 = CARTESIAN_POINT('',(-3.249999778121,-1.200922325908E-03,
    4.44507480969));
#8539 = PCURVE('',#5966,#8540);
#8540 = DEFINITIONAL_REPRESENTATION('',(#8541),#8556);
#8541 = B_SPLINE_CURVE_WITH_KNOTS('',5,(#8542,#8543,#8544,#8545,#8546,
    #8547,#8548,#8549,#8550,#8551,#8552,#8553,#8554,#8555),
  .UNSPECIFIED.,.F.,.F.,(6,4,4,6),(0.,0.159947470793,0.499790803117,1.),
  .UNSPECIFIED.);
#8542 = CARTESIAN_POINT('',(2.513275713982,4.318000424955));
#8543 = CARTESIAN_POINT('',(2.533386874963,4.322069423093));
#8544 = CARTESIAN_POINT('',(2.553498024123,4.326138812383));
#8545 = CARTESIAN_POINT('',(2.573609163322,4.330208495942));
#8546 = CARTESIAN_POINT('',(2.593720295643,4.334278342236));
#8547 = CARTESIAN_POINT('',(2.656561912569,4.34699545501));
#8548 = CARTESIAN_POINT('',(2.699292477574,4.355642830842));
#8549 = CARTESIAN_POINT('',(2.742023129545,4.364288368599));
#8550 = CARTESIAN_POINT('',(2.784753867101,4.372930466348));
#8551 = CARTESIAN_POINT('',(2.890379379333,4.394281092411));
#8552 = CARTESIAN_POINT('',(2.953276144042,4.406984714343));
#8553 = CARTESIAN_POINT('',(3.016170120714,4.419675667939));
#8554 = CARTESIAN_POINT('',(3.079067508175,4.432359043803));
#8555 = CARTESIAN_POINT('',(3.14196216816,4.44507480969));
#8556 = ( GEOMETRIC_REPRESENTATION_CONTEXT(2) 
PARAMETRIC_REPRESENTATION_CONTEXT() REPRESENTATION_CONTEXT('2D SPACE',''
  ) );
#8557 = PCURVE('',#7349,#8558);
#8558 = DEFINITIONAL_REPRESENTATION('',(#8559),#8574);
#8559 = B_SPLINE_CURVE_WITH_KNOTS('',5,(#8560,#8561,#8562,#8563,#8564,
    #8565,#8566,#8567,#8568,#8569,#8570,#8571,#8572,#8573),
  .UNSPECIFIED.,.F.,.F.,(6,4,4,6),(0.,0.159947470793,0.499790803117,1.),
  .UNSPECIFIED.);
#8560 = CARTESIAN_POINT('',(5.,0.400000253177));
#8561 = CARTESIAN_POINT('',(4.999987280541,0.403200213871));
#8562 = CARTESIAN_POINT('',(4.999973580466,0.406400176116));
#8563 = CARTESIAN_POINT('',(4.999959203032,0.409600158394));
#8564 = CARTESIAN_POINT('',(4.999944535593,0.412800178186));
#8565 = CARTESIAN_POINT('',(4.999899270954,0.422799507564));
#8566 = CARTESIAN_POINT('',(4.99986903847,0.429599017231));
#8567 = CARTESIAN_POINT('',(4.99984477121,0.436398943732));
#8568 = CARTESIAN_POINT('',(4.999830743869,0.443199361542));
#8569 = CARTESIAN_POINT('',(4.999829119614,0.4600103705));
#8570 = CARTESIAN_POINT('',(4.999856583163,0.470021804752));
#8571 = CARTESIAN_POINT('',(4.999917732677,0.480033790807));
#8572 = CARTESIAN_POINT('',(5.000000388137,0.49004653076));
#8573 = CARTESIAN_POINT('',(5.,0.500058823552));
#8574 = ( GEOMETRIC_REPRESENTATION_CONTEXT(2) 
PARAMETRIC_REPRESENTATION_CONTEXT() REPRESENTATION_CONTEXT('2D SPACE',''
  ) );
#8575 = ORIENTED_EDGE('',*,*,#8576,.T.);
#8576 = EDGE_CURVE('',#8521,#8577,#8579,.T.);
#8577 = VERTEX_POINT('',#8578);
#8578 = CARTESIAN_POINT('',(-1.011221587083,3.088677856595,
    4.191452678972));
#8579 = SURFACE_CURVE('',#8580,(#8598,#8619),.PCURVE_S1.);
#8580 = B_SPLINE_CURVE_WITH_KNOTS('',6,(#8581,#8582,#8583,#8584,#8585,
    #8586,#8587,#8588,#8589,#8590,#8591,#8592,#8593,#8594,#8595,#8596,
    #8597),.UNSPECIFIED.,.F.,.F.,(7,5,5,7),(0.,0.180689062593,
    0.404435461373,1.),.UNSPECIFIED.);
#8581 = CARTESIAN_POINT('',(-2.629308271222,1.910297886426,
    4.318000424956));
#8582 = CARTESIAN_POINT('',(-2.59329100953,1.959871560117,4.314190461405
    ));
#8583 = CARTESIAN_POINT('',(-2.556152121406,2.008630360162,
    4.310380501198));
#8584 = CARTESIAN_POINT('',(-2.517914687194,2.056542521093,
    4.306570528194));
#8585 = CARTESIAN_POINT('',(-2.478602932911,2.103577213075,
    4.302760527046));
#8586 = CARTESIAN_POINT('',(-2.438242230247,2.149704541912,
    4.298950483199));
#8587 = CARTESIAN_POINT('',(-2.345614560801,2.25085535622,4.290422353981
    ));
#8588 = CARTESIAN_POINT('',(-2.29280217085,2.305379520569,4.285704236103
    ));
#8589 = CARTESIAN_POINT('',(-2.238472326774,2.358413011582,
    4.280986003939));
#8590 = CARTESIAN_POINT('',(-2.182677823636,2.409903323912,
    4.276267637415));
#8591 = CARTESIAN_POINT('',(-2.125473851505,2.459800477367,
    4.271549121702));
#8592 = CARTESIAN_POINT('',(-1.91105496667,2.636505491903,4.254270355937
    ));
#8593 = CARTESIAN_POINT('',(-1.745606412624,2.753336096059,
    4.241708578381));
#8594 = CARTESIAN_POINT('',(-1.571669256802,2.857641822873,
    4.229146084878));
#8595 = CARTESIAN_POINT('',(-1.390433632544,2.948676888657,
    4.216582373119));
#8596 = CARTESIAN_POINT('',(-1.203166680418,3.025835750384,
    4.204017328012));
#8597 = CARTESIAN_POINT('',(-1.011221587083,3.088677856595,
    4.191452678972));
#8598 = PCURVE('',#5966,#8599);
#8599 = DEFINITIONAL_REPRESENTATION('',(#8600),#8618);
#8600 = B_SPLINE_CURVE_WITH_KNOTS('',6,(#8601,#8602,#8603,#8604,#8605,
    #8606,#8607,#8608,#8609,#8610,#8611,#8612,#8613,#8614,#8615,#8616,
    #8617),.UNSPECIFIED.,.F.,.F.,(7,5,5,7),(0.,0.180689062593,
    0.404435461373,1.),.UNSPECIFIED.);
#8601 = CARTESIAN_POINT('',(2.513275713985,4.318000424956));
#8602 = CARTESIAN_POINT('',(2.49442144945,4.314190461405));
#8603 = CARTESIAN_POINT('',(2.475567181866,4.310380501198));
#8604 = CARTESIAN_POINT('',(2.456712913075,4.306570528194));
#8605 = CARTESIAN_POINT('',(2.437858644948,4.302760527046));
#8606 = CARTESIAN_POINT('',(2.419004379389,4.298950483199));
#8607 = CARTESIAN_POINT('',(2.376802977373,4.290422353981));
#8608 = CARTESIAN_POINT('',(2.353455828811,4.285704236103));
#8609 = CARTESIAN_POINT('',(2.330108680573,4.280986003939));
#8610 = CARTESIAN_POINT('',(2.306761540634,4.276267637415));
#8611 = CARTESIAN_POINT('',(2.283414417015,4.271549121702));
#8612 = CARTESIAN_POINT('',(2.197922387372,4.254270355937));
#8613 = CARTESIAN_POINT('',(2.135774841862,4.241708578381));
#8614 = CARTESIAN_POINT('',(2.073630472188,4.229146084878));
#8615 = CARTESIAN_POINT('',(2.011486163694,4.216582373119));
#8616 = CARTESIAN_POINT('',(1.949338778191,4.204017328012));
#8617 = CARTESIAN_POINT('',(1.887194034631,4.191452678972));
#8618 = ( GEOMETRIC_REPRESENTATION_CONTEXT(2) 
PARAMETRIC_REPRESENTATION_CONTEXT() REPRESENTATION_CONTEXT('2D SPACE',''
  ) );
#8619 = PCURVE('',#8620,#8643);
#8620 = ( BOUNDED_SURFACE() B_SPLINE_SURFACE(1,6,(
    (#8621,#8622,#8623,#8624,#8625,#8626,#8627,#8628,#8629,#8630,#8631)
    ,(#8632,#8633,#8634,#8635,#8636,#8637,#8638,#8639,#8640,#8641,#8642
)),.UNSPECIFIED.,.F.,.F.,.F.) B_SPLINE_SURFACE_WITH_KNOTS((2,2),(7,4,7),
(5.,6.),(0.,0.5,1.),.UNSPECIFIED.) GEOMETRIC_REPRESENTATION_ITEM() 
RATIONAL_B_SPLINE_SURFACE((
    (1.,1.,1.,1.,1.,1.,1.,1.,1.,1.,1.)
,(1.,1.,1.,1.,1.,1.,1.,1.,1.,1.,1.
  ))) REPRESENTATION_ITEM('') SURFACE() );
#8621 = CARTESIAN_POINT('',(3.250000000415,-1.669789267684E-13,3.8100001
    ));
#8622 = CARTESIAN_POINT('',(3.238523501092,1.701305661014,3.915833433341
    ));
#8623 = CARTESIAN_POINT('',(2.214523267014,3.40261132199,4.021666767259)
  );
#8624 = CARTESIAN_POINT('',(-1.92948640425E-02,4.275126821441,
    4.127500101905));
#8625 = CARTESIAN_POINT('',(-2.185066917808,3.402611321827,
    4.233333436497));
#8626 = CARTESIAN_POINT('',(-4.314933080872,-2.801395685786E-10,
    4.445000104397));
#8627 = CARTESIAN_POINT('',(-2.18506691731,-3.40261132223,4.656666769821
    ));
#8628 = CARTESIAN_POINT('',(-1.929486335708E-02,-4.275126821683,
    4.762500101895));
#8629 = CARTESIAN_POINT('',(2.214523267758,-3.402611322068,
    4.868333433944));
#8630 = CARTESIAN_POINT('',(3.238523501833,-1.701305661015,
    4.974166766673));
#8631 = CARTESIAN_POINT('',(3.250000001153,-4.582155749723E-13,5.0800001
    ));
#8632 = CARTESIAN_POINT('',(3.450000000415,7.216676905823E-12,
    3.810000099884));
#8633 = CARTESIAN_POINT('',(3.437817255026,1.806001394021,3.915833433225
    ));
#8634 = CARTESIAN_POINT('',(2.350801621753,3.612002787996,4.02166676718)
  );
#8635 = CARTESIAN_POINT('',(-2.048224024381E-02,4.53821154887,
    4.127500101906));
#8636 = CARTESIAN_POINT('',(-2.319532574337,3.612002787823,
    4.233333436576));
#8637 = CARTESIAN_POINT('',(-4.580467424351,-2.902508121602E-10,
    4.445000104551));
#8638 = CARTESIAN_POINT('',(-2.319532573823,-3.612002788235,
    4.656666769899));
#8639 = CARTESIAN_POINT('',(-2.048223953884E-02,-4.538211549113,
    4.762500101896));
#8640 = CARTESIAN_POINT('',(2.350801622512,-3.612002788063,
    4.868333433865));
#8641 = CARTESIAN_POINT('',(3.437817255775,-1.806001394008,
    4.974166766557));
#8642 = CARTESIAN_POINT('',(3.450000001153,6.98274789274E-12,
    5.080000099884));
#8643 = DEFINITIONAL_REPRESENTATION('',(#8644),#8662);
#8644 = B_SPLINE_CURVE_WITH_KNOTS('',6,(#8645,#8646,#8647,#8648,#8649,
    #8650,#8651,#8652,#8653,#8654,#8655,#8656,#8657,#8658,#8659,#8660,
    #8661),.UNSPECIFIED.,.F.,.F.,(7,5,5,7),(0.,0.180689062593,
    0.404435461373,1.),.UNSPECIFIED.);
#8645 = CARTESIAN_POINT('',(5.,0.400000253178));
#8646 = CARTESIAN_POINT('',(5.000040985048,0.397000281894));
#8647 = CARTESIAN_POINT('',(5.000079133938,0.394000313245));
#8648 = CARTESIAN_POINT('',(5.000113720251,0.391000334519));
#8649 = CARTESIAN_POINT('',(5.000144219122,0.388000333633));
#8650 = CARTESIAN_POINT('',(5.000170307237,0.385000299126));
#8651 = CARTESIAN_POINT('',(5.000218555026,0.378285236792));
#8652 = CARTESIAN_POINT('',(5.000238278114,0.374570183369));
#8653 = CARTESIAN_POINT('',(5.000250852328,0.370855039958));
#8654 = CARTESIAN_POINT('',(5.000256479053,0.367139790752));
#8655 = CARTESIAN_POINT('',(5.000255740829,0.363424424074));
#8656 = CARTESIAN_POINT('',(5.000233259386,0.349819096799));
#8657 = CARTESIAN_POINT('',(5.000178552331,0.339927933444));
#8658 = CARTESIAN_POINT('',(5.000102072927,0.330036206356));
#8659 = CARTESIAN_POINT('',(5.000035408999,0.320143520015));
#8660 = CARTESIAN_POINT('',(5.000000474124,0.310249783796));
#8661 = CARTESIAN_POINT('',(5.,0.300356359443));
#8662 = ( GEOMETRIC_REPRESENTATION_CONTEXT(2) 
PARAMETRIC_REPRESENTATION_CONTEXT() REPRESENTATION_CONTEXT('2D SPACE',''
  ) );
#8663 = ORIENTED_EDGE('',*,*,#8664,.F.);
#8664 = EDGE_CURVE('',#8665,#8577,#8667,.T.);
#8665 = VERTEX_POINT('',#8666);
#8666 = CARTESIAN_POINT('',(-1.004889307452,3.090743839233,
    4.191038309148));
#8667 = SURFACE_CURVE('',#8668,(#8680,#8690),.PCURVE_S1.);
#8668 = ( BOUNDED_CURVE() B_SPLINE_CURVE(6,(#8669,#8670,#8671,#8672,
    #8673,#8674,#8675,#8676,#8677,#8678,#8679),.UNSPECIFIED.,.F.,.F.) 
B_SPLINE_CURVE_WITH_KNOTS((7,4,7),(0.,0.5,1.),.UNSPECIFIED.) CURVE() 
GEOMETRIC_REPRESENTATION_ITEM() RATIONAL_B_SPLINE_CURVE((1.,1.,1.,1.,1.,
1.,1.,1.,1.,1.,1.)) REPRESENTATION_ITEM('') );
#8669 = CARTESIAN_POINT('',(3.250000000415,-1.669789267684E-13,3.8100001
    ));
#8670 = CARTESIAN_POINT('',(3.238523501092,1.701305661014,3.915833433341
    ));
#8671 = CARTESIAN_POINT('',(2.214523267014,3.40261132199,4.021666767259)
  );
#8672 = CARTESIAN_POINT('',(-1.92948640425E-02,4.275126821441,
    4.127500101905));
#8673 = CARTESIAN_POINT('',(-2.185066917808,3.402611321827,
    4.233333436497));
#8674 = CARTESIAN_POINT('',(-4.314933080872,-2.801395685786E-10,
    4.445000104397));
#8675 = CARTESIAN_POINT('',(-2.18506691731,-3.40261132223,4.656666769821
    ));
#8676 = CARTESIAN_POINT('',(-1.929486335708E-02,-4.275126821683,
    4.762500101895));
#8677 = CARTESIAN_POINT('',(2.214523267758,-3.402611322068,
    4.868333433944));
#8678 = CARTESIAN_POINT('',(3.238523501833,-1.701305661015,
    4.974166766673));
#8679 = CARTESIAN_POINT('',(3.250000001153,-4.582155749723E-13,5.0800001
    ));
#8680 = PCURVE('',#5966,#8681);
#8681 = DEFINITIONAL_REPRESENTATION('',(#8682),#8689);
#8682 = B_SPLINE_CURVE_WITH_KNOTS('',5,(#8683,#8684,#8685,#8686,#8687,
    #8688),.UNSPECIFIED.,.F.,.F.,(6,6),(0.300030083995,0.300356359443),
  .PIECEWISE_BEZIER_KNOTS.);
#8683 = CARTESIAN_POINT('',(1.885144562132,4.191038309148));
#8684 = CARTESIAN_POINT('',(1.885554456574,4.191121183113));
#8685 = CARTESIAN_POINT('',(1.885964351044,4.191204057078));
#8686 = CARTESIAN_POINT('',(1.886374245543,4.191286931043));
#8687 = CARTESIAN_POINT('',(1.886784140072,4.191369805007));
#8688 = CARTESIAN_POINT('',(1.887194034631,4.191452678972));
#8689 = ( GEOMETRIC_REPRESENTATION_CONTEXT(2) 
PARAMETRIC_REPRESENTATION_CONTEXT() REPRESENTATION_CONTEXT('2D SPACE',''
  ) );
#8690 = PCURVE('',#7349,#8691);
#8691 = DEFINITIONAL_REPRESENTATION('',(#8692),#8696);
#8692 = LINE('',#8693,#8694);
#8693 = CARTESIAN_POINT('',(5.,0.));
#8694 = VECTOR('',#8695,1.);
#8695 = DIRECTION('',(0.,1.));
#8696 = ( GEOMETRIC_REPRESENTATION_CONTEXT(2) 
PARAMETRIC_REPRESENTATION_CONTEXT() REPRESENTATION_CONTEXT('2D SPACE',''
  ) );
#8697 = ORIENTED_EDGE('',*,*,#8698,.F.);
#8698 = EDGE_CURVE('',#8699,#8665,#8701,.T.);
#8699 = VERTEX_POINT('',#8700);
#8700 = CARTESIAN_POINT('',(1.004304991021,3.090933756167,4.064000117067
    ));
#8701 = SURFACE_CURVE('',#8702,(#8717,#8735),.PCURVE_S1.);
#8702 = B_SPLINE_CURVE_WITH_KNOTS('',5,(#8703,#8704,#8705,#8706,#8707,
    #8708,#8709,#8710,#8711,#8712,#8713,#8714,#8715,#8716),
  .UNSPECIFIED.,.F.,.F.,(6,4,4,6),(0.,0.33483809197,0.694515362849,1.),
  .UNSPECIFIED.);
#8703 = CARTESIAN_POINT('',(1.004304991026,3.090933756165,4.064000117066
    ));
#8704 = CARTESIAN_POINT('',(0.874208207318,3.133204752408,4.072504531415
    ));
#8705 = CARTESIAN_POINT('',(0.741886743565,3.168631253944,4.081009167927
    ));
#8706 = CARTESIAN_POINT('',(0.607822824461,3.1970566715,4.089514151243)
  );
#8707 = CARTESIAN_POINT('',(0.47251038741,3.218376279567,4.098019837598)
  );
#8708 = CARTESIAN_POINT('',(0.190304118659,3.247749291716,4.115663471031
    ));
#8709 = CARTESIAN_POINT('',(4.329372184831E-02,3.25470145016,
    4.124801642503));
#8710 = CARTESIAN_POINT('',(-0.103951827518,3.253329026648,4.13394053377
    ));
#8711 = CARTESIAN_POINT('',(-0.250806775501,3.243637922845,
    4.143080295463));
#8712 = CARTESIAN_POINT('',(-0.520513725613,3.2104735445,4.159983629681)
  );
#8713 = CARTESIAN_POINT('',(-0.6436497562,3.18929667527,4.167747131454)
  );
#8714 = CARTESIAN_POINT('',(-0.765673047412,3.162221231545,
    4.175510896996));
#8715 = CARTESIAN_POINT('',(-0.88620962759,3.129330189253,4.183274771859
    ));
#8716 = CARTESIAN_POINT('',(-1.004893744728,3.090742396546,
    4.191038599417));
#8717 = PCURVE('',#5966,#8718);
#8718 = DEFINITIONAL_REPRESENTATION('',(#8719),#8734);
#8719 = B_SPLINE_CURVE_WITH_KNOTS('',5,(#8720,#8721,#8722,#8723,#8724,
    #8725,#8726,#8727,#8728,#8729,#8730,#8731,#8732,#8733),
  .UNSPECIFIED.,.F.,.F.,(6,4,4,6),(0.,0.33483809197,0.694515362849,1.),
  .UNSPECIFIED.);
#8720 = CARTESIAN_POINT('',(1.256637139307,4.064000117066));
#8721 = CARTESIAN_POINT('',(1.298726939338,4.072504531415));
#8722 = CARTESIAN_POINT('',(1.340816965198,4.081009167927));
#8723 = CARTESIAN_POINT('',(1.382906553008,4.089514151243));
#8724 = CARTESIAN_POINT('',(1.424996550592,4.098019837598));
#8725 = CARTESIAN_POINT('',(1.512298327127,4.115663471031));
#8726 = CARTESIAN_POINT('',(1.557510702408,4.124801642503));
#8727 = CARTESIAN_POINT('',(1.602722413697,4.13394053377));
#8728 = CARTESIAN_POINT('',(1.647934689395,4.143080295463));
#8729 = CARTESIAN_POINT('',(1.731546480376,4.159983629681));
#8730 = CARTESIAN_POINT('',(1.769946393081,4.167747131454));
#8731 = CARTESIAN_POINT('',(1.808346278265,4.175510896996));
#8732 = CARTESIAN_POINT('',(1.846746124269,4.183274771859));
#8733 = CARTESIAN_POINT('',(1.885145997798,4.191038599417));
#8734 = ( GEOMETRIC_REPRESENTATION_CONTEXT(2) 
PARAMETRIC_REPRESENTATION_CONTEXT() REPRESENTATION_CONTEXT('2D SPACE',''
  ) );
#8735 = PCURVE('',#8736,#8759);
#8736 = ( BOUNDED_SURFACE() B_SPLINE_SURFACE(1,6,(
    (#8737,#8738,#8739,#8740,#8741,#8742,#8743,#8744,#8745,#8746,#8747)
    ,(#8748,#8749,#8750,#8751,#8752,#8753,#8754,#8755,#8756,#8757,#8758
)),.UNSPECIFIED.,.F.,.F.,.F.) B_SPLINE_SURFACE_WITH_KNOTS((2,2),(7,4,7),
(5.,6.),(0.,0.5,1.),.UNSPECIFIED.) GEOMETRIC_REPRESENTATION_ITEM() 
RATIONAL_B_SPLINE_SURFACE((
    (1.,1.,1.,1.,1.,1.,1.,1.,1.,1.,1.)
,(1.,1.,1.,1.,1.,1.,1.,1.,1.,1.,1.
  ))) REPRESENTATION_ITEM('') SURFACE() );
#8737 = CARTESIAN_POINT('',(3.250000000415,-1.669789267684E-13,3.8100001
    ));
#8738 = CARTESIAN_POINT('',(3.238523501092,1.701305661014,3.915833433341
    ));
#8739 = CARTESIAN_POINT('',(2.214523267014,3.40261132199,4.021666767259)
  );
#8740 = CARTESIAN_POINT('',(-1.92948640425E-02,4.275126821441,
    4.127500101905));
#8741 = CARTESIAN_POINT('',(-2.185066917808,3.402611321827,
    4.233333436497));
#8742 = CARTESIAN_POINT('',(-4.314933080872,-2.801395685786E-10,
    4.445000104397));
#8743 = CARTESIAN_POINT('',(-2.18506691731,-3.40261132223,4.656666769821
    ));
#8744 = CARTESIAN_POINT('',(-1.929486335708E-02,-4.275126821683,
    4.762500101895));
#8745 = CARTESIAN_POINT('',(2.214523267758,-3.402611322068,
    4.868333433944));
#8746 = CARTESIAN_POINT('',(3.238523501833,-1.701305661015,
    4.974166766673));
#8747 = CARTESIAN_POINT('',(3.250000001153,-4.582155749723E-13,5.0800001
    ));
#8748 = CARTESIAN_POINT('',(3.450000000415,7.216676905823E-12,
    3.810000099884));
#8749 = CARTESIAN_POINT('',(3.437817255026,1.806001394021,3.915833433225
    ));
#8750 = CARTESIAN_POINT('',(2.350801621753,3.612002787996,4.02166676718)
  );
#8751 = CARTESIAN_POINT('',(-2.048224024381E-02,4.53821154887,
    4.127500101906));
#8752 = CARTESIAN_POINT('',(-2.319532574337,3.612002787823,
    4.233333436576));
#8753 = CARTESIAN_POINT('',(-4.580467424351,-2.902508121602E-10,
    4.445000104551));
#8754 = CARTESIAN_POINT('',(-2.319532573823,-3.612002788235,
    4.656666769899));
#8755 = CARTESIAN_POINT('',(-2.048223953884E-02,-4.538211549113,
    4.762500101896));
#8756 = CARTESIAN_POINT('',(2.350801622512,-3.612002788063,
    4.868333433865));
#8757 = CARTESIAN_POINT('',(3.437817255775,-1.806001394008,
    4.974166766557));
#8758 = CARTESIAN_POINT('',(3.450000001153,6.98274789274E-12,
    5.080000099884));
#8759 = DEFINITIONAL_REPRESENTATION('',(#8760),#8775);
#8760 = B_SPLINE_CURVE_WITH_KNOTS('',5,(#8761,#8762,#8763,#8764,#8765,
    #8766,#8767,#8768,#8769,#8770,#8771,#8772,#8773,#8774),
  .UNSPECIFIED.,.F.,.F.,(6,4,4,6),(0.,0.33483809197,0.694515362849,1.),
  .UNSPECIFIED.);
#8761 = CARTESIAN_POINT('',(5.,0.200000012411));
#8762 = CARTESIAN_POINT('',(5.000142870828,0.206696401602));
#8763 = CARTESIAN_POINT('',(5.000248182943,0.213392965724));
#8764 = CARTESIAN_POINT('',(5.000310389521,0.220089802919));
#8765 = CARTESIAN_POINT('',(5.000335225084,0.226787193688));
#8766 = CARTESIAN_POINT('',(5.000329203506,0.240679818309));
#8767 = CARTESIAN_POINT('',(5.000294044987,0.247875228849));
#8768 = CARTESIAN_POINT('',(5.000238808243,0.255071206157));
#8769 = CARTESIAN_POINT('',(5.000179797645,0.26226786884));
#8770 = CARTESIAN_POINT('',(5.000082768972,0.275577580699));
#8771 = CARTESIAN_POINT('',(5.000042877132,0.281690574165));
#8772 = CARTESIAN_POINT('',(5.00001437229,0.287803775323));
#8773 = CARTESIAN_POINT('',(5.000000293146,0.293917062561));
#8774 = CARTESIAN_POINT('',(5.,0.300030312552));
#8775 = ( GEOMETRIC_REPRESENTATION_CONTEXT(2) 
PARAMETRIC_REPRESENTATION_CONTEXT() REPRESENTATION_CONTEXT('2D SPACE',''
  ) );
#8776 = ORIENTED_EDGE('',*,*,#8777,.F.);
#8777 = EDGE_CURVE('',#8778,#8699,#8780,.T.);
#8778 = VERTEX_POINT('',#8779);
#8779 = CARTESIAN_POINT('',(2.629305402899,1.910301834341,3.937000082253
    ));
#8780 = SURFACE_CURVE('',#8781,(#8789,#8800),.PCURVE_S1.);
#8781 = B_SPLINE_CURVE_WITH_KNOTS('',6,(#8782,#8783,#8784,#8785,#8786,
    #8787,#8788),.UNSPECIFIED.,.F.,.F.,(7,7),(0.,1.),
  .PIECEWISE_BEZIER_KNOTS.);
#8782 = CARTESIAN_POINT('',(2.629305402898,1.910301834342,3.937000082253
    ));
#8783 = CARTESIAN_POINT('',(2.429291336677,2.185597630806,3.958362828301
    ));
#8784 = CARTESIAN_POINT('',(2.194610131502,2.435869734496,3.979610022104
    ));
#8785 = CARTESIAN_POINT('',(1.92931814692,2.655435145788,4.000712877915)
  );
#8786 = CARTESIAN_POINT('',(1.638519763562,2.839902008089,4.021786922336
    ));
#8787 = CARTESIAN_POINT('',(1.327962113923,2.985771209974,4.042883724084
    ));
#8788 = CARTESIAN_POINT('',(1.004304991024,3.090933756166,4.064000117067
    ));
#8789 = PCURVE('',#5966,#8790);
#8790 = DEFINITIONAL_REPRESENTATION('',(#8791),#8799);
#8791 = B_SPLINE_CURVE_WITH_KNOTS('',6,(#8792,#8793,#8794,#8795,#8796,
    #8797,#8798),.UNSPECIFIED.,.F.,.F.,(7,7),(0.,1.),
  .PIECEWISE_BEZIER_KNOTS.);
#8792 = CARTESIAN_POINT('',(0.628318441109,3.937000082253));
#8793 = CARTESIAN_POINT('',(0.733021301477,3.958362828301));
#8794 = CARTESIAN_POINT('',(0.837764035483,3.979610022104));
#8795 = CARTESIAN_POINT('',(0.942470065061,4.000712877915));
#8796 = CARTESIAN_POINT('',(1.047177278846,4.021786922336));
#8797 = CARTESIAN_POINT('',(1.151925376315,4.042883724084));
#8798 = CARTESIAN_POINT('',(1.256637139307,4.064000117067));
#8799 = ( GEOMETRIC_REPRESENTATION_CONTEXT(2) 
PARAMETRIC_REPRESENTATION_CONTEXT() REPRESENTATION_CONTEXT('2D SPACE',''
  ) );
#8800 = PCURVE('',#7349,#8801);
#8801 = DEFINITIONAL_REPRESENTATION('',(#8802),#8810);
#8802 = B_SPLINE_CURVE_WITH_KNOTS('',6,(#8803,#8804,#8805,#8806,#8807,
    #8808,#8809),.UNSPECIFIED.,.F.,.F.,(7,7),(0.,1.),
  .PIECEWISE_BEZIER_KNOTS.);
#8803 = CARTESIAN_POINT('',(5.,9.999998574345E-02));
#8804 = CARTESIAN_POINT('',(4.999525798774,0.116672857649));
#8805 = CARTESIAN_POINT('',(4.999359210962,0.133350872711));
#8806 = CARTESIAN_POINT('',(4.999517329529,0.15001670654));
#8807 = CARTESIAN_POINT('',(4.999727835195,0.166676225192));
#8808 = CARTESIAN_POINT('',(4.999896586367,0.18334061471));
#8809 = CARTESIAN_POINT('',(5.,0.200000012411));
#8810 = ( GEOMETRIC_REPRESENTATION_CONTEXT(2) 
PARAMETRIC_REPRESENTATION_CONTEXT() REPRESENTATION_CONTEXT('2D SPACE',''
  ) );
#8811 = ORIENTED_EDGE('',*,*,#8812,.F.);
#8812 = EDGE_CURVE('',#5951,#8778,#8813,.T.);
#8813 = SURFACE_CURVE('',#8814,(#8827,#8843),.PCURVE_S1.);
#8814 = B_SPLINE_CURVE_WITH_KNOTS('',6,(#8815,#8816,#8817,#8818,#8819,
    #8820,#8821,#8822,#8823,#8824,#8825,#8826),.UNSPECIFIED.,.F.,.F.,(7,
    5,7),(0.,0.652463628637,1.),.UNSPECIFIED.);
#8815 = CARTESIAN_POINT('',(3.250000000415,-1.666305982084E-13,3.8100001
    ));
#8816 = CARTESIAN_POINT('',(3.250000000415,0.22196278667,3.82380776674)
  );
#8817 = CARTESIAN_POINT('',(3.231808839425,0.444050093765,3.837607903846
    ));
#8818 = CARTESIAN_POINT('',(3.195388911448,0.664273374836,3.851409649073
    ));
#8819 = CARTESIAN_POINT('',(3.141022189121,0.880742982375,3.865215743317
    ));
#8820 = CARTESIAN_POINT('',(3.06921639849,1.091660751085,3.879026466939)
  );
#8821 = CARTESIAN_POINT('',(2.933567089503,1.403807325479,3.900199214253
    ));
#8822 = CARTESIAN_POINT('',(2.881685995578,1.510231079554,3.907558531164
    ));
#8823 = CARTESIAN_POINT('',(2.825179616585,1.614337062589,3.914918564444
    ));
#8824 = CARTESIAN_POINT('',(2.764178652547,1.715875620827,3.922279036717
    ));
#8825 = CARTESIAN_POINT('',(2.698831735697,1.814607028848,3.929639656761
    ));
#8826 = CARTESIAN_POINT('',(2.629305402898,1.910301834342,3.937000082253
    ));
#8827 = PCURVE('',#5966,#8828);
#8828 = DEFINITIONAL_REPRESENTATION('',(#8829),#8842);
#8829 = B_SPLINE_CURVE_WITH_KNOTS('',6,(#8830,#8831,#8832,#8833,#8834,
    #8835,#8836,#8837,#8838,#8839,#8840,#8841),.UNSPECIFIED.,.F.,.F.,(7,
    5,7),(0.,0.652463628637,1.),.UNSPECIFIED.);
#8830 = CARTESIAN_POINT('',(0.,3.8100001));
#8831 = CARTESIAN_POINT('',(6.829624205242E-02,3.82380776674));
#8832 = CARTESIAN_POINT('',(0.136630752966,3.837607903846));
#8833 = CARTESIAN_POINT('',(0.20496539624,3.851409649073));
#8834 = CARTESIAN_POINT('',(0.273294213979,3.865215743317));
#8835 = CARTESIAN_POINT('',(0.341620467671,3.879026466939));
#8836 = CARTESIAN_POINT('',(0.446342684134,3.900199214253));
#8837 = CARTESIAN_POINT('',(0.482737595849,3.907558531164));
#8838 = CARTESIAN_POINT('',(0.519132428712,3.914918564444));
#8839 = CARTESIAN_POINT('',(0.555527481519,3.922279036717));
#8840 = CARTESIAN_POINT('',(0.591922971268,3.929639656761));
#8841 = CARTESIAN_POINT('',(0.628318441109,3.937000082253));
#8842 = ( GEOMETRIC_REPRESENTATION_CONTEXT(2) 
PARAMETRIC_REPRESENTATION_CONTEXT() REPRESENTATION_CONTEXT('2D SPACE',''
  ) );
#8843 = PCURVE('',#8844,#8867);
#8844 = ( BOUNDED_SURFACE() B_SPLINE_SURFACE(1,6,(
    (#8845,#8846,#8847,#8848,#8849,#8850,#8851,#8852,#8853,#8854,#8855)
    ,(#8856,#8857,#8858,#8859,#8860,#8861,#8862,#8863,#8864,#8865,#8866
)),.UNSPECIFIED.,.F.,.F.,.F.) B_SPLINE_SURFACE_WITH_KNOTS((2,2),(7,4,7),
(5.,6.),(0.,0.5,1.),.UNSPECIFIED.) GEOMETRIC_REPRESENTATION_ITEM() 
RATIONAL_B_SPLINE_SURFACE((
    (1.,1.,1.,1.,1.,1.,1.,1.,1.,1.,1.)
,(1.,1.,1.,1.,1.,1.,1.,1.,1.,1.,1.
  ))) REPRESENTATION_ITEM('') SURFACE() );
#8845 = CARTESIAN_POINT('',(3.250000000415,-1.669789267684E-13,3.8100001
    ));
#8846 = CARTESIAN_POINT('',(3.238523501092,1.701305661014,3.915833433341
    ));
#8847 = CARTESIAN_POINT('',(2.214523267014,3.40261132199,4.021666767259)
  );
#8848 = CARTESIAN_POINT('',(-1.92948640425E-02,4.275126821441,
    4.127500101905));
#8849 = CARTESIAN_POINT('',(-2.185066917808,3.402611321827,
    4.233333436497));
#8850 = CARTESIAN_POINT('',(-4.314933080872,-2.801395685786E-10,
    4.445000104397));
#8851 = CARTESIAN_POINT('',(-2.18506691731,-3.40261132223,4.656666769821
    ));
#8852 = CARTESIAN_POINT('',(-1.929486335708E-02,-4.275126821683,
    4.762500101895));
#8853 = CARTESIAN_POINT('',(2.214523267758,-3.402611322068,
    4.868333433944));
#8854 = CARTESIAN_POINT('',(3.238523501833,-1.701305661015,
    4.974166766673));
#8855 = CARTESIAN_POINT('',(3.250000001153,-4.582155749723E-13,5.0800001
    ));
#8856 = CARTESIAN_POINT('',(3.450000000415,7.216676905823E-12,
    3.810000099884));
#8857 = CARTESIAN_POINT('',(3.437817255026,1.806001394021,3.915833433225
    ));
#8858 = CARTESIAN_POINT('',(2.350801621753,3.612002787996,4.02166676718)
  );
#8859 = CARTESIAN_POINT('',(-2.048224024381E-02,4.53821154887,
    4.127500101906));
#8860 = CARTESIAN_POINT('',(-2.319532574337,3.612002787823,
    4.233333436576));
#8861 = CARTESIAN_POINT('',(-4.580467424351,-2.902508121602E-10,
    4.445000104551));
#8862 = CARTESIAN_POINT('',(-2.319532573823,-3.612002788235,
    4.656666769899));
#8863 = CARTESIAN_POINT('',(-2.048223953884E-02,-4.538211549113,
    4.762500101896));
#8864 = CARTESIAN_POINT('',(2.350801622512,-3.612002788063,
    4.868333433865));
#8865 = CARTESIAN_POINT('',(3.437817255775,-1.806001394008,
    4.974166766557));
#8866 = CARTESIAN_POINT('',(3.450000001153,6.98274789274E-12,
    5.080000099884));
#8867 = DEFINITIONAL_REPRESENTATION('',(#8868),#8881);
#8868 = B_SPLINE_CURVE_WITH_KNOTS('',6,(#8869,#8870,#8871,#8872,#8873,
    #8874,#8875,#8876,#8877,#8878,#8879,#8880),.UNSPECIFIED.,.F.,.F.,(7,
    5,7),(0.,0.652463628637,1.),.UNSPECIFIED.);
#8869 = CARTESIAN_POINT('',(5.,0.));
#8870 = CARTESIAN_POINT('',(5.007486472976,1.087217853503E-02));
#8871 = CARTESIAN_POINT('',(5.010194272332,2.173842821679E-02));
#8872 = CARTESIAN_POINT('',(5.010123477631,3.260594412733E-02));
#8873 = CARTESIAN_POINT('',(5.008734697818,4.347688445226E-02));
#8874 = CARTESIAN_POINT('',(5.006870572775,5.435146994831E-02));
#8875 = CARTESIAN_POINT('',(5.004005765649,7.102292446433E-02));
#8876 = CARTESIAN_POINT('',(5.003008585535,7.681766216623E-02));
#8877 = CARTESIAN_POINT('',(5.002080469647,8.261296393551E-02));
#8878 = CARTESIAN_POINT('',(5.001260872973,8.84086113673E-02));
#8879 = CARTESIAN_POINT('',(5.000566546852,9.420437515111E-02));
#8880 = CARTESIAN_POINT('',(5.,9.999998574345E-02));
#8881 = ( GEOMETRIC_REPRESENTATION_CONTEXT(2) 
PARAMETRIC_REPRESENTATION_CONTEXT() REPRESENTATION_CONTEXT('2D SPACE',''
  ) );
#8882 = ORIENTED_EDGE('',*,*,#5950,.F.);
#8883 = ORIENTED_EDGE('',*,*,#8884,.T.);
#8884 = EDGE_CURVE('',#5283,#7412,#8885,.T.);
#8885 = SURFACE_CURVE('',#8886,(#8899,#8915),.PCURVE_S1.);
#8886 = B_SPLINE_CURVE_WITH_KNOTS('',6,(#8887,#8888,#8889,#8890,#8891,
    #8892,#8893,#8894,#8895,#8896,#8897,#8898),.UNSPECIFIED.,.F.,.F.,(7,
    5,7),(0.,0.652463654772,1.),.UNSPECIFIED.);
#8887 = CARTESIAN_POINT('',(3.250000000461,-1.83991710756E-13,3.6512501)
  );
#8888 = CARTESIAN_POINT('',(3.250000000461,0.221962790804,3.665057766997
    ));
#8889 = CARTESIAN_POINT('',(3.231808838543,0.444050102396,3.67885790438)
  );
#8890 = CARTESIAN_POINT('',(3.195388909579,0.664273387232,3.692659649839
    ));
#8891 = CARTESIAN_POINT('',(3.141022184879,0.880742998952,3.706465744354
    ));
#8892 = CARTESIAN_POINT('',(3.069216391683,1.091660771092,3.720276468214
    ));
#8893 = CARTESIAN_POINT('',(2.933567083085,1.403807337934,3.741449215062
    ));
#8894 = CARTESIAN_POINT('',(2.881685993767,1.510231081584,3.748808531257
    ));
#8895 = CARTESIAN_POINT('',(2.825179620275,1.614337054629,3.756168563819
    ));
#8896 = CARTESIAN_POINT('',(2.764178662596,1.715875603383,3.763529035374
    ));
#8897 = CARTESIAN_POINT('',(2.698831752919,1.814607002494,3.770889654698
    ));
#8898 = CARTESIAN_POINT('',(2.629305428055,1.910301799716,3.778250079471
    ));
#8899 = PCURVE('',#5966,#8900);
#8900 = DEFINITIONAL_REPRESENTATION('',(#8901),#8914);
#8901 = B_SPLINE_CURVE_WITH_KNOTS('',6,(#8902,#8903,#8904,#8905,#8906,
    #8907,#8908,#8909,#8910,#8911,#8912,#8913),.UNSPECIFIED.,.F.,.F.,(7,
    5,7),(0.,0.652463654772,1.),.UNSPECIFIED.);
#8902 = CARTESIAN_POINT('',(0.,3.6512501));
#8903 = CARTESIAN_POINT('',(6.829624332432E-02,3.665057766997));
#8904 = CARTESIAN_POINT('',(0.136630755622,3.67885790438));
#8905 = CARTESIAN_POINT('',(0.204965400085,3.692659649839));
#8906 = CARTESIAN_POINT('',(0.273294219213,3.706465744354));
#8907 = CARTESIAN_POINT('',(0.341620474151,3.720276468214));
#8908 = CARTESIAN_POINT('',(0.446342688436,3.741449215062));
#8909 = CARTESIAN_POINT('',(0.482737596656,3.748808531257));
#8910 = CARTESIAN_POINT('',(0.519132426025,3.756168563819));
#8911 = CARTESIAN_POINT('',(0.555527475339,3.763529035374));
#8912 = CARTESIAN_POINT('',(0.591922961593,3.770889654698));
#8913 = CARTESIAN_POINT('',(0.62831842794,3.778250079471));
#8914 = ( GEOMETRIC_REPRESENTATION_CONTEXT(2) 
PARAMETRIC_REPRESENTATION_CONTEXT() REPRESENTATION_CONTEXT('2D SPACE',''
  ) );
#8915 = PCURVE('',#7435,#8916);
#8916 = DEFINITIONAL_REPRESENTATION('',(#8917),#8930);
#8917 = B_SPLINE_CURVE_WITH_KNOTS('',6,(#8918,#8919,#8920,#8921,#8922,
    #8923,#8924,#8925,#8926,#8927,#8928,#8929),.UNSPECIFIED.,.F.,.F.,(7,
    5,7),(0.,0.652463654772,1.),.UNSPECIFIED.);
#8918 = CARTESIAN_POINT('',(2.,0.));
#8919 = CARTESIAN_POINT('',(1.992513526885,1.08721787375E-02));
#8920 = CARTESIAN_POINT('',(1.989805728695,2.173842863986E-02));
#8921 = CARTESIAN_POINT('',(1.989876521673,3.260594473894E-02));
#8922 = CARTESIAN_POINT('',(1.99126530288,4.347688528563E-02));
#8923 = CARTESIAN_POINT('',(1.993129427624,5.435147098045E-02));
#8924 = CARTESIAN_POINT('',(1.995994234685,7.102292515011E-02));
#8925 = CARTESIAN_POINT('',(1.996991414691,7.681766229574E-02));
#8926 = CARTESIAN_POINT('',(1.997919530484,8.261296350864E-02));
#8927 = CARTESIAN_POINT('',(1.998739127088,8.8408610384E-02));
#8928 = CARTESIAN_POINT('',(1.999433453166,9.420437361139E-02));
#8929 = CARTESIAN_POINT('',(2.,9.999998364739E-02));
#8930 = ( GEOMETRIC_REPRESENTATION_CONTEXT(2) 
PARAMETRIC_REPRESENTATION_CONTEXT() REPRESENTATION_CONTEXT('2D SPACE',''
  ) );
#8931 = ORIENTED_EDGE('',*,*,#8047,.F.);
#8932 = ORIENTED_EDGE('',*,*,#8933,.T.);
#8933 = EDGE_CURVE('',#7994,#7960,#8934,.T.);
#8934 = SURFACE_CURVE('',#8935,(#8950,#8968),.PCURVE_S1.);
#8935 = B_SPLINE_CURVE_WITH_KNOTS('',5,(#8936,#8937,#8938,#8939,#8940,
    #8941,#8942,#8943,#8944,#8945,#8946,#8947,#8948,#8949),
  .UNSPECIFIED.,.F.,.F.,(6,4,4,6),(0.,0.334853685595,0.694546726023,1.),
  .UNSPECIFIED.);
#8936 = CARTESIAN_POINT('',(1.004304821758,3.090933811163,3.905250127698
    ));
#8937 = CARTESIAN_POINT('',(0.874208227852,3.13320473786,3.913754529462)
  );
#8938 = CARTESIAN_POINT('',(0.741886960848,3.168631189941,3.92225915339)
  );
#8939 = CARTESIAN_POINT('',(0.607823243308,3.197056578856,3.93076412412)
  );
#8940 = CARTESIAN_POINT('',(0.472511010437,3.218376179511,3.939269797886
    ));
#8941 = CARTESIAN_POINT('',(0.190305564477,3.247749179052,3.956913380286
    ));
#8942 = CARTESIAN_POINT('',(4.329579104362E-02,3.254701380628,
    3.966051513309));
#8943 = CARTESIAN_POINT('',(-0.103949137738,3.253329070567,
    3.975190366121));
#8944 = CARTESIAN_POINT('',(-0.250803475817,3.243638150003,
    3.984330089353));
#8945 = CARTESIAN_POINT('',(-0.520491185312,3.210476467808,
    4.001232215123));
#8946 = CARTESIAN_POINT('',(-0.643608792671,3.189303834851,
    4.008994546707));
#8947 = CARTESIAN_POINT('',(-0.765614062125,3.162234396345,
    4.016757142083));
#8948 = CARTESIAN_POINT('',(-0.886133189165,3.129351085092,
    4.024519846843));
#8949 = CARTESIAN_POINT('',(-1.004800580598,3.090772685467,
    4.032282504209));
#8950 = PCURVE('',#5966,#8951);
#8951 = DEFINITIONAL_REPRESENTATION('',(#8952),#8967);
#8952 = B_SPLINE_CURVE_WITH_KNOTS('',5,(#8953,#8954,#8955,#8956,#8957,
    #8958,#8959,#8960,#8961,#8962,#8963,#8964,#8965,#8966),
  .UNSPECIFIED.,.F.,.F.,(6,4,4,6),(0.,0.334853685595,0.694546726023,1.),
  .UNSPECIFIED.);
#8953 = CARTESIAN_POINT('',(1.256637194069,3.905250127698));
#8954 = CARTESIAN_POINT('',(1.298726931946,3.913754529462));
#8955 = CARTESIAN_POINT('',(1.34081689565,3.92225915339));
#8956 = CARTESIAN_POINT('',(1.382906421307,3.93076412412));
#8957 = CARTESIAN_POINT('',(1.424996356734,3.939269797886));
#8958 = CARTESIAN_POINT('',(1.512297881061,3.956913380286));
#8959 = CARTESIAN_POINT('',(1.557510066284,3.966051513309));
#8960 = CARTESIAN_POINT('',(1.602721587528,3.975190366121));
#8961 = CARTESIAN_POINT('',(1.647933673167,3.984330089353));
#8962 = CARTESIAN_POINT('',(1.731539486967,4.001232215123));
#8963 = CARTESIAN_POINT('',(1.769933612136,4.008994546707));
#8964 = CARTESIAN_POINT('',(1.808327710175,4.016757142083));
#8965 = CARTESIAN_POINT('',(1.846721769262,4.024519846843));
#8966 = CARTESIAN_POINT('',(1.885115854984,4.032282504209));
#8967 = ( GEOMETRIC_REPRESENTATION_CONTEXT(2) 
PARAMETRIC_REPRESENTATION_CONTEXT() REPRESENTATION_CONTEXT('2D SPACE',''
  ) );
#8968 = PCURVE('',#8017,#8969);
#8969 = DEFINITIONAL_REPRESENTATION('',(#8970),#8985);
#8970 = B_SPLINE_CURVE_WITH_KNOTS('',5,(#8971,#8972,#8973,#8974,#8975,
    #8976,#8977,#8978,#8979,#8980,#8981,#8982,#8983,#8984),
  .UNSPECIFIED.,.F.,.F.,(6,4,4,6),(0.,0.334853685595,0.694546726023,1.),
  .UNSPECIFIED.);
#8971 = CARTESIAN_POINT('',(2.,0.200000021125));
#8972 = CARTESIAN_POINT('',(1.999857129423,0.206696400427));
#8973 = CARTESIAN_POINT('',(1.999751817453,0.21339295466));
#8974 = CARTESIAN_POINT('',(1.999689610883,0.220089781965));
#8975 = CARTESIAN_POINT('',(1.999664775229,0.226787162842));
#8976 = CARTESIAN_POINT('',(1.999670796514,0.240679747323));
#8977 = CARTESIAN_POINT('',(1.999705954648,0.247875127611));
#8978 = CARTESIAN_POINT('',(1.999761190943,0.255071074662));
#8979 = CARTESIAN_POINT('',(1.999820201242,0.262267707083));
#8980 = CARTESIAN_POINT('',(1.999917223247,0.275576467449));
#8981 = CARTESIAN_POINT('',(1.999957110006,0.281688539525));
#8982 = CARTESIAN_POINT('',(1.999985614323,0.287800819312));
#8983 = CARTESIAN_POINT('',(1.99999969826,0.293913185227));
#8984 = CARTESIAN_POINT('',(2.,0.300025513825));
#8985 = ( GEOMETRIC_REPRESENTATION_CONTEXT(2) 
PARAMETRIC_REPRESENTATION_CONTEXT() REPRESENTATION_CONTEXT('2D SPACE',''
  ) );
#8986 = ORIENTED_EDGE('',*,*,#7959,.T.);
#8987 = ORIENTED_EDGE('',*,*,#8988,.F.);
#8988 = EDGE_CURVE('',#7773,#7906,#8989,.T.);
#8989 = SURFACE_CURVE('',#8990,(#9008,#9029),.PCURVE_S1.);
#8990 = B_SPLINE_CURVE_WITH_KNOTS('',6,(#8991,#8992,#8993,#8994,#8995,
    #8996,#8997,#8998,#8999,#9000,#9001,#9002,#9003,#9004,#9005,#9006,
    #9007),.UNSPECIFIED.,.F.,.F.,(7,5,5,7),(0.,0.180697821343,
    0.404444307032,1.),.UNSPECIFIED.);
#8991 = CARTESIAN_POINT('',(-2.629307981722,1.910298284889,
    4.159250393195));
#8992 = CARTESIAN_POINT('',(-2.59329071252,1.959871953119,4.155440429652
    ));
#8993 = CARTESIAN_POINT('',(-2.556151817009,2.008630747533,
    4.151630469452));
#8994 = CARTESIAN_POINT('',(-2.517914375539,2.056542902666,
    4.147820496456));
#8995 = CARTESIAN_POINT('',(-2.47860261413,2.103577588688,4.144010495315
    ));
#8996 = CARTESIAN_POINT('',(-2.438241904479,2.149704911406,
    4.140200451476));
#8997 = CARTESIAN_POINT('',(-2.345616683722,2.250853020933,
    4.131672549134));
#8998 = CARTESIAN_POINT('',(-2.292806900323,2.30537462457,4.126954658135
    ));
#8999 = CARTESIAN_POINT('',(-2.238479806514,2.358405700649,
    4.122236652862));
#9000 = CARTESIAN_POINT('',(-2.182688189627,2.409893751291,
    4.117518513243));
#9001 = CARTESIAN_POINT('',(-2.125487231571,2.45978880326,4.112800224451
    ));
#9002 = CARTESIAN_POINT('',(-1.911082195627,2.63648477521,4.09552248112)
  );
#9003 = CARTESIAN_POINT('',(-1.745645496257,2.753309804729,
    4.082961499412));
#9004 = CARTESIAN_POINT('',(-1.571721117778,2.857611657542,
    4.070399801727));
#9005 = CARTESIAN_POINT('',(-1.390498955655,2.948644673232,
    4.057836885879));
#9006 = CARTESIAN_POINT('',(-1.203245897149,3.025803396395,4.04527263684
    ));
#9007 = CARTESIAN_POINT('',(-1.011314857266,3.088647318726,
    4.032708783607));
#9008 = PCURVE('',#5966,#9009);
#9009 = DEFINITIONAL_REPRESENTATION('',(#9010),#9028);
#9010 = B_SPLINE_CURVE_WITH_KNOTS('',6,(#9011,#9012,#9013,#9014,#9015,
    #9016,#9017,#9018,#9019,#9020,#9021,#9022,#9023,#9024,#9025,#9026,
    #9027),.UNSPECIFIED.,.F.,.F.,(7,5,5,7),(0.,0.180697821343,
    0.404444307032,1.),.UNSPECIFIED.);
#9011 = CARTESIAN_POINT('',(2.513275562438,4.159250393195));
#9012 = CARTESIAN_POINT('',(2.494421297904,4.155440429652));
#9013 = CARTESIAN_POINT('',(2.475567030321,4.151630469452));
#9014 = CARTESIAN_POINT('',(2.456712761531,4.147820496456));
#9015 = CARTESIAN_POINT('',(2.437858493406,4.144010495315));
#9016 = CARTESIAN_POINT('',(2.419004227847,4.140200451476));
#9017 = CARTESIAN_POINT('',(2.376803948445,4.131672549134));
#9018 = CARTESIAN_POINT('',(2.353457922504,4.126954658135));
#9019 = CARTESIAN_POINT('',(2.330111896884,4.122236652862));
#9020 = CARTESIAN_POINT('',(2.306765879555,4.117518513243));
#9021 = CARTESIAN_POINT('',(2.283419878544,4.112800224451));
#9022 = CARTESIAN_POINT('',(2.197932906801,4.09552248112));
#9023 = CARTESIAN_POINT('',(2.135789297543,4.082961499412));
#9024 = CARTESIAN_POINT('',(2.073648863055,4.070399801727));
#9025 = CARTESIAN_POINT('',(2.011508489628,4.057836885879));
#9026 = CARTESIAN_POINT('',(1.949365040185,4.04527263684));
#9027 = CARTESIAN_POINT('',(1.887224232227,4.032708783607));
#9028 = ( GEOMETRIC_REPRESENTATION_CONTEXT(2) 
PARAMETRIC_REPRESENTATION_CONTEXT() REPRESENTATION_CONTEXT('2D SPACE',''
  ) );
#9029 = PCURVE('',#7929,#9030);
#9030 = DEFINITIONAL_REPRESENTATION('',(#9031),#9049);
#9031 = B_SPLINE_CURVE_WITH_KNOTS('',6,(#9032,#9033,#9034,#9035,#9036,
    #9037,#9038,#9039,#9040,#9041,#9042,#9043,#9044,#9045,#9046,#9047,
    #9048),.UNSPECIFIED.,.F.,.F.,(7,5,5,7),(0.,0.180697821343,
    0.404444307032,1.),.UNSPECIFIED.);
#9032 = CARTESIAN_POINT('',(2.,0.400000229067));
#9033 = CARTESIAN_POINT('',(1.999959014968,0.397000257783));
#9034 = CARTESIAN_POINT('',(1.999920866098,0.394000289134));
#9035 = CARTESIAN_POINT('',(1.999886279809,0.391000310408));
#9036 = CARTESIAN_POINT('',(1.999855780963,0.388000309522));
#9037 = CARTESIAN_POINT('',(1.999829692875,0.385000275015));
#9038 = CARTESIAN_POINT('',(1.99978144643,0.37828539131));
#9039 = CARTESIAN_POINT('',(1.999761723987,0.374570516523));
#9040 = CARTESIAN_POINT('',(1.999749149724,0.370855551758));
#9041 = CARTESIAN_POINT('',(1.999743522304,0.367140481209));
#9042 = CARTESIAN_POINT('',(1.999744259302,0.363425293202));
#9043 = CARTESIAN_POINT('',(1.999766734736,0.349820770958));
#9044 = CARTESIAN_POINT('',(1.999821433706,0.339930234231));
#9045 = CARTESIAN_POINT('',(1.999897905162,0.330039133745));
#9046 = CARTESIAN_POINT('',(1.999964568474,0.320147074078));
#9047 = CARTESIAN_POINT('',(1.999999511942,0.310253964655));
#9048 = CARTESIAN_POINT('',(2.,0.300361166893));
#9049 = ( GEOMETRIC_REPRESENTATION_CONTEXT(2) 
PARAMETRIC_REPRESENTATION_CONTEXT() REPRESENTATION_CONTEXT('2D SPACE',''
  ) );
#9050 = ORIENTED_EDGE('',*,*,#7772,.F.);
#9051 = ORIENTED_EDGE('',*,*,#9052,.T.);
#9052 = EDGE_CURVE('',#7719,#7685,#9053,.T.);
#9053 = SURFACE_CURVE('',#9054,(#9072,#9093),.PCURVE_S1.);
#9054 = B_SPLINE_CURVE_WITH_KNOTS('',6,(#9055,#9056,#9057,#9058,#9059,
    #9060,#9061,#9062,#9063,#9064,#9065,#9066,#9067,#9068,#9069,#9070,
    #9071),.UNSPECIFIED.,.F.,.F.,(7,5,5,7),(0.,0.180714254095,
    0.404473899147,1.),.UNSPECIFIED.);
#9055 = CARTESIAN_POINT('',(-2.629307915758,-1.910298375681,
    4.413249818317));
#9056 = CARTESIAN_POINT('',(-2.593290644843,-1.959872042668,
    4.417059781833));
#9057 = CARTESIAN_POINT('',(-2.556151747649,-2.0086308358,4.420869742004
    ));
#9058 = CARTESIAN_POINT('',(-2.517914304524,-2.056542989613,
    4.42467971497));
#9059 = CARTESIAN_POINT('',(-2.47860254149,-2.103577674278,
    4.428489716081));
#9060 = CARTESIAN_POINT('',(-2.438241830245,-2.149704995603,
    4.432299759888));
#9061 = CARTESIAN_POINT('',(-2.345618252087,-2.250851304375,
    4.440827510605));
#9062 = CARTESIAN_POINT('',(-2.292810213636,-2.30537120084,
    4.445545250002));
#9063 = CARTESIAN_POINT('',(-2.238484960681,-2.358400667231,
    4.450263103664));
#9064 = CARTESIAN_POINT('',(-2.182695275386,-2.409887210657,
    4.454981091662));
#9065 = CARTESIAN_POINT('',(-2.125496334207,-2.45978086252,
    4.459699228821));
#9066 = CARTESIAN_POINT('',(-1.9111158835,-2.636458180652,4.476975054273
    ));
#9067 = CARTESIAN_POINT('',(-1.745704319956,-2.753269151526,
    4.489534268971));
#9068 = CARTESIAN_POINT('',(-1.57180725305,-2.857560635223,
    4.502094199707));
#9069 = CARTESIAN_POINT('',(-1.390614057756,-2.948587257076,
    4.514655348363));
#9070 = CARTESIAN_POINT('',(-1.203391065137,-3.0257437691,4.527217829802
    ));
#9071 = CARTESIAN_POINT('',(-1.011490591589,-3.088589772554,
    4.539779915952));
#9072 = PCURVE('',#5966,#9073);
#9073 = DEFINITIONAL_REPRESENTATION('',(#9074),#9092);
#9074 = B_SPLINE_CURVE_WITH_KNOTS('',6,(#9075,#9076,#9077,#9078,#9079,
    #9080,#9081,#9082,#9083,#9084,#9085,#9086,#9087,#9088,#9089,#9090,
    #9091),.UNSPECIFIED.,.F.,.F.,(7,5,5,7),(0.,0.180714254095,
    0.404473899147,1.),.UNSPECIFIED.);
#9075 = CARTESIAN_POINT('',(3.769909779272,4.413249818317));
#9076 = CARTESIAN_POINT('',(3.788764043807,4.417059781833));
#9077 = CARTESIAN_POINT('',(3.80761831139,4.420869742004));
#9078 = CARTESIAN_POINT('',(3.82647258018,4.42467971497));
#9079 = CARTESIAN_POINT('',(3.845326848305,4.428489716081));
#9080 = CARTESIAN_POINT('',(3.864181113864,4.432299759888));
#9081 = CARTESIAN_POINT('',(3.906380643303,4.440827510605));
#9082 = CARTESIAN_POINT('',(3.929725919273,4.445545250002));
#9083 = CARTESIAN_POINT('',(3.953071194925,4.450263103664));
#9084 = CARTESIAN_POINT('',(3.976416462292,4.454981091662));
#9085 = CARTESIAN_POINT('',(3.999761713342,4.459699228821));
#9086 = CARTESIAN_POINT('',(4.085239197079,4.476975054273));
#9087 = CARTESIAN_POINT('',(4.147374066143,4.489534268971));
#9088 = CARTESIAN_POINT('',(4.209505762803,4.502094199707));
#9089 = CARTESIAN_POINT('',(4.271637398666,4.514655348363));
#9090 = CARTESIAN_POINT('',(4.333772108344,4.527217829802));
#9091 = CARTESIAN_POINT('',(4.395904177566,4.539779915952));
#9092 = ( GEOMETRIC_REPRESENTATION_CONTEXT(2) 
PARAMETRIC_REPRESENTATION_CONTEXT() REPRESENTATION_CONTEXT('2D SPACE',''
  ) );
#9093 = PCURVE('',#7742,#9094);
#9094 = DEFINITIONAL_REPRESENTATION('',(#9095),#9113);
#9095 = B_SPLINE_CURVE_WITH_KNOTS('',6,(#9096,#9097,#9098,#9099,#9100,
    #9101,#9102,#9103,#9104,#9105,#9106,#9107,#9108,#9109,#9110,#9111,
    #9112),.UNSPECIFIED.,.F.,.F.,(7,5,5,7),(0.,0.180714254095,
    0.404473899147,1.),.UNSPECIFIED.);
#9096 = CARTESIAN_POINT('',(2.,0.599999776411));
#9097 = CARTESIAN_POINT('',(1.999959014978,0.602999747694));
#9098 = CARTESIAN_POINT('',(1.99992086612,0.605999716343));
#9099 = CARTESIAN_POINT('',(1.999886279842,0.608999695069));
#9100 = CARTESIAN_POINT('',(1.99985578101,0.611999695955));
#9101 = CARTESIAN_POINT('',(1.999829692936,0.614999730462));
#9102 = CARTESIAN_POINT('',(1.999781447381,0.621714494834));
#9103 = CARTESIAN_POINT('',(1.999761725365,0.625429250281));
#9104 = CARTESIAN_POINT('',(1.999749151066,0.629144095701));
#9105 = CARTESIAN_POINT('',(1.999743523179,0.632859046897));
#9106 = CARTESIAN_POINT('',(1.999744259358,0.636574115544));
#9107 = CARTESIAN_POINT('',(1.99976672918,0.650177127776));
#9108 = CARTESIAN_POINT('',(1.999821413647,0.660066273258));
#9109 = CARTESIAN_POINT('',(1.99989786796,0.669955982552));
#9110 = CARTESIAN_POINT('',(1.999964527383,0.67984665084));
#9111 = CARTESIAN_POINT('',(1.999999485632,0.689738368566));
#9112 = CARTESIAN_POINT('',(2.,0.699629775041));
#9113 = ( GEOMETRIC_REPRESENTATION_CONTEXT(2) 
PARAMETRIC_REPRESENTATION_CONTEXT() REPRESENTATION_CONTEXT('2D SPACE',''
  ) );
#9114 = ORIENTED_EDGE('',*,*,#7684,.T.);
#9115 = ORIENTED_EDGE('',*,*,#9116,.F.);
#9116 = EDGE_CURVE('',#7596,#7631,#9117,.T.);
#9117 = SURFACE_CURVE('',#9118,(#9133,#9151),.PCURVE_S1.);
#9118 = B_SPLINE_CURVE_WITH_KNOTS('',5,(#9119,#9120,#9121,#9122,#9123,
    #9124,#9125,#9126,#9127,#9128,#9129,#9130,#9131,#9132),
  .UNSPECIFIED.,.F.,.F.,(6,4,4,6),(0.,0.334882147656,0.694601472041,1.),
  .UNSPECIFIED.);
#9119 = CARTESIAN_POINT('',(1.004303709826,-3.090934172452,
    4.667250001332));
#9120 = CARTESIAN_POINT('',(0.874207940507,-3.133204779482,
    4.658745654563));
#9121 = CARTESIAN_POINT('',(0.741887529285,-3.168630999458,
    4.650241085637));
#9122 = CARTESIAN_POINT('',(0.60782468942,-3.197056247039,4.641736169912
    ));
#9123 = CARTESIAN_POINT('',(0.472513346513,-3.218375799005,
    4.633230551165));
#9124 = CARTESIAN_POINT('',(0.190311494252,-3.247748709401,
    4.615587191855));
#9125 = CARTESIAN_POINT('',(4.330444552663E-02,-3.254701081827,
    4.606449226929));
#9126 = CARTESIAN_POINT('',(-0.103937769754,-3.25332925003,
    4.597310542236));
#9127 = CARTESIAN_POINT('',(-0.250789440019,-3.243639112908,
    4.588170987157));
#9128 = CARTESIAN_POINT('',(-0.52044111956,-3.210483271742,
    4.571271130503));
#9129 = CARTESIAN_POINT('',(-0.64352570838,-3.189318612567,4.56351090024
    ));
#9130 = CARTESIAN_POINT('',(-0.765498697554,-3.16226032028,
    4.555750406136));
#9131 = CARTESIAN_POINT('',(-0.885986582358,-3.129391249162,
    4.54798980253));
#9132 = CARTESIAN_POINT('',(-1.004624054349,-3.090830068027,
    4.540229246466));
#9133 = PCURVE('',#5966,#9134);
#9134 = DEFINITIONAL_REPRESENTATION('',(#9135),#9150);
#9135 = B_SPLINE_CURVE_WITH_KNOTS('',5,(#9136,#9137,#9138,#9139,#9140,
    #9141,#9142,#9143,#9144,#9145,#9146,#9147,#9148,#9149),
  .UNSPECIFIED.,.F.,.F.,(6,4,4,6),(0.,0.334882147656,0.694601472041,1.),
  .UNSPECIFIED.);
#9136 = CARTESIAN_POINT('',(5.026547753371,4.667250001332));
#9137 = CARTESIAN_POINT('',(4.98445828719,4.658745654563));
#9138 = CARTESIAN_POINT('',(4.942368595188,4.650241085637));
#9139 = CARTESIAN_POINT('',(4.900279341221,4.641736169912));
#9140 = CARTESIAN_POINT('',(4.858189677496,4.633230551165));
#9141 = CARTESIAN_POINT('',(4.770889255821,4.615587191855));
#9142 = CARTESIAN_POINT('',(4.725677901575,4.606449226929));
#9143 = CARTESIAN_POINT('',(4.680467211253,4.597310542236));
#9144 = CARTESIAN_POINT('',(4.635255956595,4.588170987157));
#9145 = CARTESIAN_POINT('',(4.551661365404,4.571271130503));
#9146 = CARTESIAN_POINT('',(4.513277632622,4.56351090024));
#9147 = CARTESIAN_POINT('',(4.474893926276,4.555750406136));
#9148 = CARTESIAN_POINT('',(4.436510258472,4.54798980253));
#9149 = CARTESIAN_POINT('',(4.398126565619,4.540229246466));
#9150 = ( GEOMETRIC_REPRESENTATION_CONTEXT(2) 
PARAMETRIC_REPRESENTATION_CONTEXT() REPRESENTATION_CONTEXT('2D SPACE',''
  ) );
#9151 = PCURVE('',#7654,#9152);
#9152 = DEFINITIONAL_REPRESENTATION('',(#9153),#9168);
#9153 = B_SPLINE_CURVE_WITH_KNOTS('',5,(#9154,#9155,#9156,#9157,#9158,
    #9159,#9160,#9161,#9162,#9163,#9164,#9165,#9166,#9167),
  .UNSPECIFIED.,.F.,.F.,(6,4,4,6),(0.,0.334882147656,0.694601472041,1.),
  .UNSPECIFIED.);
#9154 = CARTESIAN_POINT('',(2.,0.799999921622));
#9155 = CARTESIAN_POINT('',(1.999857130543,0.793303585545));
#9156 = CARTESIAN_POINT('',(1.999751819238,0.786607074539));
#9157 = CARTESIAN_POINT('',(1.99968961273,0.779910290463));
#9158 = CARTESIAN_POINT('',(1.999664776697,0.773212952826));
#9159 = CARTESIAN_POINT('',(1.999670796699,0.759320543835));
#9160 = CARTESIAN_POINT('',(1.999705953131,0.752125295817));
#9161 = CARTESIAN_POINT('',(1.999761187412,0.744929481053));
#9162 = CARTESIAN_POINT('',(1.999820196339,0.737732980946));
#9163 = CARTESIAN_POINT('',(1.999917206332,0.72442600712));
#9164 = CARTESIAN_POINT('',(1.999957084515,0.718315589553));
#9165 = CARTESIAN_POINT('',(1.999985588639,0.712204964237));
#9166 = CARTESIAN_POINT('',(1.999999682024,0.7060942527));
#9167 = CARTESIAN_POINT('',(2.,0.699983578598));
#9168 = ( GEOMETRIC_REPRESENTATION_CONTEXT(2) 
PARAMETRIC_REPRESENTATION_CONTEXT() REPRESENTATION_CONTEXT('2D SPACE',''
  ) );
#9169 = ORIENTED_EDGE('',*,*,#7595,.F.);
#9170 = ORIENTED_EDGE('',*,*,#9171,.F.);
#9171 = EDGE_CURVE('',#7498,#7542,#9172,.T.);
#9172 = SURFACE_CURVE('',#9173,(#9186,#9202),.PCURVE_S1.);
#9173 = B_SPLINE_CURVE_WITH_KNOTS('',6,(#9174,#9175,#9176,#9177,#9178,
    #9179,#9180,#9181,#9182,#9183,#9184,#9185),.UNSPECIFIED.,.F.,.F.,(7,
    5,7),(0.,0.652463920298,1.),.UNSPECIFIED.);
#9174 = CARTESIAN_POINT('',(3.250000000953,-3.819167204711E-13,4.9212501
    ));
#9175 = CARTESIAN_POINT('',(3.250000000953,-0.22196283312,4.907442430371
    ));
#9176 = CARTESIAN_POINT('',(3.231808829425,-0.444050190911,
    4.893642290124));
#9177 = CARTESIAN_POINT('',(3.19538889052,-0.664273514157,4.879840542249
    ));
#9178 = CARTESIAN_POINT('',(3.141022141375,-0.88074316883,4.866034444883
    ));
#9179 = CARTESIAN_POINT('',(3.069216321955,-1.091660976041,
    4.852223718497));
#9180 = CARTESIAN_POINT('',(2.933567016876,-1.403807466588,
    4.831050976187));
#9181 = CARTESIAN_POINT('',(2.881685974191,-1.51023110447,4.823691667197
    ));
#9182 = CARTESIAN_POINT('',(2.825179656414,-1.614336976144,
    4.816331641845));
#9183 = CARTESIAN_POINT('',(2.764178763153,-1.715875428658,
    4.808971177504));
#9184 = CARTESIAN_POINT('',(2.698831926146,-1.814606737348,
    4.801610565398));
#9185 = CARTESIAN_POINT('',(2.62930568169,-1.910301450618,4.794250147845
    ));
#9186 = PCURVE('',#5966,#9187);
#9187 = DEFINITIONAL_REPRESENTATION('',(#9188),#9201);
#9188 = B_SPLINE_CURVE_WITH_KNOTS('',6,(#9189,#9190,#9191,#9192,#9193,
    #9194,#9195,#9196,#9197,#9198,#9199,#9200),.UNSPECIFIED.,.F.,.F.,(7,
    5,7),(0.,0.652463920298,1.),.UNSPECIFIED.);
#9189 = CARTESIAN_POINT('',(6.28318530718,4.9212501));
#9190 = CARTESIAN_POINT('',(6.214889050835,4.907442430371));
#9191 = CARTESIAN_POINT('',(6.146554524314,4.893642290124));
#9192 = CARTESIAN_POINT('',(6.078219867725,4.879840542249));
#9193 = CARTESIAN_POINT('',(6.009891034329,4.866034444883));
#9194 = CARTESIAN_POINT('',(5.941564766641,4.852223718497));
#9195 = CARTESIAN_POINT('',(5.836842574318,4.831050976187));
#9196 = CARTESIAN_POINT('',(5.800447701538,4.823691667197));
#9197 = CARTESIAN_POINT('',(5.764052907607,4.816331641845));
#9198 = CARTESIAN_POINT('',(5.727657893732,4.808971177504));
#9199 = CARTESIAN_POINT('',(5.691262442918,4.801610565398));
#9200 = CARTESIAN_POINT('',(5.654867012011,4.794250147845));
#9201 = ( GEOMETRIC_REPRESENTATION_CONTEXT(2) 
PARAMETRIC_REPRESENTATION_CONTEXT() REPRESENTATION_CONTEXT('2D SPACE',''
  ) );
#9202 = PCURVE('',#7565,#9203);
#9203 = DEFINITIONAL_REPRESENTATION('',(#9204),#9217);
#9204 = B_SPLINE_CURVE_WITH_KNOTS('',6,(#9205,#9206,#9207,#9208,#9209,
    #9210,#9211,#9212,#9213,#9214,#9215,#9216),.UNSPECIFIED.,.F.,.F.,(7,
    5,7),(0.,0.652463920298,1.),.UNSPECIFIED.);
#9205 = CARTESIAN_POINT('',(2.,1.));
#9206 = CARTESIAN_POINT('',(1.992513525459,0.98912781919));
#9207 = CARTESIAN_POINT('',(1.989805739697,0.978261567021));
#9208 = CARTESIAN_POINT('',(1.989876514238,0.967394048998));
#9209 = CARTESIAN_POINT('',(1.991265310272,0.956523106173));
#9210 = CARTESIAN_POINT('',(1.993129431777,0.945648518446));
#9211 = CARTESIAN_POINT('',(1.995994238158,0.928977067766));
#9212 = CARTESIAN_POINT('',(1.996991417058,0.923182336262));
#9213 = CARTESIAN_POINT('',(1.997919531877,0.917387040692));
#9214 = CARTESIAN_POINT('',(1.998739127751,0.91159139946));
#9215 = CARTESIAN_POINT('',(1.999433453371,0.905795641876));
#9216 = CARTESIAN_POINT('',(2.,0.900000037482));
#9217 = ( GEOMETRIC_REPRESENTATION_CONTEXT(2) 
PARAMETRIC_REPRESENTATION_CONTEXT() REPRESENTATION_CONTEXT('2D SPACE',''
  ) );
#9218 = ORIENTED_EDGE('',*,*,#9219,.T.);
#9219 = EDGE_CURVE('',#7498,#8105,#9220,.T.);
#9220 = SURFACE_CURVE('',#9221,(#9225,#9232),.PCURVE_S1.);
#9221 = LINE('',#9222,#9223);
#9222 = CARTESIAN_POINT('',(3.25,-7.960204194458E-16,0.));
#9223 = VECTOR('',#9224,1.);
#9224 = DIRECTION('',(0.,0.,1.));
#9225 = PCURVE('',#5966,#9226);
#9226 = DEFINITIONAL_REPRESENTATION('',(#9227),#9231);
#9227 = LINE('',#9228,#9229);
#9228 = CARTESIAN_POINT('',(6.28318530718,-0.));
#9229 = VECTOR('',#9230,1.);
#9230 = DIRECTION('',(0.,1.));
#9231 = ( GEOMETRIC_REPRESENTATION_CONTEXT(2) 
PARAMETRIC_REPRESENTATION_CONTEXT() REPRESENTATION_CONTEXT('2D SPACE',''
  ) );
#9232 = PCURVE('',#9233,#9238);
#9233 = CYLINDRICAL_SURFACE('',#9234,3.25);
#9234 = AXIS2_PLACEMENT_3D('',#9235,#9236,#9237);
#9235 = CARTESIAN_POINT('',(0.,0.,0.));
#9236 = DIRECTION('',(0.,0.,1.));
#9237 = DIRECTION('',(1.,0.,-0.));
#9238 = DEFINITIONAL_REPRESENTATION('',(#9239),#9243);
#9239 = LINE('',#9240,#9241);
#9240 = CARTESIAN_POINT('',(0.,-0.));
#9241 = VECTOR('',#9242,1.);
#9242 = DIRECTION('',(0.,1.));
#9243 = ( GEOMETRIC_REPRESENTATION_CONTEXT(2) 
PARAMETRIC_REPRESENTATION_CONTEXT() REPRESENTATION_CONTEXT('2D SPACE',''
  ) );
#9244 = ADVANCED_FACE('',(#9245),#6012,.F.);
#9245 = FACE_BOUND('',#9246,.F.);
#9246 = EDGE_LOOP('',(#9247,#9248));
#9247 = ORIENTED_EDGE('',*,*,#5978,.F.);
#9248 = ORIENTED_EDGE('',*,*,#7307,.F.);
#9249 = ADVANCED_FACE('',(#9250),#6145,.F.);
#9250 = FACE_BOUND('',#9251,.F.);
#9251 = EDGE_LOOP('',(#9252,#9253));
#9252 = ORIENTED_EDGE('',*,*,#6107,.F.);
#9253 = ORIENTED_EDGE('',*,*,#7277,.F.);
#9254 = ADVANCED_FACE('',(#9255),#6264,.F.);
#9255 = FACE_BOUND('',#9256,.F.);
#9256 = EDGE_LOOP('',(#9257,#9258));
#9257 = ORIENTED_EDGE('',*,*,#6220,.T.);
#9258 = ORIENTED_EDGE('',*,*,#7247,.F.);
#9259 = ADVANCED_FACE('',(#9260),#6498,.F.);
#9260 = FACE_BOUND('',#9261,.F.);
#9261 = EDGE_LOOP('',(#9262,#9263));
#9262 = ORIENTED_EDGE('',*,*,#7215,.F.);
#9263 = ORIENTED_EDGE('',*,*,#6454,.F.);
#9264 = ADVANCED_FACE('',(#9265),#6614,.F.);
#9265 = FACE_BOUND('',#9266,.F.);
#9266 = EDGE_LOOP('',(#9267,#9268));
#9267 = ORIENTED_EDGE('',*,*,#7185,.F.);
#9268 = ORIENTED_EDGE('',*,*,#6576,.T.);
#9269 = ADVANCED_FACE('',(#9270),#6722,.F.);
#9270 = FACE_BOUND('',#9271,.F.);
#9271 = EDGE_LOOP('',(#9272,#9273));
#9272 = ORIENTED_EDGE('',*,*,#7155,.F.);
#9273 = ORIENTED_EDGE('',*,*,#6690,.T.);
#9274 = ADVANCED_FACE('',(#9275),#7090,.F.);
#9275 = FACE_BOUND('',#9276,.F.);
#9276 = EDGE_LOOP('',(#9277,#9278,#9279,#9321));
#9277 = ORIENTED_EDGE('',*,*,#7077,.T.);
#9278 = ORIENTED_EDGE('',*,*,#7123,.T.);
#9279 = ORIENTED_EDGE('',*,*,#9280,.F.);
#9280 = EDGE_CURVE('',#7467,#7124,#9281,.T.);
#9281 = SURFACE_CURVE('',#9282,(#9285,#9292),.PCURVE_S1.);
#9282 = B_SPLINE_CURVE_WITH_KNOTS('',1,(#9283,#9284),.UNSPECIFIED.,.F.,
  .F.,(2,2),(3.,4.),.PIECEWISE_BEZIER_KNOTS.);
#9283 = CARTESIAN_POINT('',(2.562592336546,-1.741284961072E-11,
    4.524375100266));
#9284 = CARTESIAN_POINT('',(2.562592336423,-1.736449497698E-11,
    4.206875100266));
#9285 = PCURVE('',#7090,#9286);
#9286 = DEFINITIONAL_REPRESENTATION('',(#9287),#9291);
#9287 = LINE('',#9288,#9289);
#9288 = CARTESIAN_POINT('',(0.,1.));
#9289 = VECTOR('',#9290,1.);
#9290 = DIRECTION('',(1.,0.));
#9291 = ( GEOMETRIC_REPRESENTATION_CONTEXT(2) 
PARAMETRIC_REPRESENTATION_CONTEXT() REPRESENTATION_CONTEXT('2D SPACE',''
  ) );
#9292 = PCURVE('',#9293,#9316);
#9293 = ( BOUNDED_SURFACE() B_SPLINE_SURFACE(1,6,(
    (#9294,#9295,#9296,#9297,#9298,#9299,#9300,#9301,#9302,#9303,#9304)
    ,(#9305,#9306,#9307,#9308,#9309,#9310,#9311,#9312,#9313,#9314,#9315
)),.UNSPECIFIED.,.F.,.F.,.F.) B_SPLINE_SURFACE_WITH_KNOTS((2,2),(7,4,7),
(3.,4.),(0.,0.5,1.),.UNSPECIFIED.) GEOMETRIC_REPRESENTATION_ITEM() 
RATIONAL_B_SPLINE_SURFACE((
    (1.,1.,1.,1.,1.,1.,1.,1.,1.,1.,1.)
,(1.,1.,1.,1.,1.,1.,1.,1.,1.,1.,1.
  ))) REPRESENTATION_ITEM('') SURFACE() );
#9294 = CARTESIAN_POINT('',(2.562592336577,-2.57080812921E-11,
    4.5243751004));
#9295 = CARTESIAN_POINT('',(2.553543232046,1.341462414593,4.630208433739
    ));
#9296 = CARTESIAN_POINT('',(1.746129339833,2.682924829182,4.736041767531
    ));
#9297 = CARTESIAN_POINT('',(-1.521380612184E-02,3.370894531525,
    4.841875101902));
#9298 = CARTESIAN_POINT('',(-1.722903303009,2.682924829053,
    4.947708436229));
#9299 = CARTESIAN_POINT('',(-3.402281366306,-2.459519813877E-10,
    5.159375103867));
#9300 = CARTESIAN_POINT('',(-1.722903302564,-2.682924829423,
    5.371041769552));
#9301 = CARTESIAN_POINT('',(-1.521380550334E-02,-3.370894531767,
    5.476875101893));
#9302 = CARTESIAN_POINT('',(1.746129340524,-2.682924829295,
    5.582708434217));
#9303 = CARTESIAN_POINT('',(2.55354323276,-1.341462414645,5.688541767071
    ));
#9304 = CARTESIAN_POINT('',(2.562592337315,-2.619628647832E-11,
    5.7943751004));
#9305 = CARTESIAN_POINT('',(2.562592336392,-2.563555048426E-11,
    4.2068751004));
#9306 = CARTESIAN_POINT('',(2.553543231861,1.341462414593,4.312708433739
    ));
#9307 = CARTESIAN_POINT('',(1.746129339648,2.682924829182,4.418541767531
    ));
#9308 = CARTESIAN_POINT('',(-1.521380630639E-02,3.370894531525,
    4.524375101902));
#9309 = CARTESIAN_POINT('',(-1.722903303193,2.682924829053,
    4.630208436229));
#9310 = CARTESIAN_POINT('',(-3.402281366491,-2.458794505798E-10,
    4.841875103867));
#9311 = CARTESIAN_POINT('',(-1.722903302749,-2.682924829423,
    5.053541769552));
#9312 = CARTESIAN_POINT('',(-1.521380568789E-02,-3.370894531767,
    5.159375101893));
#9313 = CARTESIAN_POINT('',(1.746129340339,-2.682924829295,
    5.265208434217));
#9314 = CARTESIAN_POINT('',(2.553543232576,-1.341462414645,
    5.371041767071));
#9315 = CARTESIAN_POINT('',(2.56259233713,-2.612375567047E-11,
    5.4768751004));
#9316 = DEFINITIONAL_REPRESENTATION('',(#9317),#9320);
#9317 = B_SPLINE_CURVE_WITH_KNOTS('',1,(#9318,#9319),.UNSPECIFIED.,.F.,
  .F.,(2,2),(3.,4.),.PIECEWISE_BEZIER_KNOTS.);
#9318 = CARTESIAN_POINT('',(3.,0.));
#9319 = CARTESIAN_POINT('',(4.,0.));
#9320 = ( GEOMETRIC_REPRESENTATION_CONTEXT(2) 
PARAMETRIC_REPRESENTATION_CONTEXT() REPRESENTATION_CONTEXT('2D SPACE',''
  ) );
#9321 = ORIENTED_EDGE('',*,*,#7466,.F.);
#9322 = ADVANCED_FACE('',(#9323),#7349,.F.);
#9323 = FACE_BOUND('',#9324,.F.);
#9324 = EDGE_LOOP('',(#9325,#9356,#9357,#9386,#9387,#9416,#9417,#9446,
    #9447,#9448,#9449,#9478,#9479,#9508,#9509,#9538));
#9325 = ORIENTED_EDGE('',*,*,#9326,.F.);
#9326 = EDGE_CURVE('',#7124,#9327,#9329,.T.);
#9327 = VERTEX_POINT('',#9328);
#9328 = CARTESIAN_POINT('',(2.562592337117,-2.958914077697E-11,
    5.476875100455));
#9329 = SURFACE_CURVE('',#9330,(#9342,#9349),.PCURVE_S1.);
#9330 = ( BOUNDED_CURVE() B_SPLINE_CURVE(6,(#9331,#9332,#9333,#9334,
    #9335,#9336,#9337,#9338,#9339,#9340,#9341),.UNSPECIFIED.,.F.,.F.) 
B_SPLINE_CURVE_WITH_KNOTS((7,4,7),(0.,0.5,1.),.UNSPECIFIED.) CURVE() 
GEOMETRIC_REPRESENTATION_ITEM() RATIONAL_B_SPLINE_CURVE((1.,1.,1.,1.,1.,
1.,1.,1.,1.,1.,1.)) REPRESENTATION_ITEM('') );
#9331 = CARTESIAN_POINT('',(2.562592336392,-2.563555048426E-11,
    4.2068751004));
#9332 = CARTESIAN_POINT('',(2.553543231861,1.341462414593,4.312708433739
    ));
#9333 = CARTESIAN_POINT('',(1.746129339648,2.682924829182,4.418541767531
    ));
#9334 = CARTESIAN_POINT('',(-1.521380630639E-02,3.370894531525,
    4.524375101902));
#9335 = CARTESIAN_POINT('',(-1.722903303193,2.682924829053,
    4.630208436229));
#9336 = CARTESIAN_POINT('',(-3.402281366491,-2.458794505798E-10,
    4.841875103867));
#9337 = CARTESIAN_POINT('',(-1.722903302749,-2.682924829423,
    5.053541769552));
#9338 = CARTESIAN_POINT('',(-1.521380568789E-02,-3.370894531767,
    5.159375101893));
#9339 = CARTESIAN_POINT('',(1.746129340339,-2.682924829295,
    5.265208434217));
#9340 = CARTESIAN_POINT('',(2.553543232576,-1.341462414645,
    5.371041767071));
#9341 = CARTESIAN_POINT('',(2.56259233713,-2.612375567047E-11,
    5.4768751004));
#9342 = PCURVE('',#7349,#9343);
#9343 = DEFINITIONAL_REPRESENTATION('',(#9344),#9348);
#9344 = LINE('',#9345,#9346);
#9345 = CARTESIAN_POINT('',(4.,0.));
#9346 = VECTOR('',#9347,1.);
#9347 = DIRECTION('',(0.,1.));
#9348 = ( GEOMETRIC_REPRESENTATION_CONTEXT(2) 
PARAMETRIC_REPRESENTATION_CONTEXT() REPRESENTATION_CONTEXT('2D SPACE',''
  ) );
#9349 = PCURVE('',#9293,#9350);
#9350 = DEFINITIONAL_REPRESENTATION('',(#9351),#9355);
#9351 = LINE('',#9352,#9353);
#9352 = CARTESIAN_POINT('',(4.,0.));
#9353 = VECTOR('',#9354,1.);
#9354 = DIRECTION('',(0.,1.));
#9355 = ( GEOMETRIC_REPRESENTATION_CONTEXT(2) 
PARAMETRIC_REPRESENTATION_CONTEXT() REPRESENTATION_CONTEXT('2D SPACE',''
  ) );
#9356 = ORIENTED_EDGE('',*,*,#7336,.T.);
#9357 = ORIENTED_EDGE('',*,*,#9358,.T.);
#9358 = EDGE_CURVE('',#5951,#8778,#9359,.T.);
#9359 = SURFACE_CURVE('',#9360,(#9372,#9379),.PCURVE_S1.);
#9360 = ( BOUNDED_CURVE() B_SPLINE_CURVE(6,(#9361,#9362,#9363,#9364,
    #9365,#9366,#9367,#9368,#9369,#9370,#9371),.UNSPECIFIED.,.F.,.F.) 
B_SPLINE_CURVE_WITH_KNOTS((7,4,7),(0.,0.5,1.),.UNSPECIFIED.) CURVE() 
GEOMETRIC_REPRESENTATION_ITEM() RATIONAL_B_SPLINE_CURVE((1.,1.,1.,1.,1.,
1.,1.,1.,1.,1.,1.)) REPRESENTATION_ITEM('') );
#9361 = CARTESIAN_POINT('',(3.250000000415,-1.669789267684E-13,3.8100001
    ));
#9362 = CARTESIAN_POINT('',(3.238523501092,1.701305661014,3.915833433341
    ));
#9363 = CARTESIAN_POINT('',(2.214523267014,3.40261132199,4.021666767259)
  );
#9364 = CARTESIAN_POINT('',(-1.92948640425E-02,4.275126821441,
    4.127500101905));
#9365 = CARTESIAN_POINT('',(-2.185066917808,3.402611321827,
    4.233333436497));
#9366 = CARTESIAN_POINT('',(-4.314933080872,-2.801395685786E-10,
    4.445000104397));
#9367 = CARTESIAN_POINT('',(-2.18506691731,-3.40261132223,4.656666769821
    ));
#9368 = CARTESIAN_POINT('',(-1.929486335708E-02,-4.275126821683,
    4.762500101895));
#9369 = CARTESIAN_POINT('',(2.214523267758,-3.402611322068,
    4.868333433944));
#9370 = CARTESIAN_POINT('',(3.238523501833,-1.701305661015,
    4.974166766673));
#9371 = CARTESIAN_POINT('',(3.250000001153,-4.582155749723E-13,5.0800001
    ));
#9372 = PCURVE('',#7349,#9373);
#9373 = DEFINITIONAL_REPRESENTATION('',(#9374),#9378);
#9374 = LINE('',#9375,#9376);
#9375 = CARTESIAN_POINT('',(5.,0.));
#9376 = VECTOR('',#9377,1.);
#9377 = DIRECTION('',(0.,1.));
#9378 = ( GEOMETRIC_REPRESENTATION_CONTEXT(2) 
PARAMETRIC_REPRESENTATION_CONTEXT() REPRESENTATION_CONTEXT('2D SPACE',''
  ) );
#9379 = PCURVE('',#8844,#9380);
#9380 = DEFINITIONAL_REPRESENTATION('',(#9381),#9385);
#9381 = LINE('',#9382,#9383);
#9382 = CARTESIAN_POINT('',(5.,0.));
#9383 = VECTOR('',#9384,1.);
#9384 = DIRECTION('',(0.,1.));
#9385 = ( GEOMETRIC_REPRESENTATION_CONTEXT(2) 
PARAMETRIC_REPRESENTATION_CONTEXT() REPRESENTATION_CONTEXT('2D SPACE',''
  ) );
#9386 = ORIENTED_EDGE('',*,*,#8777,.T.);
#9387 = ORIENTED_EDGE('',*,*,#9388,.T.);
#9388 = EDGE_CURVE('',#8699,#8665,#9389,.T.);
#9389 = SURFACE_CURVE('',#9390,(#9402,#9409),.PCURVE_S1.);
#9390 = ( BOUNDED_CURVE() B_SPLINE_CURVE(6,(#9391,#9392,#9393,#9394,
    #9395,#9396,#9397,#9398,#9399,#9400,#9401),.UNSPECIFIED.,.F.,.F.) 
B_SPLINE_CURVE_WITH_KNOTS((7,4,7),(0.,0.5,1.),.UNSPECIFIED.) CURVE() 
GEOMETRIC_REPRESENTATION_ITEM() RATIONAL_B_SPLINE_CURVE((1.,1.,1.,1.,1.,
1.,1.,1.,1.,1.,1.)) REPRESENTATION_ITEM('') );
#9391 = CARTESIAN_POINT('',(3.250000000415,-1.669789267684E-13,3.8100001
    ));
#9392 = CARTESIAN_POINT('',(3.238523501092,1.701305661014,3.915833433341
    ));
#9393 = CARTESIAN_POINT('',(2.214523267014,3.40261132199,4.021666767259)
  );
#9394 = CARTESIAN_POINT('',(-1.92948640425E-02,4.275126821441,
    4.127500101905));
#9395 = CARTESIAN_POINT('',(-2.185066917808,3.402611321827,
    4.233333436497));
#9396 = CARTESIAN_POINT('',(-4.314933080872,-2.801395685786E-10,
    4.445000104397));
#9397 = CARTESIAN_POINT('',(-2.18506691731,-3.40261132223,4.656666769821
    ));
#9398 = CARTESIAN_POINT('',(-1.929486335708E-02,-4.275126821683,
    4.762500101895));
#9399 = CARTESIAN_POINT('',(2.214523267758,-3.402611322068,
    4.868333433944));
#9400 = CARTESIAN_POINT('',(3.238523501833,-1.701305661015,
    4.974166766673));
#9401 = CARTESIAN_POINT('',(3.250000001153,-4.582155749723E-13,5.0800001
    ));
#9402 = PCURVE('',#7349,#9403);
#9403 = DEFINITIONAL_REPRESENTATION('',(#9404),#9408);
#9404 = LINE('',#9405,#9406);
#9405 = CARTESIAN_POINT('',(5.,0.));
#9406 = VECTOR('',#9407,1.);
#9407 = DIRECTION('',(0.,1.));
#9408 = ( GEOMETRIC_REPRESENTATION_CONTEXT(2) 
PARAMETRIC_REPRESENTATION_CONTEXT() REPRESENTATION_CONTEXT('2D SPACE',''
  ) );
#9409 = PCURVE('',#8736,#9410);
#9410 = DEFINITIONAL_REPRESENTATION('',(#9411),#9415);
#9411 = LINE('',#9412,#9413);
#9412 = CARTESIAN_POINT('',(5.,0.));
#9413 = VECTOR('',#9414,1.);
#9414 = DIRECTION('',(0.,1.));
#9415 = ( GEOMETRIC_REPRESENTATION_CONTEXT(2) 
PARAMETRIC_REPRESENTATION_CONTEXT() REPRESENTATION_CONTEXT('2D SPACE',''
  ) );
#9416 = ORIENTED_EDGE('',*,*,#8664,.T.);
#9417 = ORIENTED_EDGE('',*,*,#9418,.T.);
#9418 = EDGE_CURVE('',#8577,#8521,#9419,.T.);
#9419 = SURFACE_CURVE('',#9420,(#9432,#9439),.PCURVE_S1.);
#9420 = ( BOUNDED_CURVE() B_SPLINE_CURVE(6,(#9421,#9422,#9423,#9424,
    #9425,#9426,#9427,#9428,#9429,#9430,#9431),.UNSPECIFIED.,.F.,.F.) 
B_SPLINE_CURVE_WITH_KNOTS((7,4,7),(0.,0.5,1.),.UNSPECIFIED.) CURVE() 
GEOMETRIC_REPRESENTATION_ITEM() RATIONAL_B_SPLINE_CURVE((1.,1.,1.,1.,1.,
1.,1.,1.,1.,1.,1.)) REPRESENTATION_ITEM('') );
#9421 = CARTESIAN_POINT('',(3.250000000415,-1.669789267684E-13,3.8100001
    ));
#9422 = CARTESIAN_POINT('',(3.238523501092,1.701305661014,3.915833433341
    ));
#9423 = CARTESIAN_POINT('',(2.214523267014,3.40261132199,4.021666767259)
  );
#9424 = CARTESIAN_POINT('',(-1.92948640425E-02,4.275126821441,
    4.127500101905));
#9425 = CARTESIAN_POINT('',(-2.185066917808,3.402611321827,
    4.233333436497));
#9426 = CARTESIAN_POINT('',(-4.314933080872,-2.801395685786E-10,
    4.445000104397));
#9427 = CARTESIAN_POINT('',(-2.18506691731,-3.40261132223,4.656666769821
    ));
#9428 = CARTESIAN_POINT('',(-1.929486335708E-02,-4.275126821683,
    4.762500101895));
#9429 = CARTESIAN_POINT('',(2.214523267758,-3.402611322068,
    4.868333433944));
#9430 = CARTESIAN_POINT('',(3.238523501833,-1.701305661015,
    4.974166766673));
#9431 = CARTESIAN_POINT('',(3.250000001153,-4.582155749723E-13,5.0800001
    ));
#9432 = PCURVE('',#7349,#9433);
#9433 = DEFINITIONAL_REPRESENTATION('',(#9434),#9438);
#9434 = LINE('',#9435,#9436);
#9435 = CARTESIAN_POINT('',(5.,0.));
#9436 = VECTOR('',#9437,1.);
#9437 = DIRECTION('',(0.,1.));
#9438 = ( GEOMETRIC_REPRESENTATION_CONTEXT(2) 
PARAMETRIC_REPRESENTATION_CONTEXT() REPRESENTATION_CONTEXT('2D SPACE',''
  ) );
#9439 = PCURVE('',#8620,#9440);
#9440 = DEFINITIONAL_REPRESENTATION('',(#9441),#9445);
#9441 = LINE('',#9442,#9443);
#9442 = CARTESIAN_POINT('',(5.,0.));
#9443 = VECTOR('',#9444,1.);
#9444 = DIRECTION('',(0.,1.));
#9445 = ( GEOMETRIC_REPRESENTATION_CONTEXT(2) 
PARAMETRIC_REPRESENTATION_CONTEXT() REPRESENTATION_CONTEXT('2D SPACE',''
  ) );
#9446 = ORIENTED_EDGE('',*,*,#8520,.T.);
#9447 = ORIENTED_EDGE('',*,*,#8486,.T.);
#9448 = ORIENTED_EDGE('',*,*,#8436,.T.);
#9449 = ORIENTED_EDGE('',*,*,#9450,.T.);
#9450 = EDGE_CURVE('',#8349,#8315,#9451,.T.);
#9451 = SURFACE_CURVE('',#9452,(#9464,#9471),.PCURVE_S1.);
#9452 = ( BOUNDED_CURVE() B_SPLINE_CURVE(6,(#9453,#9454,#9455,#9456,
    #9457,#9458,#9459,#9460,#9461,#9462,#9463),.UNSPECIFIED.,.F.,.F.) 
B_SPLINE_CURVE_WITH_KNOTS((7,4,7),(0.,0.5,1.),.UNSPECIFIED.) CURVE() 
GEOMETRIC_REPRESENTATION_ITEM() RATIONAL_B_SPLINE_CURVE((1.,1.,1.,1.,1.,
1.,1.,1.,1.,1.,1.)) REPRESENTATION_ITEM('') );
#9453 = CARTESIAN_POINT('',(3.250000000415,-1.669789267684E-13,3.8100001
    ));
#9454 = CARTESIAN_POINT('',(3.238523501092,1.701305661014,3.915833433341
    ));
#9455 = CARTESIAN_POINT('',(2.214523267014,3.40261132199,4.021666767259)
  );
#9456 = CARTESIAN_POINT('',(-1.92948640425E-02,4.275126821441,
    4.127500101905));
#9457 = CARTESIAN_POINT('',(-2.185066917808,3.402611321827,
    4.233333436497));
#9458 = CARTESIAN_POINT('',(-4.314933080872,-2.801395685786E-10,
    4.445000104397));
#9459 = CARTESIAN_POINT('',(-2.18506691731,-3.40261132223,4.656666769821
    ));
#9460 = CARTESIAN_POINT('',(-1.929486335708E-02,-4.275126821683,
    4.762500101895));
#9461 = CARTESIAN_POINT('',(2.214523267758,-3.402611322068,
    4.868333433944));
#9462 = CARTESIAN_POINT('',(3.238523501833,-1.701305661015,
    4.974166766673));
#9463 = CARTESIAN_POINT('',(3.250000001153,-4.582155749723E-13,5.0800001
    ));
#9464 = PCURVE('',#7349,#9465);
#9465 = DEFINITIONAL_REPRESENTATION('',(#9466),#9470);
#9466 = LINE('',#9467,#9468);
#9467 = CARTESIAN_POINT('',(5.,0.));
#9468 = VECTOR('',#9469,1.);
#9469 = DIRECTION('',(0.,1.));
#9470 = ( GEOMETRIC_REPRESENTATION_CONTEXT(2) 
PARAMETRIC_REPRESENTATION_CONTEXT() REPRESENTATION_CONTEXT('2D SPACE',''
  ) );
#9471 = PCURVE('',#8392,#9472);
#9472 = DEFINITIONAL_REPRESENTATION('',(#9473),#9477);
#9473 = LINE('',#9474,#9475);
#9474 = CARTESIAN_POINT('',(5.,0.));
#9475 = VECTOR('',#9476,1.);
#9476 = DIRECTION('',(0.,1.));
#9477 = ( GEOMETRIC_REPRESENTATION_CONTEXT(2) 
PARAMETRIC_REPRESENTATION_CONTEXT() REPRESENTATION_CONTEXT('2D SPACE',''
  ) );
#9478 = ORIENTED_EDGE('',*,*,#8314,.T.);
#9479 = ORIENTED_EDGE('',*,*,#9480,.T.);
#9480 = EDGE_CURVE('',#8236,#8180,#9481,.T.);
#9481 = SURFACE_CURVE('',#9482,(#9494,#9501),.PCURVE_S1.);
#9482 = ( BOUNDED_CURVE() B_SPLINE_CURVE(6,(#9483,#9484,#9485,#9486,
    #9487,#9488,#9489,#9490,#9491,#9492,#9493),.UNSPECIFIED.,.F.,.F.) 
B_SPLINE_CURVE_WITH_KNOTS((7,4,7),(0.,0.5,1.),.UNSPECIFIED.) CURVE() 
GEOMETRIC_REPRESENTATION_ITEM() RATIONAL_B_SPLINE_CURVE((1.,1.,1.,1.,1.,
1.,1.,1.,1.,1.,1.)) REPRESENTATION_ITEM('') );
#9483 = CARTESIAN_POINT('',(3.250000000415,-1.669789267684E-13,3.8100001
    ));
#9484 = CARTESIAN_POINT('',(3.238523501092,1.701305661014,3.915833433341
    ));
#9485 = CARTESIAN_POINT('',(2.214523267014,3.40261132199,4.021666767259)
  );
#9486 = CARTESIAN_POINT('',(-1.92948640425E-02,4.275126821441,
    4.127500101905));
#9487 = CARTESIAN_POINT('',(-2.185066917808,3.402611321827,
    4.233333436497));
#9488 = CARTESIAN_POINT('',(-4.314933080872,-2.801395685786E-10,
    4.445000104397));
#9489 = CARTESIAN_POINT('',(-2.18506691731,-3.40261132223,4.656666769821
    ));
#9490 = CARTESIAN_POINT('',(-1.929486335708E-02,-4.275126821683,
    4.762500101895));
#9491 = CARTESIAN_POINT('',(2.214523267758,-3.402611322068,
    4.868333433944));
#9492 = CARTESIAN_POINT('',(3.238523501833,-1.701305661015,
    4.974166766673));
#9493 = CARTESIAN_POINT('',(3.250000001153,-4.582155749723E-13,5.0800001
    ));
#9494 = PCURVE('',#7349,#9495);
#9495 = DEFINITIONAL_REPRESENTATION('',(#9496),#9500);
#9496 = LINE('',#9497,#9498);
#9497 = CARTESIAN_POINT('',(5.,0.));
#9498 = VECTOR('',#9499,1.);
#9499 = DIRECTION('',(0.,1.));
#9500 = ( GEOMETRIC_REPRESENTATION_CONTEXT(2) 
PARAMETRIC_REPRESENTATION_CONTEXT() REPRESENTATION_CONTEXT('2D SPACE',''
  ) );
#9501 = PCURVE('',#8273,#9502);
#9502 = DEFINITIONAL_REPRESENTATION('',(#9503),#9507);
#9503 = LINE('',#9504,#9505);
#9504 = CARTESIAN_POINT('',(5.,0.));
#9505 = VECTOR('',#9506,1.);
#9506 = DIRECTION('',(0.,1.));
#9507 = ( GEOMETRIC_REPRESENTATION_CONTEXT(2) 
PARAMETRIC_REPRESENTATION_CONTEXT() REPRESENTATION_CONTEXT('2D SPACE',''
  ) );
#9508 = ORIENTED_EDGE('',*,*,#8179,.T.);
#9509 = ORIENTED_EDGE('',*,*,#9510,.T.);
#9510 = EDGE_CURVE('',#8107,#8105,#9511,.T.);
#9511 = SURFACE_CURVE('',#9512,(#9524,#9531),.PCURVE_S1.);
#9512 = ( BOUNDED_CURVE() B_SPLINE_CURVE(6,(#9513,#9514,#9515,#9516,
    #9517,#9518,#9519,#9520,#9521,#9522,#9523),.UNSPECIFIED.,.F.,.F.) 
B_SPLINE_CURVE_WITH_KNOTS((7,4,7),(0.,0.5,1.),.UNSPECIFIED.) CURVE() 
GEOMETRIC_REPRESENTATION_ITEM() RATIONAL_B_SPLINE_CURVE((1.,1.,1.,1.,1.,
1.,1.,1.,1.,1.,1.)) REPRESENTATION_ITEM('') );
#9513 = CARTESIAN_POINT('',(3.250000000415,-1.669789267684E-13,3.8100001
    ));
#9514 = CARTESIAN_POINT('',(3.238523501092,1.701305661014,3.915833433341
    ));
#9515 = CARTESIAN_POINT('',(2.214523267014,3.40261132199,4.021666767259)
  );
#9516 = CARTESIAN_POINT('',(-1.92948640425E-02,4.275126821441,
    4.127500101905));
#9517 = CARTESIAN_POINT('',(-2.185066917808,3.402611321827,
    4.233333436497));
#9518 = CARTESIAN_POINT('',(-4.314933080872,-2.801395685786E-10,
    4.445000104397));
#9519 = CARTESIAN_POINT('',(-2.18506691731,-3.40261132223,4.656666769821
    ));
#9520 = CARTESIAN_POINT('',(-1.929486335708E-02,-4.275126821683,
    4.762500101895));
#9521 = CARTESIAN_POINT('',(2.214523267758,-3.402611322068,
    4.868333433944));
#9522 = CARTESIAN_POINT('',(3.238523501833,-1.701305661015,
    4.974166766673));
#9523 = CARTESIAN_POINT('',(3.250000001153,-4.582155749723E-13,5.0800001
    ));
#9524 = PCURVE('',#7349,#9525);
#9525 = DEFINITIONAL_REPRESENTATION('',(#9526),#9530);
#9526 = LINE('',#9527,#9528);
#9527 = CARTESIAN_POINT('',(5.,0.));
#9528 = VECTOR('',#9529,1.);
#9529 = DIRECTION('',(0.,1.));
#9530 = ( GEOMETRIC_REPRESENTATION_CONTEXT(2) 
PARAMETRIC_REPRESENTATION_CONTEXT() REPRESENTATION_CONTEXT('2D SPACE',''
  ) );
#9531 = PCURVE('',#8140,#9532);
#9532 = DEFINITIONAL_REPRESENTATION('',(#9533),#9537);
#9533 = LINE('',#9534,#9535);
#9534 = CARTESIAN_POINT('',(5.,0.));
#9535 = VECTOR('',#9536,1.);
#9536 = DIRECTION('',(0.,1.));
#9537 = ( GEOMETRIC_REPRESENTATION_CONTEXT(2) 
PARAMETRIC_REPRESENTATION_CONTEXT() REPRESENTATION_CONTEXT('2D SPACE',''
  ) );
#9538 = ORIENTED_EDGE('',*,*,#9539,.F.);
#9539 = EDGE_CURVE('',#9327,#8105,#9540,.T.);
#9540 = SURFACE_CURVE('',#9541,(#9544,#9551),.PCURVE_S1.);
#9541 = B_SPLINE_CURVE_WITH_KNOTS('',1,(#9542,#9543),.UNSPECIFIED.,.F.,
  .F.,(2,2),(4.,5.),.PIECEWISE_BEZIER_KNOTS.);
#9542 = CARTESIAN_POINT('',(2.56259233713,-2.612375567047E-11,
    5.4768751004));
#9543 = CARTESIAN_POINT('',(3.250000001153,-4.582155749723E-13,5.0800001
    ));
#9544 = PCURVE('',#7349,#9545);
#9545 = DEFINITIONAL_REPRESENTATION('',(#9546),#9550);
#9546 = LINE('',#9547,#9548);
#9547 = CARTESIAN_POINT('',(0.,1.));
#9548 = VECTOR('',#9549,1.);
#9549 = DIRECTION('',(1.,0.));
#9550 = ( GEOMETRIC_REPRESENTATION_CONTEXT(2) 
PARAMETRIC_REPRESENTATION_CONTEXT() REPRESENTATION_CONTEXT('2D SPACE',''
  ) );
#9551 = PCURVE('',#9552,#9575);
#9552 = ( BOUNDED_SURFACE() B_SPLINE_SURFACE(1,6,(
    (#9553,#9554,#9555,#9556,#9557,#9558,#9559,#9560,#9561,#9562,#9563)
    ,(#9564,#9565,#9566,#9567,#9568,#9569,#9570,#9571,#9572,#9573,#9574
)),.UNSPECIFIED.,.F.,.F.,.F.) B_SPLINE_SURFACE_WITH_KNOTS((2,2),(7,4,7),
(4.,5.),(0.,0.5,1.),.UNSPECIFIED.) GEOMETRIC_REPRESENTATION_ITEM() 
RATIONAL_B_SPLINE_SURFACE((
    (1.,1.,1.,1.,1.,1.,1.,1.,1.,1.,1.)
,(1.,1.,1.,1.,1.,1.,1.,1.,1.,1.,1.
  ))) REPRESENTATION_ITEM('') SURFACE() );
#9553 = CARTESIAN_POINT('',(2.562592337104,-3.305452588347E-11,
    5.476875100511));
#9554 = CARTESIAN_POINT('',(2.562522222296,0.686793946658,5.531041767228
    ));
#9555 = CARTESIAN_POINT('',(2.341952637036,1.373279361226,5.585208433904
    ));
#9556 = CARTESIAN_POINT('',(1.899730026631,1.971797146509,5.639375101088
    ));
#9557 = CARTESIAN_POINT('',(1.28563485289,2.391111622558,5.693541768111)
  );
#9558 = CARTESIAN_POINT('',(-0.103255985957,2.781496099395,
    5.801875102495));
#9559 = CARTESIAN_POINT('',(-1.459379915244,2.28920991189,5.910208436854
    ));
#9560 = CARTESIAN_POINT('',(-2.040695747513,1.825518834346,
    5.964375103853));
#9561 = CARTESIAN_POINT('',(-2.437325445263,1.195860784831,
    6.018541771002));
#9562 = CARTESIAN_POINT('',(-2.606390024971,0.494911190175,6.07270843764
    ));
#9563 = CARTESIAN_POINT('',(-2.555539153089,-0.189997649716,
    6.126875104318));
#9564 = CARTESIAN_POINT('',(3.250000001063,-3.947354642046E-13,5.0800001
    ));
#9565 = CARTESIAN_POINT('',(3.249911078839,0.87102434957,5.134166766717)
  );
#9566 = CARTESIAN_POINT('',(2.970174365734,1.741657409995,5.188333433437
    ));
#9567 = CARTESIAN_POINT('',(2.40932687622,2.500725781717,5.242500100709)
  );
#9568 = CARTESIAN_POINT('',(1.630502523251,3.03252010326,5.296666767855)
  );
#9569 = CARTESIAN_POINT('',(-0.130954093435,3.527624037518,
    5.405000102516));
#9570 = CARTESIAN_POINT('',(-1.850854175981,2.903283566099,
    5.513333437146));
#9571 = CARTESIAN_POINT('',(-2.588106227842,2.315208753482,5.56750010426
    ));
#9572 = CARTESIAN_POINT('',(-3.091130643718,1.516646835732,
    5.621666771489));
#9573 = CARTESIAN_POINT('',(-3.305546288582,0.62766962241,5.67583343816)
  );
#9574 = CARTESIAN_POINT('',(-3.24105482316,-0.240963946102,
    5.730000104828));
#9575 = DEFINITIONAL_REPRESENTATION('',(#9576),#9579);
#9576 = B_SPLINE_CURVE_WITH_KNOTS('',1,(#9577,#9578),.UNSPECIFIED.,.F.,
  .F.,(2,2),(4.,5.),.PIECEWISE_BEZIER_KNOTS.);
#9577 = CARTESIAN_POINT('',(4.,0.));
#9578 = CARTESIAN_POINT('',(5.,0.));
#9579 = ( GEOMETRIC_REPRESENTATION_CONTEXT(2) 
PARAMETRIC_REPRESENTATION_CONTEXT() REPRESENTATION_CONTEXT('2D SPACE',''
  ) );
#9580 = ADVANCED_FACE('',(#9581),#7435,.F.);
#9581 = FACE_BOUND('',#9582,.F.);
#9582 = EDGE_LOOP('',(#9583,#9584));
#9583 = ORIENTED_EDGE('',*,*,#8884,.F.);
#9584 = ORIENTED_EDGE('',*,*,#7411,.T.);
#9585 = ADVANCED_FACE('',(#9586),#7512,.F.);
#9586 = FACE_BOUND('',#9587,.F.);
#9587 = EDGE_LOOP('',(#9588,#9642,#9643,#9674,#9718,#9772,#9807,#9861,
    #9895,#9949,#10005,#10039,#10095,#10149,#10183,#10237));
#9588 = ORIENTED_EDGE('',*,*,#9589,.F.);
#9589 = EDGE_CURVE('',#7498,#9590,#9592,.T.);
#9590 = VERTEX_POINT('',#9591);
#9591 = CARTESIAN_POINT('',(2.629305723668,1.910301392841,5.048250048319
    ));
#9592 = SURFACE_CURVE('',#9593,(#9605,#9612),.PCURVE_S1.);
#9593 = ( BOUNDED_CURVE() B_SPLINE_CURVE(6,(#9594,#9595,#9596,#9597,
    #9598,#9599,#9600,#9601,#9602,#9603,#9604),.UNSPECIFIED.,.F.,.F.) 
B_SPLINE_CURVE_WITH_KNOTS((7,4,7),(0.,0.5,1.),.UNSPECIFIED.) CURVE() 
GEOMETRIC_REPRESENTATION_ITEM() RATIONAL_B_SPLINE_CURVE((1.,1.,1.,1.,1.,
1.,1.,1.,1.,1.,1.)) REPRESENTATION_ITEM('') );
#9594 = CARTESIAN_POINT('',(3.250000001061,-4.208367542313E-13,4.9212501
    ));
#9595 = CARTESIAN_POINT('',(3.238523501738,1.701305661013,5.02708343334)
  );
#9596 = CARTESIAN_POINT('',(2.21452326766,3.40261132199,5.132916767259)
  );
#9597 = CARTESIAN_POINT('',(-1.929486339659E-02,4.27512682144,
    5.238750101905));
#9598 = CARTESIAN_POINT('',(-2.185066917162,3.402611321827,
    5.344583436498));
#9599 = CARTESIAN_POINT('',(-4.314933080226,-2.803934264061E-10,
    5.556250104397));
#9600 = CARTESIAN_POINT('',(-2.185066916664,-3.40261132223,
    5.767916769821));
#9601 = CARTESIAN_POINT('',(-1.929486271117E-02,-4.275126821684,
    5.873750101895));
#9602 = CARTESIAN_POINT('',(2.214523268404,-3.402611322068,
    5.979583433945));
#9603 = CARTESIAN_POINT('',(3.238523502479,-1.701305661015,
    6.085416766673));
#9604 = CARTESIAN_POINT('',(3.250000001799,-7.120734024353E-13,6.1912501
    ));
#9605 = PCURVE('',#7512,#9606);
#9606 = DEFINITIONAL_REPRESENTATION('',(#9607),#9611);
#9607 = LINE('',#9608,#9609);
#9608 = CARTESIAN_POINT('',(2.,0.));
#9609 = VECTOR('',#9610,1.);
#9610 = DIRECTION('',(0.,1.));
#9611 = ( GEOMETRIC_REPRESENTATION_CONTEXT(2) 
PARAMETRIC_REPRESENTATION_CONTEXT() REPRESENTATION_CONTEXT('2D SPACE',''
  ) );
#9612 = PCURVE('',#9613,#9636);
#9613 = ( BOUNDED_SURFACE() B_SPLINE_SURFACE(1,6,(
    (#9614,#9615,#9616,#9617,#9618,#9619,#9620,#9621,#9622,#9623,#9624)
    ,(#9625,#9626,#9627,#9628,#9629,#9630,#9631,#9632,#9633,#9634,#9635
)),.UNSPECIFIED.,.F.,.F.,.F.) B_SPLINE_SURFACE_WITH_KNOTS((2,2),(7,4,7),
(1.,2.),(0.,0.5,1.),.UNSPECIFIED.) GEOMETRIC_REPRESENTATION_ITEM() 
RATIONAL_B_SPLINE_SURFACE((
    (1.,1.,1.,1.,1.,1.,1.,1.,1.,1.,1.)
,(1.,1.,1.,1.,1.,1.,1.,1.,1.,1.,1.
  ))) REPRESENTATION_ITEM('') SURFACE() );
#9614 = CARTESIAN_POINT('',(3.450000001061,6.96281907836E-12,
    4.921250099884));
#9615 = CARTESIAN_POINT('',(3.437817255672,1.806001394021,5.027083433225
    ));
#9616 = CARTESIAN_POINT('',(2.350801622399,3.612002787996,5.13291676718)
  );
#9617 = CARTESIAN_POINT('',(-2.04822395979E-02,4.53821154887,
    5.238750101906));
#9618 = CARTESIAN_POINT('',(-2.319532573691,3.612002787823,
    5.344583436576));
#9619 = CARTESIAN_POINT('',(-4.580467423705,-2.905046699877E-10,
    5.556250104551));
#9620 = CARTESIAN_POINT('',(-2.319532573178,-3.612002788236,
    5.767916769899));
#9621 = CARTESIAN_POINT('',(-2.048223889293E-02,-4.538211549113,
    5.873750101896));
#9622 = CARTESIAN_POINT('',(2.350801623158,-3.612002788063,
    5.979583433865));
#9623 = CARTESIAN_POINT('',(3.437817256421,-1.806001394008,
    6.085416766557));
#9624 = CARTESIAN_POINT('',(3.450000001799,6.728890065277E-12,
    6.191250099884));
#9625 = CARTESIAN_POINT('',(3.250000001061,-4.208367542313E-13,4.9212501
    ));
#9626 = CARTESIAN_POINT('',(3.238523501738,1.701305661013,5.02708343334)
  );
#9627 = CARTESIAN_POINT('',(2.21452326766,3.40261132199,5.132916767259)
  );
#9628 = CARTESIAN_POINT('',(-1.929486339659E-02,4.27512682144,
    5.238750101905));
#9629 = CARTESIAN_POINT('',(-2.185066917162,3.402611321827,
    5.344583436498));
#9630 = CARTESIAN_POINT('',(-4.314933080226,-2.803934264061E-10,
    5.556250104397));
#9631 = CARTESIAN_POINT('',(-2.185066916664,-3.40261132223,
    5.767916769821));
#9632 = CARTESIAN_POINT('',(-1.929486271117E-02,-4.275126821684,
    5.873750101895));
#9633 = CARTESIAN_POINT('',(2.214523268404,-3.402611322068,
    5.979583433945));
#9634 = CARTESIAN_POINT('',(3.238523502479,-1.701305661015,
    6.085416766673));
#9635 = CARTESIAN_POINT('',(3.250000001799,-7.120734024353E-13,6.1912501
    ));
#9636 = DEFINITIONAL_REPRESENTATION('',(#9637),#9641);
#9637 = LINE('',#9638,#9639);
#9638 = CARTESIAN_POINT('',(2.,0.));
#9639 = VECTOR('',#9640,1.);
#9640 = DIRECTION('',(0.,1.));
#9641 = ( GEOMETRIC_REPRESENTATION_CONTEXT(2) 
PARAMETRIC_REPRESENTATION_CONTEXT() REPRESENTATION_CONTEXT('2D SPACE',''
  ) );
#9642 = ORIENTED_EDGE('',*,*,#7497,.T.);
#9643 = ORIENTED_EDGE('',*,*,#9644,.T.);
#9644 = EDGE_CURVE('',#7467,#9645,#9647,.T.);
#9645 = VERTEX_POINT('',#9646);
#9646 = CARTESIAN_POINT('',(2.562592337328,-2.967980875932E-11,
    5.794375100455));
#9647 = SURFACE_CURVE('',#9648,(#9660,#9667),.PCURVE_S1.);
#9648 = ( BOUNDED_CURVE() B_SPLINE_CURVE(6,(#9649,#9650,#9651,#9652,
    #9653,#9654,#9655,#9656,#9657,#9658,#9659),.UNSPECIFIED.,.F.,.F.) 
B_SPLINE_CURVE_WITH_KNOTS((7,4,7),(0.,0.5,1.),.UNSPECIFIED.) CURVE() 
GEOMETRIC_REPRESENTATION_ITEM() RATIONAL_B_SPLINE_CURVE((1.,1.,1.,1.,1.,
1.,1.,1.,1.,1.,1.)) REPRESENTATION_ITEM('') );
#9649 = CARTESIAN_POINT('',(2.562592336577,-2.57080812921E-11,
    4.5243751004));
#9650 = CARTESIAN_POINT('',(2.553543232046,1.341462414593,4.630208433739
    ));
#9651 = CARTESIAN_POINT('',(1.746129339833,2.682924829182,4.736041767531
    ));
#9652 = CARTESIAN_POINT('',(-1.521380612184E-02,3.370894531525,
    4.841875101902));
#9653 = CARTESIAN_POINT('',(-1.722903303009,2.682924829053,
    4.947708436229));
#9654 = CARTESIAN_POINT('',(-3.402281366306,-2.459519813877E-10,
    5.159375103867));
#9655 = CARTESIAN_POINT('',(-1.722903302564,-2.682924829423,
    5.371041769552));
#9656 = CARTESIAN_POINT('',(-1.521380550334E-02,-3.370894531767,
    5.476875101893));
#9657 = CARTESIAN_POINT('',(1.746129340524,-2.682924829295,
    5.582708434217));
#9658 = CARTESIAN_POINT('',(2.55354323276,-1.341462414645,5.688541767071
    ));
#9659 = CARTESIAN_POINT('',(2.562592337315,-2.619628647832E-11,
    5.7943751004));
#9660 = PCURVE('',#7512,#9661);
#9661 = DEFINITIONAL_REPRESENTATION('',(#9662),#9666);
#9662 = LINE('',#9663,#9664);
#9663 = CARTESIAN_POINT('',(3.,0.));
#9664 = VECTOR('',#9665,1.);
#9665 = DIRECTION('',(0.,1.));
#9666 = ( GEOMETRIC_REPRESENTATION_CONTEXT(2) 
PARAMETRIC_REPRESENTATION_CONTEXT() REPRESENTATION_CONTEXT('2D SPACE',''
  ) );
#9667 = PCURVE('',#9293,#9668);
#9668 = DEFINITIONAL_REPRESENTATION('',(#9669),#9673);
#9669 = LINE('',#9670,#9671);
#9670 = CARTESIAN_POINT('',(3.,0.));
#9671 = VECTOR('',#9672,1.);
#9672 = DIRECTION('',(0.,1.));
#9673 = ( GEOMETRIC_REPRESENTATION_CONTEXT(2) 
PARAMETRIC_REPRESENTATION_CONTEXT() REPRESENTATION_CONTEXT('2D SPACE',''
  ) );
#9674 = ORIENTED_EDGE('',*,*,#9675,.F.);
#9675 = EDGE_CURVE('',#9676,#9645,#9678,.T.);
#9676 = VERTEX_POINT('',#9677);
#9677 = CARTESIAN_POINT('',(3.250000001844,-7.438134578192E-13,6.1912501
    ));
#9678 = SURFACE_CURVE('',#9679,(#9682,#9689),.PCURVE_S1.);
#9679 = B_SPLINE_CURVE_WITH_KNOTS('',1,(#9680,#9681),.UNSPECIFIED.,.F.,
  .F.,(2,2),(2.,3.),.PIECEWISE_BEZIER_KNOTS.);
#9680 = CARTESIAN_POINT('',(3.250000001799,-7.120734024353E-13,6.1912501
    ));
#9681 = CARTESIAN_POINT('',(2.562592337315,-2.619628647832E-11,
    5.7943751004));
#9682 = PCURVE('',#7512,#9683);
#9683 = DEFINITIONAL_REPRESENTATION('',(#9684),#9688);
#9684 = LINE('',#9685,#9686);
#9685 = CARTESIAN_POINT('',(0.,1.));
#9686 = VECTOR('',#9687,1.);
#9687 = DIRECTION('',(1.,0.));
#9688 = ( GEOMETRIC_REPRESENTATION_CONTEXT(2) 
PARAMETRIC_REPRESENTATION_CONTEXT() REPRESENTATION_CONTEXT('2D SPACE',''
  ) );
#9689 = PCURVE('',#9690,#9713);
#9690 = ( BOUNDED_SURFACE() B_SPLINE_SURFACE(1,6,(
    (#9691,#9692,#9693,#9694,#9695,#9696,#9697,#9698,#9699,#9700,#9701)
    ,(#9702,#9703,#9704,#9705,#9706,#9707,#9708,#9709,#9710,#9711,#9712
)),.UNSPECIFIED.,.F.,.F.,.F.) B_SPLINE_SURFACE_WITH_KNOTS((2,2),(7,4,7),
(2.,3.),(0.,0.5,1.),.UNSPECIFIED.) GEOMETRIC_REPRESENTATION_ITEM() 
RATIONAL_B_SPLINE_SURFACE((
    (1.,1.,1.,1.,1.,1.,1.,1.,1.,1.,1.)
,(1.,1.,1.,1.,1.,1.,1.,1.,1.,1.,1.
  ))) REPRESENTATION_ITEM('') SURFACE() );
#9691 = CARTESIAN_POINT('',(3.25000000189,-7.755535132031E-13,6.1912501)
  );
#9692 = CARTESIAN_POINT('',(3.249911079666,0.87102434957,6.245416766717)
  );
#9693 = CARTESIAN_POINT('',(2.970174366561,1.741657409995,6.299583433437
    ));
#9694 = CARTESIAN_POINT('',(2.409326877047,2.500725781717,6.353750100709
    ));
#9695 = CARTESIAN_POINT('',(1.630502524077,3.03252010326,6.407916767855)
  );
#9696 = CARTESIAN_POINT('',(-0.130954092609,3.527624037517,
    6.516250102516));
#9697 = CARTESIAN_POINT('',(-1.850854175154,2.903283566098,
    6.624583437146));
#9698 = CARTESIAN_POINT('',(-2.588106227016,2.315208753482,6.67875010426
    ));
#9699 = CARTESIAN_POINT('',(-3.091130642891,1.516646835732,
    6.732916771489));
#9700 = CARTESIAN_POINT('',(-3.305546287755,0.627669622409,6.78708343816
    ));
#9701 = CARTESIAN_POINT('',(-3.241054822333,-0.240963946102,
    6.841250104828));
#9702 = CARTESIAN_POINT('',(2.562592337341,-3.316333104032E-11,
    5.794375100511));
#9703 = CARTESIAN_POINT('',(2.562522222532,0.686793946658,5.848541767228
    ));
#9704 = CARTESIAN_POINT('',(2.341952637272,1.373279361226,5.902708433904
    ));
#9705 = CARTESIAN_POINT('',(1.899730026868,1.971797146509,5.956875101088
    ));
#9706 = CARTESIAN_POINT('',(1.285634853126,2.391111622558,6.011041768111
    ));
#9707 = CARTESIAN_POINT('',(-0.103255985721,2.781496099395,
    6.119375102495));
#9708 = CARTESIAN_POINT('',(-1.459379915008,2.28920991189,6.227708436854
    ));
#9709 = CARTESIAN_POINT('',(-2.040695747276,1.825518834346,
    6.281875103853));
#9710 = CARTESIAN_POINT('',(-2.437325445026,1.195860784831,
    6.336041771002));
#9711 = CARTESIAN_POINT('',(-2.606390024735,0.494911190175,6.39020843764
    ));
#9712 = CARTESIAN_POINT('',(-2.555539152853,-0.189997649717,
    6.444375104318));
#9713 = DEFINITIONAL_REPRESENTATION('',(#9714),#9717);
#9714 = B_SPLINE_CURVE_WITH_KNOTS('',1,(#9715,#9716),.UNSPECIFIED.,.F.,
  .F.,(2,2),(2.,3.),.PIECEWISE_BEZIER_KNOTS.);
#9715 = CARTESIAN_POINT('',(2.,0.));
#9716 = CARTESIAN_POINT('',(3.,0.));
#9717 = ( GEOMETRIC_REPRESENTATION_CONTEXT(2) 
PARAMETRIC_REPRESENTATION_CONTEXT() REPRESENTATION_CONTEXT('2D SPACE',''
  ) );
#9718 = ORIENTED_EDGE('',*,*,#9719,.F.);
#9719 = EDGE_CURVE('',#9720,#9676,#9722,.T.);
#9720 = VERTEX_POINT('',#9721);
#9721 = CARTESIAN_POINT('',(2.629306104223,-1.91030086905,6.064250192666
    ));
#9722 = SURFACE_CURVE('',#9723,(#9735,#9742),.PCURVE_S1.);
#9723 = ( BOUNDED_CURVE() B_SPLINE_CURVE(6,(#9724,#9725,#9726,#9727,
    #9728,#9729,#9730,#9731,#9732,#9733,#9734),.UNSPECIFIED.,.F.,.F.) 
B_SPLINE_CURVE_WITH_KNOTS((7,4,7),(0.,0.5,1.),.UNSPECIFIED.) CURVE() 
GEOMETRIC_REPRESENTATION_ITEM() RATIONAL_B_SPLINE_CURVE((1.,1.,1.,1.,1.,
1.,1.,1.,1.,1.,1.)) REPRESENTATION_ITEM('') );
#9724 = CARTESIAN_POINT('',(3.250000001061,-4.208367542313E-13,4.9212501
    ));
#9725 = CARTESIAN_POINT('',(3.238523501738,1.701305661013,5.02708343334)
  );
#9726 = CARTESIAN_POINT('',(2.21452326766,3.40261132199,5.132916767259)
  );
#9727 = CARTESIAN_POINT('',(-1.929486339659E-02,4.27512682144,
    5.238750101905));
#9728 = CARTESIAN_POINT('',(-2.185066917162,3.402611321827,
    5.344583436498));
#9729 = CARTESIAN_POINT('',(-4.314933080226,-2.803934264061E-10,
    5.556250104397));
#9730 = CARTESIAN_POINT('',(-2.185066916664,-3.40261132223,
    5.767916769821));
#9731 = CARTESIAN_POINT('',(-1.929486271117E-02,-4.275126821684,
    5.873750101895));
#9732 = CARTESIAN_POINT('',(2.214523268404,-3.402611322068,
    5.979583433945));
#9733 = CARTESIAN_POINT('',(3.238523502479,-1.701305661015,
    6.085416766673));
#9734 = CARTESIAN_POINT('',(3.250000001799,-7.120734024353E-13,6.1912501
    ));
#9735 = PCURVE('',#7512,#9736);
#9736 = DEFINITIONAL_REPRESENTATION('',(#9737),#9741);
#9737 = LINE('',#9738,#9739);
#9738 = CARTESIAN_POINT('',(2.,0.));
#9739 = VECTOR('',#9740,1.);
#9740 = DIRECTION('',(0.,1.));
#9741 = ( GEOMETRIC_REPRESENTATION_CONTEXT(2) 
PARAMETRIC_REPRESENTATION_CONTEXT() REPRESENTATION_CONTEXT('2D SPACE',''
  ) );
#9742 = PCURVE('',#9743,#9766);
#9743 = ( BOUNDED_SURFACE() B_SPLINE_SURFACE(1,6,(
    (#9744,#9745,#9746,#9747,#9748,#9749,#9750,#9751,#9752,#9753,#9754)
    ,(#9755,#9756,#9757,#9758,#9759,#9760,#9761,#9762,#9763,#9764,#9765
)),.UNSPECIFIED.,.F.,.F.,.F.) B_SPLINE_SURFACE_WITH_KNOTS((2,2),(7,4,7),
(1.,2.),(0.,0.5,1.),.UNSPECIFIED.) GEOMETRIC_REPRESENTATION_ITEM() 
RATIONAL_B_SPLINE_SURFACE((
    (1.,1.,1.,1.,1.,1.,1.,1.,1.,1.,1.)
,(1.,1.,1.,1.,1.,1.,1.,1.,1.,1.,1.
  ))) REPRESENTATION_ITEM('') SURFACE() );
#9744 = CARTESIAN_POINT('',(3.450000001061,6.96281907836E-12,
    4.921250099884));
#9745 = CARTESIAN_POINT('',(3.437817255672,1.806001394021,5.027083433225
    ));
#9746 = CARTESIAN_POINT('',(2.350801622399,3.612002787996,5.13291676718)
  );
#9747 = CARTESIAN_POINT('',(-2.04822395979E-02,4.53821154887,
    5.238750101906));
#9748 = CARTESIAN_POINT('',(-2.319532573691,3.612002787823,
    5.344583436576));
#9749 = CARTESIAN_POINT('',(-4.580467423705,-2.905046699877E-10,
    5.556250104551));
#9750 = CARTESIAN_POINT('',(-2.319532573178,-3.612002788236,
    5.767916769899));
#9751 = CARTESIAN_POINT('',(-2.048223889293E-02,-4.538211549113,
    5.873750101896));
#9752 = CARTESIAN_POINT('',(2.350801623158,-3.612002788063,
    5.979583433865));
#9753 = CARTESIAN_POINT('',(3.437817256421,-1.806001394008,
    6.085416766557));
#9754 = CARTESIAN_POINT('',(3.450000001799,6.728890065277E-12,
    6.191250099884));
#9755 = CARTESIAN_POINT('',(3.250000001061,-4.208367542313E-13,4.9212501
    ));
#9756 = CARTESIAN_POINT('',(3.238523501738,1.701305661013,5.02708343334)
  );
#9757 = CARTESIAN_POINT('',(2.21452326766,3.40261132199,5.132916767259)
  );
#9758 = CARTESIAN_POINT('',(-1.929486339659E-02,4.27512682144,
    5.238750101905));
#9759 = CARTESIAN_POINT('',(-2.185066917162,3.402611321827,
    5.344583436498));
#9760 = CARTESIAN_POINT('',(-4.314933080226,-2.803934264061E-10,
    5.556250104397));
#9761 = CARTESIAN_POINT('',(-2.185066916664,-3.40261132223,
    5.767916769821));
#9762 = CARTESIAN_POINT('',(-1.929486271117E-02,-4.275126821684,
    5.873750101895));
#9763 = CARTESIAN_POINT('',(2.214523268404,-3.402611322068,
    5.979583433945));
#9764 = CARTESIAN_POINT('',(3.238523502479,-1.701305661015,
    6.085416766673));
#9765 = CARTESIAN_POINT('',(3.250000001799,-7.120734024353E-13,6.1912501
    ));
#9766 = DEFINITIONAL_REPRESENTATION('',(#9767),#9771);
#9767 = LINE('',#9768,#9769);
#9768 = CARTESIAN_POINT('',(2.,0.));
#9769 = VECTOR('',#9770,1.);
#9770 = DIRECTION('',(0.,1.));
#9771 = ( GEOMETRIC_REPRESENTATION_CONTEXT(2) 
PARAMETRIC_REPRESENTATION_CONTEXT() REPRESENTATION_CONTEXT('2D SPACE',''
  ) );
#9772 = ORIENTED_EDGE('',*,*,#9773,.T.);
#9773 = EDGE_CURVE('',#9720,#9774,#9776,.T.);
#9774 = VERTEX_POINT('',#9775);
#9775 = CARTESIAN_POINT('',(1.004302414797,-3.090934593231,
    5.937249917062));
#9776 = SURFACE_CURVE('',#9777,(#9785,#9796),.PCURVE_S1.);
#9777 = B_SPLINE_CURVE_WITH_KNOTS('',6,(#9778,#9779,#9780,#9781,#9782,
    #9783,#9784),.UNSPECIFIED.,.F.,.F.,(7,7),(0.,1.),
  .PIECEWISE_BEZIER_KNOTS.);
#9778 = CARTESIAN_POINT('',(2.629306104221,-1.910300869053,
    6.064250192666));
#9779 = CARTESIAN_POINT('',(2.429291757043,-2.185597264761,
    6.042887405724));
#9780 = CARTESIAN_POINT('',(2.194610128905,-2.435869885364,
    6.021640171446));
#9781 = CARTESIAN_POINT('',(1.929317600884,-2.655435696197,
    6.000537276002));
#9782 = CARTESIAN_POINT('',(1.638518583599,-2.839902816298,
    5.979463191864));
#9783 = CARTESIAN_POINT('',(1.327960243554,-2.985772115933,5.95836635012
    ));
#9784 = CARTESIAN_POINT('',(1.004302414801,-3.09093459323,5.937249917062
    ));
#9785 = PCURVE('',#7512,#9786);
#9786 = DEFINITIONAL_REPRESENTATION('',(#9787),#9795);
#9787 = B_SPLINE_CURVE_WITH_KNOTS('',6,(#9788,#9789,#9790,#9791,#9792,
    #9793,#9794),.UNSPECIFIED.,.F.,.F.,(7,7),(0.,1.),
  .PIECEWISE_BEZIER_KNOTS.);
#9788 = CARTESIAN_POINT('',(2.,0.90000007268));
#9789 = CARTESIAN_POINT('',(2.00047420292,0.883327168921));
#9790 = CARTESIAN_POINT('',(2.000640791273,0.866649121942));
#9791 = CARTESIAN_POINT('',(2.000482671499,0.849983256287));
#9792 = CARTESIAN_POINT('',(2.000272165015,0.833323705839));
#9793 = CARTESIAN_POINT('',(2.000103413557,0.816659284454));
#9794 = CARTESIAN_POINT('',(2.,0.799999854926));
#9795 = ( GEOMETRIC_REPRESENTATION_CONTEXT(2) 
PARAMETRIC_REPRESENTATION_CONTEXT() REPRESENTATION_CONTEXT('2D SPACE',''
  ) );
#9796 = PCURVE('',#9233,#9797);
#9797 = DEFINITIONAL_REPRESENTATION('',(#9798),#9806);
#9798 = B_SPLINE_CURVE_WITH_KNOTS('',6,(#9799,#9800,#9801,#9802,#9803,
    #9804,#9805),.UNSPECIFIED.,.F.,.F.,(7,7),(0.,1.),
  .PIECEWISE_BEZIER_KNOTS.);
#9799 = CARTESIAN_POINT('',(5.654867233197,6.064250192666));
#9800 = CARTESIAN_POINT('',(5.550164172848,6.042887405724));
#9801 = CARTESIAN_POINT('',(5.445421238512,6.021640171446));
#9802 = CARTESIAN_POINT('',(5.340715008967,6.000537276002));
#9803 = CARTESIAN_POINT('',(5.236007595215,5.979463191864));
#9804 = CARTESIAN_POINT('',(5.131259297393,5.95836635012));
#9805 = CARTESIAN_POINT('',(5.026547334395,5.937249917062));
#9806 = ( GEOMETRIC_REPRESENTATION_CONTEXT(2) 
PARAMETRIC_REPRESENTATION_CONTEXT() REPRESENTATION_CONTEXT('2D SPACE',''
  ) );
#9807 = ORIENTED_EDGE('',*,*,#9808,.F.);
#9808 = EDGE_CURVE('',#9809,#9774,#9811,.T.);
#9809 = VERTEX_POINT('',#9810);
#9810 = CARTESIAN_POINT('',(-1.005020649686,-3.090701133029,
    5.810203303798));
#9811 = SURFACE_CURVE('',#9812,(#9824,#9831),.PCURVE_S1.);
#9812 = ( BOUNDED_CURVE() B_SPLINE_CURVE(6,(#9813,#9814,#9815,#9816,
    #9817,#9818,#9819,#9820,#9821,#9822,#9823),.UNSPECIFIED.,.F.,.F.) 
B_SPLINE_CURVE_WITH_KNOTS((7,4,7),(0.,0.5,1.),.UNSPECIFIED.) CURVE() 
GEOMETRIC_REPRESENTATION_ITEM() RATIONAL_B_SPLINE_CURVE((1.,1.,1.,1.,1.,
1.,1.,1.,1.,1.,1.)) REPRESENTATION_ITEM('') );
#9813 = CARTESIAN_POINT('',(3.250000001061,-4.208367542313E-13,4.9212501
    ));
#9814 = CARTESIAN_POINT('',(3.238523501738,1.701305661013,5.02708343334)
  );
#9815 = CARTESIAN_POINT('',(2.21452326766,3.40261132199,5.132916767259)
  );
#9816 = CARTESIAN_POINT('',(-1.929486339659E-02,4.27512682144,
    5.238750101905));
#9817 = CARTESIAN_POINT('',(-2.185066917162,3.402611321827,
    5.344583436498));
#9818 = CARTESIAN_POINT('',(-4.314933080226,-2.803934264061E-10,
    5.556250104397));
#9819 = CARTESIAN_POINT('',(-2.185066916664,-3.40261132223,
    5.767916769821));
#9820 = CARTESIAN_POINT('',(-1.929486271117E-02,-4.275126821684,
    5.873750101895));
#9821 = CARTESIAN_POINT('',(2.214523268404,-3.402611322068,
    5.979583433945));
#9822 = CARTESIAN_POINT('',(3.238523502479,-1.701305661015,
    6.085416766673));
#9823 = CARTESIAN_POINT('',(3.250000001799,-7.120734024353E-13,6.1912501
    ));
#9824 = PCURVE('',#7512,#9825);
#9825 = DEFINITIONAL_REPRESENTATION('',(#9826),#9830);
#9826 = LINE('',#9827,#9828);
#9827 = CARTESIAN_POINT('',(2.,0.));
#9828 = VECTOR('',#9829,1.);
#9829 = DIRECTION('',(0.,1.));
#9830 = ( GEOMETRIC_REPRESENTATION_CONTEXT(2) 
PARAMETRIC_REPRESENTATION_CONTEXT() REPRESENTATION_CONTEXT('2D SPACE',''
  ) );
#9831 = PCURVE('',#9832,#9855);
#9832 = ( BOUNDED_SURFACE() B_SPLINE_SURFACE(1,6,(
    (#9833,#9834,#9835,#9836,#9837,#9838,#9839,#9840,#9841,#9842,#9843)
    ,(#9844,#9845,#9846,#9847,#9848,#9849,#9850,#9851,#9852,#9853,#9854
)),.UNSPECIFIED.,.F.,.F.,.F.) B_SPLINE_SURFACE_WITH_KNOTS((2,2),(7,4,7),
(1.,2.),(0.,0.5,1.),.UNSPECIFIED.) GEOMETRIC_REPRESENTATION_ITEM() 
RATIONAL_B_SPLINE_SURFACE((
    (1.,1.,1.,1.,1.,1.,1.,1.,1.,1.,1.)
,(1.,1.,1.,1.,1.,1.,1.,1.,1.,1.,1.
  ))) REPRESENTATION_ITEM('') SURFACE() );
#9833 = CARTESIAN_POINT('',(3.450000001061,6.96281907836E-12,
    4.921250099884));
#9834 = CARTESIAN_POINT('',(3.437817255672,1.806001394021,5.027083433225
    ));
#9835 = CARTESIAN_POINT('',(2.350801622399,3.612002787996,5.13291676718)
  );
#9836 = CARTESIAN_POINT('',(-2.04822395979E-02,4.53821154887,
    5.238750101906));
#9837 = CARTESIAN_POINT('',(-2.319532573691,3.612002787823,
    5.344583436576));
#9838 = CARTESIAN_POINT('',(-4.580467423705,-2.905046699877E-10,
    5.556250104551));
#9839 = CARTESIAN_POINT('',(-2.319532573178,-3.612002788236,
    5.767916769899));
#9840 = CARTESIAN_POINT('',(-2.048223889293E-02,-4.538211549113,
    5.873750101896));
#9841 = CARTESIAN_POINT('',(2.350801623158,-3.612002788063,
    5.979583433865));
#9842 = CARTESIAN_POINT('',(3.437817256421,-1.806001394008,
    6.085416766557));
#9843 = CARTESIAN_POINT('',(3.450000001799,6.728890065277E-12,
    6.191250099884));
#9844 = CARTESIAN_POINT('',(3.250000001061,-4.208367542313E-13,4.9212501
    ));
#9845 = CARTESIAN_POINT('',(3.238523501738,1.701305661013,5.02708343334)
  );
#9846 = CARTESIAN_POINT('',(2.21452326766,3.40261132199,5.132916767259)
  );
#9847 = CARTESIAN_POINT('',(-1.929486339659E-02,4.27512682144,
    5.238750101905));
#9848 = CARTESIAN_POINT('',(-2.185066917162,3.402611321827,
    5.344583436498));
#9849 = CARTESIAN_POINT('',(-4.314933080226,-2.803934264061E-10,
    5.556250104397));
#9850 = CARTESIAN_POINT('',(-2.185066916664,-3.40261132223,
    5.767916769821));
#9851 = CARTESIAN_POINT('',(-1.929486271117E-02,-4.275126821684,
    5.873750101895));
#9852 = CARTESIAN_POINT('',(2.214523268404,-3.402611322068,
    5.979583433945));
#9853 = CARTESIAN_POINT('',(3.238523502479,-1.701305661015,
    6.085416766673));
#9854 = CARTESIAN_POINT('',(3.250000001799,-7.120734024353E-13,6.1912501
    ));
#9855 = DEFINITIONAL_REPRESENTATION('',(#9856),#9860);
#9856 = LINE('',#9857,#9858);
#9857 = CARTESIAN_POINT('',(2.,0.));
#9858 = VECTOR('',#9859,1.);
#9859 = DIRECTION('',(0.,1.));
#9860 = ( GEOMETRIC_REPRESENTATION_CONTEXT(2) 
PARAMETRIC_REPRESENTATION_CONTEXT() REPRESENTATION_CONTEXT('2D SPACE',''
  ) );
#9861 = ORIENTED_EDGE('',*,*,#9862,.F.);
#9862 = EDGE_CURVE('',#9863,#9809,#9865,.T.);
#9863 = VERTEX_POINT('',#9864);
#9864 = CARTESIAN_POINT('',(-1.011083145752,-3.088723178338,
    5.809806588154));
#9865 = SURFACE_CURVE('',#9866,(#9878,#9885),.PCURVE_S1.);
#9866 = ( BOUNDED_CURVE() B_SPLINE_CURVE(6,(#9867,#9868,#9869,#9870,
    #9871,#9872,#9873,#9874,#9875,#9876,#9877),.UNSPECIFIED.,.F.,.F.) 
B_SPLINE_CURVE_WITH_KNOTS((7,4,7),(0.,0.5,1.),.UNSPECIFIED.) CURVE() 
GEOMETRIC_REPRESENTATION_ITEM() RATIONAL_B_SPLINE_CURVE((1.,1.,1.,1.,1.,
1.,1.,1.,1.,1.,1.)) REPRESENTATION_ITEM('') );
#9867 = CARTESIAN_POINT('',(3.250000001061,-4.208367542313E-13,4.9212501
    ));
#9868 = CARTESIAN_POINT('',(3.238523501738,1.701305661013,5.02708343334)
  );
#9869 = CARTESIAN_POINT('',(2.21452326766,3.40261132199,5.132916767259)
  );
#9870 = CARTESIAN_POINT('',(-1.929486339659E-02,4.27512682144,
    5.238750101905));
#9871 = CARTESIAN_POINT('',(-2.185066917162,3.402611321827,
    5.344583436498));
#9872 = CARTESIAN_POINT('',(-4.314933080226,-2.803934264061E-10,
    5.556250104397));
#9873 = CARTESIAN_POINT('',(-2.185066916664,-3.40261132223,
    5.767916769821));
#9874 = CARTESIAN_POINT('',(-1.929486271117E-02,-4.275126821684,
    5.873750101895));
#9875 = CARTESIAN_POINT('',(2.214523268404,-3.402611322068,
    5.979583433945));
#9876 = CARTESIAN_POINT('',(3.238523502479,-1.701305661015,
    6.085416766673));
#9877 = CARTESIAN_POINT('',(3.250000001799,-7.120734024353E-13,6.1912501
    ));
#9878 = PCURVE('',#7512,#9879);
#9879 = DEFINITIONAL_REPRESENTATION('',(#9880),#9884);
#9880 = LINE('',#9881,#9882);
#9881 = CARTESIAN_POINT('',(2.,0.));
#9882 = VECTOR('',#9883,1.);
#9883 = DIRECTION('',(0.,1.));
#9884 = ( GEOMETRIC_REPRESENTATION_CONTEXT(2) 
PARAMETRIC_REPRESENTATION_CONTEXT() REPRESENTATION_CONTEXT('2D SPACE',''
  ) );
#9885 = PCURVE('',#9233,#9886);
#9886 = DEFINITIONAL_REPRESENTATION('',(#9887),#9894);
#9887 = B_SPLINE_CURVE_WITH_KNOTS('',5,(#9888,#9889,#9890,#9891,#9892,
    #9893),.UNSPECIFIED.,.F.,.F.,(6,6),(0.699650776125,0.699963150651),
  .PIECEWISE_BEZIER_KNOTS.);
#9888 = CARTESIAN_POINT('',(4.396036094418,5.809806588154));
#9889 = CARTESIAN_POINT('',(4.39642852547,5.809885931283));
#9890 = CARTESIAN_POINT('',(4.396820956495,5.809965274412));
#9891 = CARTESIAN_POINT('',(4.397213387492,5.81004461754));
#9892 = CARTESIAN_POINT('',(4.397605818462,5.810123960669));
#9893 = CARTESIAN_POINT('',(4.397998249407,5.810203303798));
#9894 = ( GEOMETRIC_REPRESENTATION_CONTEXT(2) 
PARAMETRIC_REPRESENTATION_CONTEXT() REPRESENTATION_CONTEXT('2D SPACE',''
  ) );
#9895 = ORIENTED_EDGE('',*,*,#9896,.F.);
#9896 = EDGE_CURVE('',#9897,#9863,#9899,.T.);
#9897 = VERTEX_POINT('',#9898);
#9898 = CARTESIAN_POINT('',(-2.629310468034,-1.91029486276,5.68324954944
    ));
#9899 = SURFACE_CURVE('',#9900,(#9912,#9919),.PCURVE_S1.);
#9900 = ( BOUNDED_CURVE() B_SPLINE_CURVE(6,(#9901,#9902,#9903,#9904,
    #9905,#9906,#9907,#9908,#9909,#9910,#9911),.UNSPECIFIED.,.F.,.F.) 
B_SPLINE_CURVE_WITH_KNOTS((7,4,7),(0.,0.5,1.),.UNSPECIFIED.) CURVE() 
GEOMETRIC_REPRESENTATION_ITEM() RATIONAL_B_SPLINE_CURVE((1.,1.,1.,1.,1.,
1.,1.,1.,1.,1.,1.)) REPRESENTATION_ITEM('') );
#9901 = CARTESIAN_POINT('',(3.250000001061,-4.208367542313E-13,4.9212501
    ));
#9902 = CARTESIAN_POINT('',(3.238523501738,1.701305661013,5.02708343334)
  );
#9903 = CARTESIAN_POINT('',(2.21452326766,3.40261132199,5.132916767259)
  );
#9904 = CARTESIAN_POINT('',(-1.929486339659E-02,4.27512682144,
    5.238750101905));
#9905 = CARTESIAN_POINT('',(-2.185066917162,3.402611321827,
    5.344583436498));
#9906 = CARTESIAN_POINT('',(-4.314933080226,-2.803934264061E-10,
    5.556250104397));
#9907 = CARTESIAN_POINT('',(-2.185066916664,-3.40261132223,
    5.767916769821));
#9908 = CARTESIAN_POINT('',(-1.929486271117E-02,-4.275126821684,
    5.873750101895));
#9909 = CARTESIAN_POINT('',(2.214523268404,-3.402611322068,
    5.979583433945));
#9910 = CARTESIAN_POINT('',(3.238523502479,-1.701305661015,
    6.085416766673));
#9911 = CARTESIAN_POINT('',(3.250000001799,-7.120734024353E-13,6.1912501
    ));
#9912 = PCURVE('',#7512,#9913);
#9913 = DEFINITIONAL_REPRESENTATION('',(#9914),#9918);
#9914 = LINE('',#9915,#9916);
#9915 = CARTESIAN_POINT('',(2.,0.));
#9916 = VECTOR('',#9917,1.);
#9917 = DIRECTION('',(0.,1.));
#9918 = ( GEOMETRIC_REPRESENTATION_CONTEXT(2) 
PARAMETRIC_REPRESENTATION_CONTEXT() REPRESENTATION_CONTEXT('2D SPACE',''
  ) );
#9919 = PCURVE('',#9920,#9943);
#9920 = ( BOUNDED_SURFACE() B_SPLINE_SURFACE(1,6,(
    (#9921,#9922,#9923,#9924,#9925,#9926,#9927,#9928,#9929,#9930,#9931)
    ,(#9932,#9933,#9934,#9935,#9936,#9937,#9938,#9939,#9940,#9941,#9942
)),.UNSPECIFIED.,.F.,.F.,.F.) B_SPLINE_SURFACE_WITH_KNOTS((2,2),(7,4,7),
(1.,2.),(0.,0.5,1.),.UNSPECIFIED.) GEOMETRIC_REPRESENTATION_ITEM() 
RATIONAL_B_SPLINE_SURFACE((
    (1.,1.,1.,1.,1.,1.,1.,1.,1.,1.,1.)
,(1.,1.,1.,1.,1.,1.,1.,1.,1.,1.,1.
  ))) REPRESENTATION_ITEM('') SURFACE() );
#9921 = CARTESIAN_POINT('',(3.450000001061,6.96281907836E-12,
    4.921250099884));
#9922 = CARTESIAN_POINT('',(3.437817255672,1.806001394021,5.027083433225
    ));
#9923 = CARTESIAN_POINT('',(2.350801622399,3.612002787996,5.13291676718)
  );
#9924 = CARTESIAN_POINT('',(-2.04822395979E-02,4.53821154887,
    5.238750101906));
#9925 = CARTESIAN_POINT('',(-2.319532573691,3.612002787823,
    5.344583436576));
#9926 = CARTESIAN_POINT('',(-4.580467423705,-2.905046699877E-10,
    5.556250104551));
#9927 = CARTESIAN_POINT('',(-2.319532573178,-3.612002788236,
    5.767916769899));
#9928 = CARTESIAN_POINT('',(-2.048223889293E-02,-4.538211549113,
    5.873750101896));
#9929 = CARTESIAN_POINT('',(2.350801623158,-3.612002788063,
    5.979583433865));
#9930 = CARTESIAN_POINT('',(3.437817256421,-1.806001394008,
    6.085416766557));
#9931 = CARTESIAN_POINT('',(3.450000001799,6.728890065277E-12,
    6.191250099884));
#9932 = CARTESIAN_POINT('',(3.250000001061,-4.208367542313E-13,4.9212501
    ));
#9933 = CARTESIAN_POINT('',(3.238523501738,1.701305661013,5.02708343334)
  );
#9934 = CARTESIAN_POINT('',(2.21452326766,3.40261132199,5.132916767259)
  );
#9935 = CARTESIAN_POINT('',(-1.929486339659E-02,4.27512682144,
    5.238750101905));
#9936 = CARTESIAN_POINT('',(-2.185066917162,3.402611321827,
    5.344583436498));
#9937 = CARTESIAN_POINT('',(-4.314933080226,-2.803934264061E-10,
    5.556250104397));
#9938 = CARTESIAN_POINT('',(-2.185066916664,-3.40261132223,
    5.767916769821));
#9939 = CARTESIAN_POINT('',(-1.929486271117E-02,-4.275126821684,
    5.873750101895));
#9940 = CARTESIAN_POINT('',(2.214523268404,-3.402611322068,
    5.979583433945));
#9941 = CARTESIAN_POINT('',(3.238523502479,-1.701305661015,
    6.085416766673));
#9942 = CARTESIAN_POINT('',(3.250000001799,-7.120734024353E-13,6.1912501
    ));
#9943 = DEFINITIONAL_REPRESENTATION('',(#9944),#9948);
#9944 = LINE('',#9945,#9946);
#9945 = CARTESIAN_POINT('',(2.,0.));
#9946 = VECTOR('',#9947,1.);
#9947 = DIRECTION('',(0.,1.));
#9948 = ( GEOMETRIC_REPRESENTATION_CONTEXT(2) 
PARAMETRIC_REPRESENTATION_CONTEXT() REPRESENTATION_CONTEXT('2D SPACE',''
  ) );
#9949 = ORIENTED_EDGE('',*,*,#9950,.T.);
#9950 = EDGE_CURVE('',#9897,#9951,#9953,.T.);
#9951 = VERTEX_POINT('',#9952);
#9952 = CARTESIAN_POINT('',(-3.249999595192,-1.622112867494E-03,
    5.556351010745));
#9953 = SURFACE_CURVE('',#9954,(#9969,#9987),.PCURVE_S1.);
#9954 = B_SPLINE_CURVE_WITH_KNOTS('',5,(#9955,#9956,#9957,#9958,#9959,
    #9960,#9961,#9962,#9963,#9964,#9965,#9966,#9967,#9968),
  .UNSPECIFIED.,.F.,.F.,(6,4,4,6),(0.,0.160169051401,0.500483179824,1.),
  .UNSPECIFIED.);
#9955 = CARTESIAN_POINT('',(-2.629310468035,-1.910294862759,
    5.68324954944));
#9956 = CARTESIAN_POINT('',(-2.667728715531,-1.85741637668,
    5.679180551336));
#9957 = CARTESIAN_POINT('',(-2.704817638409,-1.803572115627,
    5.675111162081));
#9958 = CARTESIAN_POINT('',(-2.740544840574,-1.748806679927,
    5.67104147856));
#9959 = CARTESIAN_POINT('',(-2.774880245411,-1.693166178019,
    5.666971632307));
#9960 = CARTESIAN_POINT('',(-2.877733008299,-1.516719731502,
    5.654254519681));
#9961 = CARTESIAN_POINT('',(-2.941261885585,-1.393004927383,
    5.645607143967));
#9962 = CARTESIAN_POINT('',(-2.998115601234,-1.266012318006,
    5.636961606351));
#9963 = CARTESIAN_POINT('',(-3.048078488302,-1.136223495907,
    5.628319508764));
#9964 = CARTESIAN_POINT('',(-3.153966954919,-0.810274146621,
    5.607004043774));
#9965 = CARTESIAN_POINT('',(-3.201749672863,-0.611461049137,
    5.59433553425));
#9966 = CARTESIAN_POINT('',(-3.233814262885,-0.409307480745,
    5.581679610299));
#9967 = CARTESIAN_POINT('',(-3.249897855124,-0.205464389457,
    5.569031246896));
#9968 = CARTESIAN_POINT('',(-3.249999595192,-1.622112867494E-03,
    5.556351010745));
#9969 = PCURVE('',#7512,#9970);
#9970 = DEFINITIONAL_REPRESENTATION('',(#9971),#9986);
#9971 = B_SPLINE_CURVE_WITH_KNOTS('',5,(#9972,#9973,#9974,#9975,#9976,
    #9977,#9978,#9979,#9980,#9981,#9982,#9983,#9984,#9985),
  .UNSPECIFIED.,.F.,.F.,(6,4,4,6),(0.,0.160169051401,0.500483179824,1.),
  .UNSPECIFIED.);
#9972 = CARTESIAN_POINT('',(2.,0.5999995638));
#9973 = CARTESIAN_POINT('',(2.00001271949,0.596799603107));
#9974 = CARTESIAN_POINT('',(2.000026419586,0.593599640863));
#9975 = CARTESIAN_POINT('',(2.00004079703,0.590399658584));
#9976 = CARTESIAN_POINT('',(2.000055464464,0.587199638793));
#9977 = CARTESIAN_POINT('',(2.000100729042,0.577200309417));
#9978 = CARTESIAN_POINT('',(2.000130961417,0.57040079975));
#9979 = CARTESIAN_POINT('',(2.000155228483,0.563600873249));
#9980 = CARTESIAN_POINT('',(2.000169255557,0.556800455436));
#9981 = CARTESIAN_POINT('',(2.000170876407,0.540017131202));
#9982 = CARTESIAN_POINT('',(2.000143566432,0.530033392464));
#9983 = CARTESIAN_POINT('',(2.000082772549,0.52004909991));
#9984 = CARTESIAN_POINT('',(2.000000522405,0.510064055471));
#9985 = CARTESIAN_POINT('',(2.,0.500079454304));
#9986 = ( GEOMETRIC_REPRESENTATION_CONTEXT(2) 
PARAMETRIC_REPRESENTATION_CONTEXT() REPRESENTATION_CONTEXT('2D SPACE',''
  ) );
#9987 = PCURVE('',#9233,#9988);
#9988 = DEFINITIONAL_REPRESENTATION('',(#9989),#10004);
#9989 = B_SPLINE_CURVE_WITH_KNOTS('',5,(#9990,#9991,#9992,#9993,#9994,
    #9995,#9996,#9997,#9998,#9999,#10000,#10001,#10002,#10003),
  .UNSPECIFIED.,.F.,.F.,(6,4,4,6),(0.,0.160169051401,0.500483179824,1.),
  .UNSPECIFIED.);
#9990 = CARTESIAN_POINT('',(3.769908443209,5.68324954944));
#9991 = CARTESIAN_POINT('',(3.749797282233,5.679180551336));
#9992 = CARTESIAN_POINT('',(3.729686133078,5.675111162081));
#9993 = CARTESIAN_POINT('',(3.709574993883,5.67104147856));
#9994 = CARTESIAN_POINT('',(3.689463861567,5.666971632307));
#9995 = CARTESIAN_POINT('',(3.626622244691,5.654254519681));
#9996 = CARTESIAN_POINT('',(3.583891679732,5.645607143967));
#9997 = CARTESIAN_POINT('',(3.541161027805,5.636961606351));
#9998 = CARTESIAN_POINT('',(3.498430290293,5.628319508764));
#9999 = CARTESIAN_POINT('',(3.392978724512,5.607004043774));
#10000 = CARTESIAN_POINT('',(3.330255940401,5.59433553425));
#10001 = CARTESIAN_POINT('',(3.267535893828,5.581679610299));
#10002 = CARTESIAN_POINT('',(3.204812473563,5.569031246896));
#10003 = CARTESIAN_POINT('',(3.142091765262,5.556351010745));
#10004 = ( GEOMETRIC_REPRESENTATION_CONTEXT(2) 
PARAMETRIC_REPRESENTATION_CONTEXT() REPRESENTATION_CONTEXT('2D SPACE',''
  ) );
#10005 = ORIENTED_EDGE('',*,*,#10006,.F.);
#10006 = EDGE_CURVE('',#10007,#9951,#10009,.T.);
#10007 = VERTEX_POINT('',#10008);
#10008 = CARTESIAN_POINT('',(-3.249999595452,1.621590290843E-03,
    5.55614922929));
#10009 = SURFACE_CURVE('',#10010,(#10022,#10029),.PCURVE_S1.);
#10010 = ( BOUNDED_CURVE() B_SPLINE_CURVE(6,(#10011,#10012,#10013,#10014
    ,#10015,#10016,#10017,#10018,#10019,#10020,#10021),.UNSPECIFIED.,.F.
,.F.) B_SPLINE_CURVE_WITH_KNOTS((7,4,7),(0.,0.5,1.),.UNSPECIFIED.) CURVE
() GEOMETRIC_REPRESENTATION_ITEM() RATIONAL_B_SPLINE_CURVE((1.,1.,1.,1.,
1.,1.,1.,1.,1.,1.,1.)) REPRESENTATION_ITEM('') );
#10011 = CARTESIAN_POINT('',(3.250000001061,-4.208367542313E-13,
    4.9212501));
#10012 = CARTESIAN_POINT('',(3.238523501738,1.701305661013,5.02708343334
    ));
#10013 = CARTESIAN_POINT('',(2.21452326766,3.40261132199,5.132916767259)
  );
#10014 = CARTESIAN_POINT('',(-1.929486339659E-02,4.27512682144,
    5.238750101905));
#10015 = CARTESIAN_POINT('',(-2.185066917162,3.402611321827,
    5.344583436498));
#10016 = CARTESIAN_POINT('',(-4.314933080226,-2.803934264061E-10,
    5.556250104397));
#10017 = CARTESIAN_POINT('',(-2.185066916664,-3.40261132223,
    5.767916769821));
#10018 = CARTESIAN_POINT('',(-1.929486271117E-02,-4.275126821684,
    5.873750101895));
#10019 = CARTESIAN_POINT('',(2.214523268404,-3.402611322068,
    5.979583433945));
#10020 = CARTESIAN_POINT('',(3.238523502479,-1.701305661015,
    6.085416766673));
#10021 = CARTESIAN_POINT('',(3.250000001799,-7.120734024353E-13,
    6.1912501));
#10022 = PCURVE('',#7512,#10023);
#10023 = DEFINITIONAL_REPRESENTATION('',(#10024),#10028);
#10024 = LINE('',#10025,#10026);
#10025 = CARTESIAN_POINT('',(2.,0.));
#10026 = VECTOR('',#10027,1.);
#10027 = DIRECTION('',(0.,1.));
#10028 = ( GEOMETRIC_REPRESENTATION_CONTEXT(2) 
PARAMETRIC_REPRESENTATION_CONTEXT() REPRESENTATION_CONTEXT('2D SPACE',''
  ) );
#10029 = PCURVE('',#9233,#10030);
#10030 = DEFINITIONAL_REPRESENTATION('',(#10031),#10038);
#10031 = B_SPLINE_CURVE_WITH_KNOTS('',5,(#10032,#10033,#10034,#10035,
    #10036,#10037),.UNSPECIFIED.,.F.,.F.,(6,6),(0.499920571269,
    0.500079454304),.PIECEWISE_BEZIER_KNOTS.);
#10032 = CARTESIAN_POINT('',(3.14109370271,5.55614922929));
#10033 = CARTESIAN_POINT('',(3.141293315221,5.556189585581));
#10034 = CARTESIAN_POINT('',(3.141492927731,5.556229941872));
#10035 = CARTESIAN_POINT('',(3.141692540241,5.556270298163));
#10036 = CARTESIAN_POINT('',(3.141892152752,5.556310654454));
#10037 = CARTESIAN_POINT('',(3.142091765262,5.556351010745));
#10038 = ( GEOMETRIC_REPRESENTATION_CONTEXT(2) 
PARAMETRIC_REPRESENTATION_CONTEXT() REPRESENTATION_CONTEXT('2D SPACE',''
  ) );
#10039 = ORIENTED_EDGE('',*,*,#10040,.F.);
#10040 = EDGE_CURVE('',#10041,#10007,#10043,.T.);
#10041 = VERTEX_POINT('',#10042);
#10042 = CARTESIAN_POINT('',(-2.629310567719,1.910294725555,
    5.429250667907));
#10043 = SURFACE_CURVE('',#10044,(#10059,#10077),.PCURVE_S1.);
#10044 = B_SPLINE_CURVE_WITH_KNOTS('',5,(#10045,#10046,#10047,#10048,
    #10049,#10050,#10051,#10052,#10053,#10054,#10055,#10056,#10057,
    #10058),.UNSPECIFIED.,.F.,.F.,(6,4,4,6),(0.,0.512422777634,
    0.816240277112,1.),.UNSPECIFIED.);
#10045 = CARTESIAN_POINT('',(-2.629310567724,1.910294725547,
    5.429250667907));
#10046 = CARTESIAN_POINT('',(-2.752222686006,1.741119714395,
    5.442236379581));
#10047 = CARTESIAN_POINT('',(-2.861531888448,1.562053734543,
    5.455218645388));
#10048 = CARTESIAN_POINT('',(-2.956168333545,1.374570775282,
    5.468200400281));
#10049 = CARTESIAN_POINT('',(-3.035318600086,1.180282824329,
    5.481193602747));
#10050 = CARTESIAN_POINT('',(-3.135853082435,0.862726412669,
    5.501911012037));
#10051 = CARTESIAN_POINT('',(-3.167637229053,0.742742371502,
    5.509626895926));
#10052 = CARTESIAN_POINT('',(-3.193671227044,0.621333892457,
    5.517348131508));
#10053 = CARTESIAN_POINT('',(-3.213876414662,0.498868153356,
    5.525073245018));
#10054 = CARTESIAN_POINT('',(-3.236878253953,0.301234631147,
    5.537470970854));
#10055 = CARTESIAN_POINT('',(-3.243399024181,0.226499738295,
    5.542143465368));
#10056 = CARTESIAN_POINT('',(-3.247761945872,0.151597460442,
    5.54681505812));
#10057 = CARTESIAN_POINT('',(-3.2499621675,7.661061659037E-02,
    5.551484300733));
#10058 = CARTESIAN_POINT('',(-3.249999595191,1.622115121887E-03,
    5.556149196641));
#10059 = PCURVE('',#7512,#10060);
#10060 = DEFINITIONAL_REPRESENTATION('',(#10061),#10076);
#10061 = B_SPLINE_CURVE_WITH_KNOTS('',5,(#10062,#10063,#10064,#10065,
    #10066,#10067,#10068,#10069,#10070,#10071,#10072,#10073,#10074,
    #10075),.UNSPECIFIED.,.F.,.F.,(6,4,4,6),(0.,0.512422777634,
    0.816240277112,1.),.UNSPECIFIED.);
#10062 = CARTESIAN_POINT('',(2.,0.400000444478));
#10063 = CARTESIAN_POINT('',(2.000040693686,0.410238131021));
#10064 = CARTESIAN_POINT('',(2.00009118854,0.420476167154));
#10065 = CARTESIAN_POINT('',(2.000143189241,0.430714271576));
#10066 = CARTESIAN_POINT('',(2.000171660899,0.440954037016));
#10067 = CARTESIAN_POINT('',(2.000168801349,0.457266064063));
#10068 = CARTESIAN_POINT('',(2.000157454154,0.463338017175));
#10069 = CARTESIAN_POINT('',(2.000133612872,0.469410279819));
#10070 = CARTESIAN_POINT('',(2.000100753793,0.475482777891));
#10071 = CARTESIAN_POINT('',(2.000048254734,0.485228360772));
#10072 = CARTESIAN_POINT('',(2.000028656375,0.48890136582));
#10073 = CARTESIAN_POINT('',(2.000011429174,0.492574401808));
#10074 = CARTESIAN_POINT('',(2.00000019218,0.496247459234));
#10075 = CARTESIAN_POINT('',(2.,0.499920545562));
#10076 = ( GEOMETRIC_REPRESENTATION_CONTEXT(2) 
PARAMETRIC_REPRESENTATION_CONTEXT() REPRESENTATION_CONTEXT('2D SPACE',''
  ) );
#10077 = PCURVE('',#9233,#10078);
#10078 = DEFINITIONAL_REPRESENTATION('',(#10079),#10094);
#10079 = B_SPLINE_CURVE_WITH_KNOTS('',5,(#10080,#10081,#10082,#10083,
    #10084,#10085,#10086,#10087,#10088,#10089,#10090,#10091,#10092,
    #10093),.UNSPECIFIED.,.F.,.F.,(6,4,4,6),(0.,0.512422777634,
    0.816240277112,1.),.UNSPECIFIED.);
#10080 = CARTESIAN_POINT('',(2.513276916156,5.429250667907));
#10081 = CARTESIAN_POINT('',(2.577618882156,5.442236379581));
#10082 = CARTESIAN_POINT('',(2.641962833347,5.455218645388));
#10083 = CARTESIAN_POINT('',(2.706303258179,5.468200400281));
#10084 = CARTESIAN_POINT('',(2.770646811617,5.481193602747));
#10085 = CARTESIAN_POINT('',(2.873136184934,5.501911012037));
#10086 = CARTESIAN_POINT('',(2.91128427963,5.509626895926));
#10087 = CARTESIAN_POINT('',(2.949432186962,5.517348131508));
#10088 = CARTESIAN_POINT('',(2.987579917328,5.525073245018));
#10089 = CARTESIAN_POINT('',(3.048800707942,5.537470970854));
#10090 = CARTESIAN_POINT('',(3.07187382175,5.542143465368));
#10091 = CARTESIAN_POINT('',(3.094946951603,5.54681505812));
#10092 = CARTESIAN_POINT('',(3.118020153283,5.551484300733));
#10093 = CARTESIAN_POINT('',(3.141093541224,5.556149196641));
#10094 = ( GEOMETRIC_REPRESENTATION_CONTEXT(2) 
PARAMETRIC_REPRESENTATION_CONTEXT() REPRESENTATION_CONTEXT('2D SPACE',''
  ) );
#10095 = ORIENTED_EDGE('',*,*,#10096,.F.);
#10096 = EDGE_CURVE('',#10097,#10041,#10099,.T.);
#10097 = VERTEX_POINT('',#10098);
#10098 = CARTESIAN_POINT('',(-1.010784236898,3.088821009129,
    5.302674050905));
#10099 = SURFACE_CURVE('',#10100,(#10112,#10119),.PCURVE_S1.);
#10100 = ( BOUNDED_CURVE() B_SPLINE_CURVE(6,(#10101,#10102,#10103,#10104
    ,#10105,#10106,#10107,#10108,#10109,#10110,#10111),.UNSPECIFIED.,.F.
,.F.) B_SPLINE_CURVE_WITH_KNOTS((7,4,7),(0.,0.5,1.),.UNSPECIFIED.) CURVE
() GEOMETRIC_REPRESENTATION_ITEM() RATIONAL_B_SPLINE_CURVE((1.,1.,1.,1.,
1.,1.,1.,1.,1.,1.,1.)) REPRESENTATION_ITEM('') );
#10101 = CARTESIAN_POINT('',(3.250000001061,-4.208367542313E-13,
    4.9212501));
#10102 = CARTESIAN_POINT('',(3.238523501738,1.701305661013,5.02708343334
    ));
#10103 = CARTESIAN_POINT('',(2.21452326766,3.40261132199,5.132916767259)
  );
#10104 = CARTESIAN_POINT('',(-1.929486339659E-02,4.27512682144,
    5.238750101905));
#10105 = CARTESIAN_POINT('',(-2.185066917162,3.402611321827,
    5.344583436498));
#10106 = CARTESIAN_POINT('',(-4.314933080226,-2.803934264061E-10,
    5.556250104397));
#10107 = CARTESIAN_POINT('',(-2.185066916664,-3.40261132223,
    5.767916769821));
#10108 = CARTESIAN_POINT('',(-1.929486271117E-02,-4.275126821684,
    5.873750101895));
#10109 = CARTESIAN_POINT('',(2.214523268404,-3.402611322068,
    5.979583433945));
#10110 = CARTESIAN_POINT('',(3.238523502479,-1.701305661015,
    6.085416766673));
#10111 = CARTESIAN_POINT('',(3.250000001799,-7.120734024353E-13,
    6.1912501));
#10112 = PCURVE('',#7512,#10113);
#10113 = DEFINITIONAL_REPRESENTATION('',(#10114),#10118);
#10114 = LINE('',#10115,#10116);
#10115 = CARTESIAN_POINT('',(2.,0.));
#10116 = VECTOR('',#10117,1.);
#10117 = DIRECTION('',(0.,1.));
#10118 = ( GEOMETRIC_REPRESENTATION_CONTEXT(2) 
PARAMETRIC_REPRESENTATION_CONTEXT() REPRESENTATION_CONTEXT('2D SPACE',''
  ) );
#10119 = PCURVE('',#10120,#10143);
#10120 = ( BOUNDED_SURFACE() B_SPLINE_SURFACE(1,6,(
    (#10121,#10122,#10123,#10124,#10125,#10126,#10127,#10128,#10129
      ,#10130,#10131)
    ,(#10132,#10133,#10134,#10135,#10136,#10137,#10138,#10139,#10140
      ,#10141,#10142
)),.UNSPECIFIED.,.F.,.F.,.F.) B_SPLINE_SURFACE_WITH_KNOTS((2,2),(7,4,7),
(1.,2.),(0.,0.5,1.),.UNSPECIFIED.) GEOMETRIC_REPRESENTATION_ITEM() 
RATIONAL_B_SPLINE_SURFACE((
    (1.,1.,1.,1.,1.,1.,1.,1.,1.,1.,1.)
,(1.,1.,1.,1.,1.,1.,1.,1.,1.,1.,1.
  ))) REPRESENTATION_ITEM('') SURFACE() );
#10121 = CARTESIAN_POINT('',(3.450000001061,6.96281907836E-12,
    4.921250099884));
#10122 = CARTESIAN_POINT('',(3.437817255672,1.806001394021,
    5.027083433225));
#10123 = CARTESIAN_POINT('',(2.350801622399,3.612002787996,5.13291676718
    ));
#10124 = CARTESIAN_POINT('',(-2.04822395979E-02,4.53821154887,
    5.238750101906));
#10125 = CARTESIAN_POINT('',(-2.319532573691,3.612002787823,
    5.344583436576));
#10126 = CARTESIAN_POINT('',(-4.580467423705,-2.905046699877E-10,
    5.556250104551));
#10127 = CARTESIAN_POINT('',(-2.319532573178,-3.612002788236,
    5.767916769899));
#10128 = CARTESIAN_POINT('',(-2.048223889293E-02,-4.538211549113,
    5.873750101896));
#10129 = CARTESIAN_POINT('',(2.350801623158,-3.612002788063,
    5.979583433865));
#10130 = CARTESIAN_POINT('',(3.437817256421,-1.806001394008,
    6.085416766557));
#10131 = CARTESIAN_POINT('',(3.450000001799,6.728890065277E-12,
    6.191250099884));
#10132 = CARTESIAN_POINT('',(3.250000001061,-4.208367542313E-13,
    4.9212501));
#10133 = CARTESIAN_POINT('',(3.238523501738,1.701305661013,5.02708343334
    ));
#10134 = CARTESIAN_POINT('',(2.21452326766,3.40261132199,5.132916767259)
  );
#10135 = CARTESIAN_POINT('',(-1.929486339659E-02,4.27512682144,
    5.238750101905));
#10136 = CARTESIAN_POINT('',(-2.185066917162,3.402611321827,
    5.344583436498));
#10137 = CARTESIAN_POINT('',(-4.314933080226,-2.803934264061E-10,
    5.556250104397));
#10138 = CARTESIAN_POINT('',(-2.185066916664,-3.40261132223,
    5.767916769821));
#10139 = CARTESIAN_POINT('',(-1.929486271117E-02,-4.275126821684,
    5.873750101895));
#10140 = CARTESIAN_POINT('',(2.214523268404,-3.402611322068,
    5.979583433945));
#10141 = CARTESIAN_POINT('',(3.238523502479,-1.701305661015,
    6.085416766673));
#10142 = CARTESIAN_POINT('',(3.250000001799,-7.120734024353E-13,
    6.1912501));
#10143 = DEFINITIONAL_REPRESENTATION('',(#10144),#10148);
#10144 = LINE('',#10145,#10146);
#10145 = CARTESIAN_POINT('',(2.,0.));
#10146 = VECTOR('',#10147,1.);
#10147 = DIRECTION('',(0.,1.));
#10148 = ( GEOMETRIC_REPRESENTATION_CONTEXT(2) 
PARAMETRIC_REPRESENTATION_CONTEXT() REPRESENTATION_CONTEXT('2D SPACE',''
  ) );
#10149 = ORIENTED_EDGE('',*,*,#10150,.F.);
#10150 = EDGE_CURVE('',#10151,#10097,#10153,.T.);
#10151 = VERTEX_POINT('',#10152);
#10152 = CARTESIAN_POINT('',(-1.005328870678,3.090600890083,
    5.302317064259));
#10153 = SURFACE_CURVE('',#10154,(#10166,#10173),.PCURVE_S1.);
#10154 = ( BOUNDED_CURVE() B_SPLINE_CURVE(6,(#10155,#10156,#10157,#10158
    ,#10159,#10160,#10161,#10162,#10163,#10164,#10165),.UNSPECIFIED.,.F.
,.F.) B_SPLINE_CURVE_WITH_KNOTS((7,4,7),(0.,0.5,1.),.UNSPECIFIED.) CURVE
() GEOMETRIC_REPRESENTATION_ITEM() RATIONAL_B_SPLINE_CURVE((1.,1.,1.,1.,
1.,1.,1.,1.,1.,1.,1.)) REPRESENTATION_ITEM('') );
#10155 = CARTESIAN_POINT('',(3.250000001061,-4.208367542313E-13,
    4.9212501));
#10156 = CARTESIAN_POINT('',(3.238523501738,1.701305661013,5.02708343334
    ));
#10157 = CARTESIAN_POINT('',(2.21452326766,3.40261132199,5.132916767259)
  );
#10158 = CARTESIAN_POINT('',(-1.929486339659E-02,4.27512682144,
    5.238750101905));
#10159 = CARTESIAN_POINT('',(-2.185066917162,3.402611321827,
    5.344583436498));
#10160 = CARTESIAN_POINT('',(-4.314933080226,-2.803934264061E-10,
    5.556250104397));
#10161 = CARTESIAN_POINT('',(-2.185066916664,-3.40261132223,
    5.767916769821));
#10162 = CARTESIAN_POINT('',(-1.929486271117E-02,-4.275126821684,
    5.873750101895));
#10163 = CARTESIAN_POINT('',(2.214523268404,-3.402611322068,
    5.979583433945));
#10164 = CARTESIAN_POINT('',(3.238523502479,-1.701305661015,
    6.085416766673));
#10165 = CARTESIAN_POINT('',(3.250000001799,-7.120734024353E-13,
    6.1912501));
#10166 = PCURVE('',#7512,#10167);
#10167 = DEFINITIONAL_REPRESENTATION('',(#10168),#10172);
#10168 = LINE('',#10169,#10170);
#10169 = CARTESIAN_POINT('',(2.,0.));
#10170 = VECTOR('',#10171,1.);
#10171 = DIRECTION('',(0.,1.));
#10172 = ( GEOMETRIC_REPRESENTATION_CONTEXT(2) 
PARAMETRIC_REPRESENTATION_CONTEXT() REPRESENTATION_CONTEXT('2D SPACE',''
  ) );
#10173 = PCURVE('',#9233,#10174);
#10174 = DEFINITIONAL_REPRESENTATION('',(#10175),#10182);
#10175 = B_SPLINE_CURVE_WITH_KNOTS('',5,(#10176,#10177,#10178,#10179,
    #10180,#10181),.UNSPECIFIED.,.F.,.F.,(6,6),(0.300052725814,
    0.300333817659),.PIECEWISE_BEZIER_KNOTS.);
#10176 = CARTESIAN_POINT('',(1.885286784656,5.302317064259));
#10177 = CARTESIAN_POINT('',(1.885639915692,5.302388461588));
#10178 = CARTESIAN_POINT('',(1.885993046748,5.302459858917));
#10179 = CARTESIAN_POINT('',(1.886346177826,5.302531256247));
#10180 = CARTESIAN_POINT('',(1.886699308926,5.302602653576));
#10181 = CARTESIAN_POINT('',(1.88705244005,5.302674050905));
#10182 = ( GEOMETRIC_REPRESENTATION_CONTEXT(2) 
PARAMETRIC_REPRESENTATION_CONTEXT() REPRESENTATION_CONTEXT('2D SPACE',''
  ) );
#10183 = ORIENTED_EDGE('',*,*,#10184,.F.);
#10184 = EDGE_CURVE('',#10185,#10151,#10187,.T.);
#10185 = VERTEX_POINT('',#10186);
#10186 = CARTESIAN_POINT('',(1.004304083949,3.090934050892,5.1752501764)
  );
#10187 = SURFACE_CURVE('',#10188,(#10200,#10207),.PCURVE_S1.);
#10188 = ( BOUNDED_CURVE() B_SPLINE_CURVE(6,(#10189,#10190,#10191,#10192
    ,#10193,#10194,#10195,#10196,#10197,#10198,#10199),.UNSPECIFIED.,.F.
,.F.) B_SPLINE_CURVE_WITH_KNOTS((7,4,7),(0.,0.5,1.),.UNSPECIFIED.) CURVE
() GEOMETRIC_REPRESENTATION_ITEM() RATIONAL_B_SPLINE_CURVE((1.,1.,1.,1.,
1.,1.,1.,1.,1.,1.,1.)) REPRESENTATION_ITEM('') );
#10189 = CARTESIAN_POINT('',(3.250000001061,-4.208367542313E-13,
    4.9212501));
#10190 = CARTESIAN_POINT('',(3.238523501738,1.701305661013,5.02708343334
    ));
#10191 = CARTESIAN_POINT('',(2.21452326766,3.40261132199,5.132916767259)
  );
#10192 = CARTESIAN_POINT('',(-1.929486339659E-02,4.27512682144,
    5.238750101905));
#10193 = CARTESIAN_POINT('',(-2.185066917162,3.402611321827,
    5.344583436498));
#10194 = CARTESIAN_POINT('',(-4.314933080226,-2.803934264061E-10,
    5.556250104397));
#10195 = CARTESIAN_POINT('',(-2.185066916664,-3.40261132223,
    5.767916769821));
#10196 = CARTESIAN_POINT('',(-1.929486271117E-02,-4.275126821684,
    5.873750101895));
#10197 = CARTESIAN_POINT('',(2.214523268404,-3.402611322068,
    5.979583433945));
#10198 = CARTESIAN_POINT('',(3.238523502479,-1.701305661015,
    6.085416766673));
#10199 = CARTESIAN_POINT('',(3.250000001799,-7.120734024353E-13,
    6.1912501));
#10200 = PCURVE('',#7512,#10201);
#10201 = DEFINITIONAL_REPRESENTATION('',(#10202),#10206);
#10202 = LINE('',#10203,#10204);
#10203 = CARTESIAN_POINT('',(2.,0.));
#10204 = VECTOR('',#10205,1.);
#10205 = DIRECTION('',(0.,1.));
#10206 = ( GEOMETRIC_REPRESENTATION_CONTEXT(2) 
PARAMETRIC_REPRESENTATION_CONTEXT() REPRESENTATION_CONTEXT('2D SPACE',''
  ) );
#10207 = PCURVE('',#10208,#10231);
#10208 = ( BOUNDED_SURFACE() B_SPLINE_SURFACE(1,6,(
    (#10209,#10210,#10211,#10212,#10213,#10214,#10215,#10216,#10217
      ,#10218,#10219)
    ,(#10220,#10221,#10222,#10223,#10224,#10225,#10226,#10227,#10228
      ,#10229,#10230
)),.UNSPECIFIED.,.F.,.F.,.F.) B_SPLINE_SURFACE_WITH_KNOTS((2,2),(7,4,7),
(1.,2.),(0.,0.5,1.),.UNSPECIFIED.) GEOMETRIC_REPRESENTATION_ITEM() 
RATIONAL_B_SPLINE_SURFACE((
    (1.,1.,1.,1.,1.,1.,1.,1.,1.,1.,1.)
,(1.,1.,1.,1.,1.,1.,1.,1.,1.,1.,1.
  ))) REPRESENTATION_ITEM('') SURFACE() );
#10209 = CARTESIAN_POINT('',(3.450000001061,6.96281907836E-12,
    4.921250099884));
#10210 = CARTESIAN_POINT('',(3.437817255672,1.806001394021,
    5.027083433225));
#10211 = CARTESIAN_POINT('',(2.350801622399,3.612002787996,5.13291676718
    ));
#10212 = CARTESIAN_POINT('',(-2.04822395979E-02,4.53821154887,
    5.238750101906));
#10213 = CARTESIAN_POINT('',(-2.319532573691,3.612002787823,
    5.344583436576));
#10214 = CARTESIAN_POINT('',(-4.580467423705,-2.905046699877E-10,
    5.556250104551));
#10215 = CARTESIAN_POINT('',(-2.319532573178,-3.612002788236,
    5.767916769899));
#10216 = CARTESIAN_POINT('',(-2.048223889293E-02,-4.538211549113,
    5.873750101896));
#10217 = CARTESIAN_POINT('',(2.350801623158,-3.612002788063,
    5.979583433865));
#10218 = CARTESIAN_POINT('',(3.437817256421,-1.806001394008,
    6.085416766557));
#10219 = CARTESIAN_POINT('',(3.450000001799,6.728890065277E-12,
    6.191250099884));
#10220 = CARTESIAN_POINT('',(3.250000001061,-4.208367542313E-13,
    4.9212501));
#10221 = CARTESIAN_POINT('',(3.238523501738,1.701305661013,5.02708343334
    ));
#10222 = CARTESIAN_POINT('',(2.21452326766,3.40261132199,5.132916767259)
  );
#10223 = CARTESIAN_POINT('',(-1.929486339659E-02,4.27512682144,
    5.238750101905));
#10224 = CARTESIAN_POINT('',(-2.185066917162,3.402611321827,
    5.344583436498));
#10225 = CARTESIAN_POINT('',(-4.314933080226,-2.803934264061E-10,
    5.556250104397));
#10226 = CARTESIAN_POINT('',(-2.185066916664,-3.40261132223,
    5.767916769821));
#10227 = CARTESIAN_POINT('',(-1.929486271117E-02,-4.275126821684,
    5.873750101895));
#10228 = CARTESIAN_POINT('',(2.214523268404,-3.402611322068,
    5.979583433945));
#10229 = CARTESIAN_POINT('',(3.238523502479,-1.701305661015,
    6.085416766673));
#10230 = CARTESIAN_POINT('',(3.250000001799,-7.120734024353E-13,
    6.1912501));
#10231 = DEFINITIONAL_REPRESENTATION('',(#10232),#10236);
#10232 = LINE('',#10233,#10234);
#10233 = CARTESIAN_POINT('',(2.,0.));
#10234 = VECTOR('',#10235,1.);
#10235 = DIRECTION('',(0.,1.));
#10236 = ( GEOMETRIC_REPRESENTATION_CONTEXT(2) 
PARAMETRIC_REPRESENTATION_CONTEXT() REPRESENTATION_CONTEXT('2D SPACE',''
  ) );
#10237 = ORIENTED_EDGE('',*,*,#10238,.T.);
#10238 = EDGE_CURVE('',#10185,#9590,#10239,.T.);
#10239 = SURFACE_CURVE('',#10240,(#10255,#10273),.PCURVE_S1.);
#10240 = B_SPLINE_CURVE_WITH_KNOTS('',5,(#10241,#10242,#10243,#10244,
    #10245,#10246,#10247,#10248,#10249,#10250,#10251,#10252,#10253,
    #10254),.UNSPECIFIED.,.F.,.F.,(6,4,4,6),(0.,0.300107888322,
    0.64014178202,1.),.UNSPECIFIED.);
#10241 = CARTESIAN_POINT('',(1.004304083953,3.090934050891,5.1752501764)
  );
#10242 = CARTESIAN_POINT('',(1.120870231422,3.053059461518,
    5.167615477677));
#10243 = CARTESIAN_POINT('',(1.235651036115,3.00968984946,5.1599774588)
  );
#10244 = CARTESIAN_POINT('',(1.348299870368,2.960937997365,
    5.152336359207));
#10245 = CARTESIAN_POINT('',(1.458483790917,2.906948045877,
    5.144693279959));
#10246 = CARTESIAN_POINT('',(1.687571624772,2.780986658319,
    5.128390258855));
#10247 = CARTESIAN_POINT('',(1.805686720011,2.707577843103,
    5.119730216104));
#10248 = CARTESIAN_POINT('',(1.919764087853,2.627924749037,
    5.111073172555));
#10249 = CARTESIAN_POINT('',(2.029371261975,2.542329189763,
    5.102423058678));
#10250 = CARTESIAN_POINT('',(2.244951092821,2.354632517116,
    5.084642548081));
#10251 = CARTESIAN_POINT('',(2.350340876255,2.25185866417,5.075513377762
    ));
#10252 = CARTESIAN_POINT('',(2.449803118443,2.143230216963,
    5.066402399539));
#10253 = CARTESIAN_POINT('',(2.542914885202,2.029208245394,
    5.057314554195));
#10254 = CARTESIAN_POINT('',(2.629305723667,1.910301392841,
    5.048250048319));
#10255 = PCURVE('',#7512,#10256);
#10256 = DEFINITIONAL_REPRESENTATION('',(#10257),#10272);
#10257 = B_SPLINE_CURVE_WITH_KNOTS('',5,(#10258,#10259,#10260,#10261,
    #10262,#10263,#10264,#10265,#10266,#10267,#10268,#10269,#10270,
    #10271),.UNSPECIFIED.,.F.,.F.,(6,4,4,6),(0.,0.300107888322,
    0.64014178202,1.),.UNSPECIFIED.);
#10258 = CARTESIAN_POINT('',(2.,0.20000005913));
#10259 = CARTESIAN_POINT('',(2.000037244726,0.194000124363));
#10260 = CARTESIAN_POINT('',(2.000083258932,0.188000315763));
#10261 = CARTESIAN_POINT('',(2.000136948061,0.182000479815));
#10262 = CARTESIAN_POINT('',(2.000195021261,0.176000455104));
#10263 = CARTESIAN_POINT('',(2.000316540751,0.163201405558));
#10264 = CARTESIAN_POINT('',(2.000379878787,0.156402267449));
#10265 = CARTESIAN_POINT('',(2.000433343291,0.149602405435));
#10266 = CARTESIAN_POINT('',(2.000466575455,0.142801677247));
#10267 = CARTESIAN_POINT('',(2.000468519327,0.128801882761));
#10268 = CARTESIAN_POINT('',(2.000433595183,0.121602645928));
#10269 = CARTESIAN_POINT('',(2.00034982262,0.114402468447));
#10270 = CARTESIAN_POINT('',(2.000204819002,0.107201371124));
#10271 = CARTESIAN_POINT('',(2.,9.999995902323E-02));
#10272 = ( GEOMETRIC_REPRESENTATION_CONTEXT(2) 
PARAMETRIC_REPRESENTATION_CONTEXT() REPRESENTATION_CONTEXT('2D SPACE',''
  ) );
#10273 = PCURVE('',#9233,#10274);
#10274 = DEFINITIONAL_REPRESENTATION('',(#10275),#10290);
#10275 = B_SPLINE_CURVE_WITH_KNOTS('',5,(#10276,#10277,#10278,#10279,
    #10280,#10281,#10282,#10283,#10284,#10285,#10286,#10287,#10288,
    #10289),.UNSPECIFIED.,.F.,.F.,(6,4,4,6),(0.,0.300107888322,
    0.64014178202,1.),.UNSPECIFIED.);
#10276 = CARTESIAN_POINT('',(1.256637432769,5.1752501764));
#10277 = CARTESIAN_POINT('',(1.218925160184,5.167615477677));
#10278 = CARTESIAN_POINT('',(1.181212958378,5.1599774588));
#10279 = CARTESIAN_POINT('',(1.143500850239,5.152336359207));
#10280 = CARTESIAN_POINT('',(1.105788829317,5.144693279959));
#10281 = CARTESIAN_POINT('',(1.025347733649,5.128390258855));
#10282 = CARTESIAN_POINT('',(0.982618534919,5.119730216104));
#10283 = CARTESIAN_POINT('',(0.939889210498,5.111073172555));
#10284 = CARTESIAN_POINT('',(0.897159680713,5.102423058678));
#10285 = CARTESIAN_POINT('',(0.809208804489,5.084642548081));
#10286 = CARTESIAN_POINT('',(0.763986978379,5.075513377762));
#10287 = CARTESIAN_POINT('',(0.718765153809,5.066402399539));
#10288 = CARTESIAN_POINT('',(0.6735419425,5.057314554195));
#10289 = CARTESIAN_POINT('',(0.628318273194,5.048250048319));
#10290 = ( GEOMETRIC_REPRESENTATION_CONTEXT(2) 
PARAMETRIC_REPRESENTATION_CONTEXT() REPRESENTATION_CONTEXT('2D SPACE',''
  ) );
#10291 = ADVANCED_FACE('',(#10292),#7565,.F.);
#10292 = FACE_BOUND('',#10293,.F.);
#10293 = EDGE_LOOP('',(#10294,#10295));
#10294 = ORIENTED_EDGE('',*,*,#7541,.T.);
#10295 = ORIENTED_EDGE('',*,*,#9171,.T.);
#10296 = ADVANCED_FACE('',(#10297),#7654,.F.);
#10297 = FACE_BOUND('',#10298,.F.);
#10298 = EDGE_LOOP('',(#10299,#10300));
#10299 = ORIENTED_EDGE('',*,*,#7630,.T.);
#10300 = ORIENTED_EDGE('',*,*,#9116,.T.);
#10301 = ADVANCED_FACE('',(#10302),#7742,.F.);
#10302 = FACE_BOUND('',#10303,.F.);
#10303 = EDGE_LOOP('',(#10304,#10305));
#10304 = ORIENTED_EDGE('',*,*,#7718,.T.);
#10305 = ORIENTED_EDGE('',*,*,#9052,.F.);
#10306 = ADVANCED_FACE('',(#10307),#7929,.F.);
#10307 = FACE_BOUND('',#10308,.F.);
#10308 = EDGE_LOOP('',(#10309,#10310));
#10309 = ORIENTED_EDGE('',*,*,#8988,.T.);
#10310 = ORIENTED_EDGE('',*,*,#7905,.T.);
#10311 = ADVANCED_FACE('',(#10312),#8017,.F.);
#10312 = FACE_BOUND('',#10313,.F.);
#10313 = EDGE_LOOP('',(#10314,#10315));
#10314 = ORIENTED_EDGE('',*,*,#8933,.F.);
#10315 = ORIENTED_EDGE('',*,*,#7993,.T.);
#10316 = ADVANCED_FACE('',(#10317),#8140,.F.);
#10317 = FACE_BOUND('',#10318,.F.);
#10318 = EDGE_LOOP('',(#10319,#10320));
#10319 = ORIENTED_EDGE('',*,*,#8104,.F.);
#10320 = ORIENTED_EDGE('',*,*,#9510,.F.);
#10321 = ADVANCED_FACE('',(#10322),#8273,.F.);
#10322 = FACE_BOUND('',#10323,.F.);
#10323 = EDGE_LOOP('',(#10324,#10325));
#10324 = ORIENTED_EDGE('',*,*,#8235,.F.);
#10325 = ORIENTED_EDGE('',*,*,#9480,.F.);
#10326 = ADVANCED_FACE('',(#10327),#8392,.F.);
#10327 = FACE_BOUND('',#10328,.F.);
#10328 = EDGE_LOOP('',(#10329,#10330));
#10329 = ORIENTED_EDGE('',*,*,#8348,.T.);
#10330 = ORIENTED_EDGE('',*,*,#9450,.F.);
#10331 = ADVANCED_FACE('',(#10332),#8620,.F.);
#10332 = FACE_BOUND('',#10333,.F.);
#10333 = EDGE_LOOP('',(#10334,#10335));
#10334 = ORIENTED_EDGE('',*,*,#9418,.F.);
#10335 = ORIENTED_EDGE('',*,*,#8576,.F.);
#10336 = ADVANCED_FACE('',(#10337),#8736,.F.);
#10337 = FACE_BOUND('',#10338,.F.);
#10338 = EDGE_LOOP('',(#10339,#10340));
#10339 = ORIENTED_EDGE('',*,*,#9388,.F.);
#10340 = ORIENTED_EDGE('',*,*,#8698,.T.);
#10341 = ADVANCED_FACE('',(#10342),#8844,.F.);
#10342 = FACE_BOUND('',#10343,.F.);
#10343 = EDGE_LOOP('',(#10344,#10345));
#10344 = ORIENTED_EDGE('',*,*,#9358,.F.);
#10345 = ORIENTED_EDGE('',*,*,#8812,.T.);
#10346 = ADVANCED_FACE('',(#10347),#9233,.F.);
#10347 = FACE_BOUND('',#10348,.F.);
#10348 = EDGE_LOOP('',(#10349,#10393,#10443,#10469,#10519,#10561,#10562,
    #10610,#10611,#10665,#10666,#10714,#10715,#10716,#10717,#10780,
    #10781,#10835,#10836,#10884,#10907,#10934));
#10349 = ORIENTED_EDGE('',*,*,#10350,.T.);
#10350 = EDGE_CURVE('',#9676,#10351,#10353,.T.);
#10351 = VERTEX_POINT('',#10352);
#10352 = CARTESIAN_POINT('',(-3.241054823605,-0.240963946197,
    6.841250104828));
#10353 = SURFACE_CURVE('',#10354,(#10366,#10386),.PCURVE_S1.);
#10354 = ( BOUNDED_CURVE() B_SPLINE_CURVE(6,(#10355,#10356,#10357,#10358
    ,#10359,#10360,#10361,#10362,#10363,#10364,#10365),.UNSPECIFIED.,.F.
,.F.) B_SPLINE_CURVE_WITH_KNOTS((7,4,7),(0.,0.5,1.),.UNSPECIFIED.) CURVE
() GEOMETRIC_REPRESENTATION_ITEM() RATIONAL_B_SPLINE_CURVE((1.,1.,1.,1.,
1.,1.,1.,1.,1.,1.,1.)) REPRESENTATION_ITEM('') );
#10355 = CARTESIAN_POINT('',(3.25000000189,-7.755535132031E-13,6.1912501
    ));
#10356 = CARTESIAN_POINT('',(3.249911079666,0.87102434957,6.245416766717
    ));
#10357 = CARTESIAN_POINT('',(2.970174366561,1.741657409995,
    6.299583433437));
#10358 = CARTESIAN_POINT('',(2.409326877047,2.500725781717,
    6.353750100709));
#10359 = CARTESIAN_POINT('',(1.630502524077,3.03252010326,6.407916767855
    ));
#10360 = CARTESIAN_POINT('',(-0.130954092609,3.527624037517,
    6.516250102516));
#10361 = CARTESIAN_POINT('',(-1.850854175154,2.903283566098,
    6.624583437146));
#10362 = CARTESIAN_POINT('',(-2.588106227016,2.315208753482,
    6.67875010426));
#10363 = CARTESIAN_POINT('',(-3.091130642891,1.516646835732,
    6.732916771489));
#10364 = CARTESIAN_POINT('',(-3.305546287755,0.627669622409,
    6.78708343816));
#10365 = CARTESIAN_POINT('',(-3.241054822333,-0.240963946102,
    6.841250104828));
#10366 = PCURVE('',#9233,#10367);
#10367 = DEFINITIONAL_REPRESENTATION('',(#10368),#10385);
#10368 = B_SPLINE_CURVE_WITH_KNOTS('',8,(#10369,#10370,#10371,#10372,
    #10373,#10374,#10375,#10376,#10377,#10378,#10379,#10380,#10381,
    #10382,#10383,#10384),.UNSPECIFIED.,.F.,.F.,(9,7,9),(0.,0.5,1.),
  .UNSPECIFIED.);
#10369 = CARTESIAN_POINT('',(-2.389199948993E-13,6.1912501));
#10370 = CARTESIAN_POINT('',(0.201005619131,6.231875100038));
#10371 = CARTESIAN_POINT('',(0.40195443812,6.272500100069));
#10372 = CARTESIAN_POINT('',(0.602956268718,6.313125100313));
#10373 = CARTESIAN_POINT('',(0.80398335315,6.35375010066));
#10374 = CARTESIAN_POINT('',(1.004912750949,6.394375101092));
#10375 = CARTESIAN_POINT('',(1.205931992186,6.435000101512));
#10376 = CARTESIAN_POINT('',(1.406915905307,6.475625102016));
#10377 = CARTESIAN_POINT('',(1.808887597156,6.556875103));
#10378 = CARTESIAN_POINT('',(2.00987151008,6.597500103484));
#10379 = CARTESIAN_POINT('',(2.210890752885,6.638125103894));
#10380 = CARTESIAN_POINT('',(2.411820147285,6.678750104264));
#10381 = CARTESIAN_POINT('',(2.612847236694,6.719375104613));
#10382 = CARTESIAN_POINT('',(2.813849063938,6.76000010482));
#10383 = CARTESIAN_POINT('',(3.014797884692,6.800625104827));
#10384 = CARTESIAN_POINT('',(3.215803503824,6.841250104828));
#10385 = ( GEOMETRIC_REPRESENTATION_CONTEXT(2) 
PARAMETRIC_REPRESENTATION_CONTEXT() REPRESENTATION_CONTEXT('2D SPACE',''
  ) );
#10386 = PCURVE('',#9690,#10387);
#10387 = DEFINITIONAL_REPRESENTATION('',(#10388),#10392);
#10388 = LINE('',#10389,#10390);
#10389 = CARTESIAN_POINT('',(2.,0.));
#10390 = VECTOR('',#10391,1.);
#10391 = DIRECTION('',(0.,1.));
#10392 = ( GEOMETRIC_REPRESENTATION_CONTEXT(2) 
PARAMETRIC_REPRESENTATION_CONTEXT() REPRESENTATION_CONTEXT('2D SPACE',''
  ) );
#10393 = ORIENTED_EDGE('',*,*,#10394,.T.);
#10394 = EDGE_CURVE('',#10351,#10395,#10397,.T.);
#10395 = VERTEX_POINT('',#10396);
#10396 = CARTESIAN_POINT('',(0.240963947352,-3.241054823994,
    6.653636480784));
#10397 = SURFACE_CURVE('',#10398,(#10407,#10419),.PCURVE_S1.);
#10398 = ( BOUNDED_CURVE() B_SPLINE_CURVE(7,(#10399,#10400,#10401,#10402
    ,#10403,#10404,#10405,#10406),.UNSPECIFIED.,.F.,.F.) 
B_SPLINE_CURVE_WITH_KNOTS((8,8),(0.,1.),.PIECEWISE_BEZIER_KNOTS.) CURVE(
) GEOMETRIC_REPRESENTATION_ITEM() RATIONAL_B_SPLINE_CURVE((1.,1.,1.,1.,
1.,1.,1.,1.)) REPRESENTATION_ITEM('') );
#10399 = CARTESIAN_POINT('',(-3.241054824876,-0.240963946291,
    6.841250104828));
#10400 = CARTESIAN_POINT('',(-3.186375840811,-0.976430051765,
    6.814146969316));
#10401 = CARTESIAN_POINT('',(-2.937153894608,-1.695107662379,
    6.787128500186));
#10402 = CARTESIAN_POINT('',(-2.500227351784,-2.335097015024,
    6.760204834872));
#10403 = CARTESIAN_POINT('',(-1.907174309346,-2.837851033329,
    6.733385465057));
#10404 = CARTESIAN_POINT('',(-1.212180245951,-3.162516924746,
    6.706679121888));
#10405 = CARTESIAN_POINT('',(-0.476974479147,-3.294433943298,
    6.680093749351));
#10406 = CARTESIAN_POINT('',(0.240963947352,-3.241054823994,
    6.653636480784));
#10407 = PCURVE('',#9233,#10408);
#10408 = DEFINITIONAL_REPRESENTATION('',(#10409),#10418);
#10409 = B_SPLINE_CURVE_WITH_KNOTS('',7,(#10410,#10411,#10412,#10413,
    #10414,#10415,#10416,#10417),.UNSPECIFIED.,.F.,.F.,(8,8),(0.,1.),
  .PIECEWISE_BEZIER_KNOTS.);
#10410 = CARTESIAN_POINT('',(3.215803503824,6.841250104828));
#10411 = CARTESIAN_POINT('',(3.442725315262,6.814146969316));
#10412 = CARTESIAN_POINT('',(3.668934768124,6.787128500186));
#10413 = CARTESIAN_POINT('',(3.894358902066,6.760204834874));
#10414 = CARTESIAN_POINT('',(4.118898221926,6.733385465056));
#10415 = CARTESIAN_POINT('',(4.342501055972,6.706679121889));
#10416 = CARTESIAN_POINT('',(4.565085961685,6.680093749351));
#10417 = CARTESIAN_POINT('',(4.786599830964,6.653636480784));
#10418 = ( GEOMETRIC_REPRESENTATION_CONTEXT(2) 
PARAMETRIC_REPRESENTATION_CONTEXT() REPRESENTATION_CONTEXT('2D SPACE',''
  ) );
#10419 = PCURVE('',#10420,#10437);
#10420 = ( BOUNDED_SURFACE() B_SPLINE_SURFACE(1,7,(
    (#10421,#10422,#10423,#10424,#10425,#10426,#10427,#10428)
    ,(#10429,#10430,#10431,#10432,#10433,#10434,#10435,#10436
)),.UNSPECIFIED.,.F.,.F.,.F.) B_SPLINE_SURFACE_WITH_KNOTS((2,2),(8,8),(
    2.,3.),(0.,1.),.PIECEWISE_BEZIER_KNOTS.) 
GEOMETRIC_REPRESENTATION_ITEM() RATIONAL_B_SPLINE_SURFACE((
    (1.,1.,1.,1.,1.,1.,1.,1.)
,(1.,1.,1.,1.,1.,1.,1.,1.))) REPRESENTATION_ITEM('') SURFACE() );
#10421 = CARTESIAN_POINT('',(-3.241054824876,-0.240963946291,
    6.841250104828));
#10422 = CARTESIAN_POINT('',(-3.186375840811,-0.976430051765,
    6.814146969316));
#10423 = CARTESIAN_POINT('',(-2.937153894608,-1.695107662379,
    6.787128500186));
#10424 = CARTESIAN_POINT('',(-2.500227351784,-2.335097015024,
    6.760204834872));
#10425 = CARTESIAN_POINT('',(-1.907174309346,-2.837851033329,
    6.733385465057));
#10426 = CARTESIAN_POINT('',(-1.212180245951,-3.162516924746,
    6.706679121888));
#10427 = CARTESIAN_POINT('',(-0.476974479147,-3.294433943298,
    6.680093749351));
#10428 = CARTESIAN_POINT('',(0.240963947352,-3.241054823994,
    6.653636480784));
#10429 = CARTESIAN_POINT('',(-2.555539153594,-0.189997649575,
    6.444375107472));
#10430 = CARTESIAN_POINT('',(-2.602455799596,-0.776597975956,
    6.469393385753));
#10431 = CARTESIAN_POINT('',(-2.492138010383,-1.39761334067,
    6.494333512967));
#10432 = CARTESIAN_POINT('',(-2.20733268066,-2.001984468863,
    6.519186127296));
#10433 = CARTESIAN_POINT('',(-1.751592792168,-2.529312999392,
    6.54394247473));
#10434 = CARTESIAN_POINT('',(-1.156537784413,-2.922142175646,
    6.568594486252));
#10435 = CARTESIAN_POINT('',(-0.474339048259,-3.143204089957,
    6.593134836248));
#10436 = CARTESIAN_POINT('',(0.236330647801,-3.17873521764,
    6.617556935333));
#10437 = DEFINITIONAL_REPRESENTATION('',(#10438),#10442);
#10438 = LINE('',#10439,#10440);
#10439 = CARTESIAN_POINT('',(2.,0.));
#10440 = VECTOR('',#10441,1.);
#10441 = DIRECTION('',(0.,1.));
#10442 = ( GEOMETRIC_REPRESENTATION_CONTEXT(2) 
PARAMETRIC_REPRESENTATION_CONTEXT() REPRESENTATION_CONTEXT('2D SPACE',''
  ) );
#10443 = ORIENTED_EDGE('',*,*,#10444,.F.);
#10444 = EDGE_CURVE('',#10445,#10395,#10447,.T.);
#10445 = VERTEX_POINT('',#10446);
#10446 = CARTESIAN_POINT('',(0.240963947739,-3.24105482396,
    6.552613753512));
#10447 = SURFACE_CURVE('',#10448,(#10452,#10458),.PCURVE_S1.);
#10448 = LINE('',#10449,#10450);
#10449 = CARTESIAN_POINT('',(0.240963972918,-3.241054822701,
    1.004585431583E-16));
#10450 = VECTOR('',#10451,1.);
#10451 = DIRECTION('',(0.,0.,1.));
#10452 = PCURVE('',#9233,#10453);
#10453 = DEFINITIONAL_REPRESENTATION('',(#10454),#10457);
#10454 = B_SPLINE_CURVE_WITH_KNOTS('',1,(#10455,#10456),.UNSPECIFIED.,
  .F.,.F.,(2,2),(6.525398086314,6.681261722684),
  .PIECEWISE_BEZIER_KNOTS.);
#10455 = CARTESIAN_POINT('',(4.786599838839,6.525398086314));
#10456 = CARTESIAN_POINT('',(4.786599838839,6.681261722684));
#10457 = ( GEOMETRIC_REPRESENTATION_CONTEXT(2) 
PARAMETRIC_REPRESENTATION_CONTEXT() REPRESENTATION_CONTEXT('2D SPACE',''
  ) );
#10458 = PCURVE('',#10459,#10464);
#10459 = PLANE('',#10460);
#10460 = AXIS2_PLACEMENT_3D('',#10461,#10462,#10463);
#10461 = CARTESIAN_POINT('',(0.242311997791,-3.259186599203,
    6.552613753511));
#10462 = DIRECTION('',(0.99724763835,7.414275288341E-02,
    3.846233344257E-09));
#10463 = DIRECTION('',(-5.775425677207E-02,0.776816229758,0.627073353771
    ));
#10464 = DEFINITIONAL_REPRESENTATION('',(#10465),#10468);
#10465 = B_SPLINE_CURVE_WITH_KNOTS('',1,(#10466,#10467),.UNSPECIFIED.,
  .F.,.F.,(2,2),(6.525398086314,6.681261722684),
  .PIECEWISE_BEZIER_KNOTS.);
#10466 = CARTESIAN_POINT('',(-2.903307269001E-03,-3.260125516017E-02));
#10467 = CARTESIAN_POINT('',(9.483462592088E-02,8.881031578114E-02));
#10468 = ( GEOMETRIC_REPRESENTATION_CONTEXT(2) 
PARAMETRIC_REPRESENTATION_CONTEXT() REPRESENTATION_CONTEXT('2D SPACE',''
  ) );
#10469 = ORIENTED_EDGE('',*,*,#10470,.F.);
#10470 = EDGE_CURVE('',#10471,#10445,#10473,.T.);
#10471 = VERTEX_POINT('',#10472);
#10472 = CARTESIAN_POINT('',(-3.241054821889,-0.240963946007,
    5.730000104828));
#10473 = SURFACE_CURVE('',#10474,(#10483,#10495),.PCURVE_S1.);
#10474 = ( BOUNDED_CURVE() B_SPLINE_CURVE(7,(#10475,#10476,#10477,#10478
    ,#10479,#10480,#10481,#10482),.UNSPECIFIED.,.F.,.F.) 
B_SPLINE_CURVE_WITH_KNOTS((8,8),(0.,1.),.PIECEWISE_BEZIER_KNOTS.) CURVE(
) GEOMETRIC_REPRESENTATION_ITEM() RATIONAL_B_SPLINE_CURVE((1.,1.,1.,1.,
1.,1.,1.,1.)) REPRESENTATION_ITEM('') );
#10475 = CARTESIAN_POINT('',(-3.241054820618,-0.240963945913,
    5.730000104828));
#10476 = CARTESIAN_POINT('',(-3.186375837113,-0.976430051437,
    5.848836928886));
#10477 = CARTESIAN_POINT('',(-2.937153891466,-1.6951076621,
    5.967302530914));
#10478 = CARTESIAN_POINT('',(-2.500227349198,-2.335097014794,
    6.085352450199));
#10479 = CARTESIAN_POINT('',(-1.907174307314,-2.837851033148,
    6.202945090179));
#10480 = CARTESIAN_POINT('',(-1.212180244469,-3.162516924614,
    6.320042141279));
#10481 = CARTESIAN_POINT('',(-0.476974478214,-3.294433943216,
    6.436608792491));
#10482 = CARTESIAN_POINT('',(0.240963947739,-3.24105482396,
    6.552613753512));
#10483 = PCURVE('',#9233,#10484);
#10484 = DEFINITIONAL_REPRESENTATION('',(#10485),#10494);
#10485 = B_SPLINE_CURVE_WITH_KNOTS('',7,(#10486,#10487,#10488,#10489,
    #10490,#10491,#10492,#10493),.UNSPECIFIED.,.F.,.F.,(8,8),(0.,1.),
  .PIECEWISE_BEZIER_KNOTS.);
#10486 = CARTESIAN_POINT('',(3.215803503805,5.730000104828));
#10487 = CARTESIAN_POINT('',(3.442725315246,5.848836928886));
#10488 = CARTESIAN_POINT('',(3.668934769739,5.967302530914));
#10489 = CARTESIAN_POINT('',(3.894358900991,6.085352450199));
#10490 = CARTESIAN_POINT('',(4.118898223622,6.202945090181));
#10491 = CARTESIAN_POINT('',(4.342501056118,6.320042141279));
#10492 = CARTESIAN_POINT('',(4.565085961973,6.436608792491));
#10493 = CARTESIAN_POINT('',(4.786599831084,6.552613753512));
#10494 = ( GEOMETRIC_REPRESENTATION_CONTEXT(2) 
PARAMETRIC_REPRESENTATION_CONTEXT() REPRESENTATION_CONTEXT('2D SPACE',''
  ) );
#10495 = PCURVE('',#10496,#10513);
#10496 = ( BOUNDED_SURFACE() B_SPLINE_SURFACE(1,7,(
    (#10497,#10498,#10499,#10500,#10501,#10502,#10503,#10504)
    ,(#10505,#10506,#10507,#10508,#10509,#10510,#10511,#10512
)),.UNSPECIFIED.,.F.,.F.,.F.) B_SPLINE_SURFACE_WITH_KNOTS((2,2),(8,8),(
    4.,5.),(0.,1.),.PIECEWISE_BEZIER_KNOTS.) 
GEOMETRIC_REPRESENTATION_ITEM() RATIONAL_B_SPLINE_SURFACE((
    (1.,1.,1.,1.,1.,1.,1.,1.)
,(1.,1.,1.,1.,1.,1.,1.,1.))) REPRESENTATION_ITEM('') SURFACE() );
#10497 = CARTESIAN_POINT('',(-2.555539152378,-0.189997649467,
    6.126875107472));
#10498 = CARTESIAN_POINT('',(-2.602455798539,-0.776597975862,
    6.193590517059));
#10499 = CARTESIAN_POINT('',(-2.492138009485,-1.39761334059,
    6.260097521746));
#10500 = CARTESIAN_POINT('',(-2.207332679921,-2.001984468797,
    6.326371160246));
#10501 = CARTESIAN_POINT('',(-1.751592791587,-2.52931299934,
    6.392388081908));
#10502 = CARTESIAN_POINT('',(-1.15653778399,-2.922142175609,
    6.458126777506));
#10503 = CARTESIAN_POINT('',(-0.474339047992,-3.143204089933,
    6.523567705717));
#10504 = CARTESIAN_POINT('',(0.236330647912,-3.17873521763,6.58869329897
    ));
#10505 = CARTESIAN_POINT('',(-3.241054820618,-0.240963945913,
    5.730000104828));
#10506 = CARTESIAN_POINT('',(-3.186375837113,-0.976430051437,
    5.848836928886));
#10507 = CARTESIAN_POINT('',(-2.937153891466,-1.6951076621,
    5.967302530914));
#10508 = CARTESIAN_POINT('',(-2.500227349198,-2.335097014794,
    6.085352450199));
#10509 = CARTESIAN_POINT('',(-1.907174307314,-2.837851033148,
    6.202945090179));
#10510 = CARTESIAN_POINT('',(-1.212180244469,-3.162516924614,
    6.320042141279));
#10511 = CARTESIAN_POINT('',(-0.476974478214,-3.294433943216,
    6.436608792491));
#10512 = CARTESIAN_POINT('',(0.240963947739,-3.24105482396,
    6.552613753512));
#10513 = DEFINITIONAL_REPRESENTATION('',(#10514),#10518);
#10514 = LINE('',#10515,#10516);
#10515 = CARTESIAN_POINT('',(5.,0.));
#10516 = VECTOR('',#10517,1.);
#10517 = DIRECTION('',(0.,1.));
#10518 = ( GEOMETRIC_REPRESENTATION_CONTEXT(2) 
PARAMETRIC_REPRESENTATION_CONTEXT() REPRESENTATION_CONTEXT('2D SPACE',''
  ) );
#10519 = ORIENTED_EDGE('',*,*,#10520,.F.);
#10520 = EDGE_CURVE('',#8105,#10471,#10521,.T.);
#10521 = SURFACE_CURVE('',#10522,(#10534,#10554),.PCURVE_S1.);
#10522 = ( BOUNDED_CURVE() B_SPLINE_CURVE(6,(#10523,#10524,#10525,#10526
    ,#10527,#10528,#10529,#10530,#10531,#10532,#10533),.UNSPECIFIED.,.F.
,.F.) B_SPLINE_CURVE_WITH_KNOTS((7,4,7),(0.,0.5,1.),.UNSPECIFIED.) CURVE
() GEOMETRIC_REPRESENTATION_ITEM() RATIONAL_B_SPLINE_CURVE((1.,1.,1.,1.,
1.,1.,1.,1.,1.,1.,1.)) REPRESENTATION_ITEM('') );
#10523 = CARTESIAN_POINT('',(3.250000001063,-3.947354642046E-13,
    5.0800001));
#10524 = CARTESIAN_POINT('',(3.249911078839,0.87102434957,5.134166766717
    ));
#10525 = CARTESIAN_POINT('',(2.970174365734,1.741657409995,
    5.188333433437));
#10526 = CARTESIAN_POINT('',(2.40932687622,2.500725781717,5.242500100709
    ));
#10527 = CARTESIAN_POINT('',(1.630502523251,3.03252010326,5.296666767855
    ));
#10528 = CARTESIAN_POINT('',(-0.130954093435,3.527624037518,
    5.405000102516));
#10529 = CARTESIAN_POINT('',(-1.850854175981,2.903283566099,
    5.513333437146));
#10530 = CARTESIAN_POINT('',(-2.588106227842,2.315208753482,
    5.56750010426));
#10531 = CARTESIAN_POINT('',(-3.091130643718,1.516646835732,
    5.621666771489));
#10532 = CARTESIAN_POINT('',(-3.305546288582,0.62766962241,5.67583343816
    ));
#10533 = CARTESIAN_POINT('',(-3.24105482316,-0.240963946102,
    5.730000104828));
#10534 = PCURVE('',#9233,#10535);
#10535 = DEFINITIONAL_REPRESENTATION('',(#10536),#10553);
#10536 = B_SPLINE_CURVE_WITH_KNOTS('',8,(#10537,#10538,#10539,#10540,
    #10541,#10542,#10543,#10544,#10545,#10546,#10547,#10548,#10549,
    #10550,#10551,#10552),.UNSPECIFIED.,.F.,.F.,(9,7,9),(0.,0.5,1.),
  .UNSPECIFIED.);
#10537 = CARTESIAN_POINT('',(-1.216804434989E-13,5.0800001));
#10538 = CARTESIAN_POINT('',(0.201005619132,5.120625100038));
#10539 = CARTESIAN_POINT('',(0.401954438464,5.161250100074));
#10540 = CARTESIAN_POINT('',(0.602956268387,5.201875100314));
#10541 = CARTESIAN_POINT('',(0.803983353813,5.242500100656));
#10542 = CARTESIAN_POINT('',(1.00491275092,5.283125101089));
#10543 = CARTESIAN_POINT('',(1.20593199249,5.323750101516));
#10544 = CARTESIAN_POINT('',(1.406915905561,5.364375102016));
#10545 = CARTESIAN_POINT('',(1.80888759741,5.445625103));
#10546 = CARTESIAN_POINT('',(2.009871510347,5.486250103488));
#10547 = CARTESIAN_POINT('',(2.210890752912,5.526875103887));
#10548 = CARTESIAN_POINT('',(2.41182014785,5.567500104283));
#10549 = CARTESIAN_POINT('',(2.612847236411,5.608125104603));
#10550 = CARTESIAN_POINT('',(2.81384906425,5.648750104824));
#10551 = CARTESIAN_POINT('',(3.014797884673,5.689375104827));
#10552 = CARTESIAN_POINT('',(3.215803503805,5.730000104828));
#10553 = ( GEOMETRIC_REPRESENTATION_CONTEXT(2) 
PARAMETRIC_REPRESENTATION_CONTEXT() REPRESENTATION_CONTEXT('2D SPACE',''
  ) );
#10554 = PCURVE('',#9552,#10555);
#10555 = DEFINITIONAL_REPRESENTATION('',(#10556),#10560);
#10556 = LINE('',#10557,#10558);
#10557 = CARTESIAN_POINT('',(5.,0.));
#10558 = VECTOR('',#10559,1.);
#10559 = DIRECTION('',(0.,1.));
#10560 = ( GEOMETRIC_REPRESENTATION_CONTEXT(2) 
PARAMETRIC_REPRESENTATION_CONTEXT() REPRESENTATION_CONTEXT('2D SPACE',''
  ) );
#10561 = ORIENTED_EDGE('',*,*,#9219,.F.);
#10562 = ORIENTED_EDGE('',*,*,#10563,.T.);
#10563 = EDGE_CURVE('',#7498,#9590,#10564,.T.);
#10564 = SURFACE_CURVE('',#10565,(#10578,#10594),.PCURVE_S1.);
#10565 = B_SPLINE_CURVE_WITH_KNOTS('',6,(#10566,#10567,#10568,#10569,
    #10570,#10571,#10572,#10573,#10574,#10575,#10576,#10577),
  .UNSPECIFIED.,.F.,.F.,(7,5,7),(0.,0.652463965869,1.),.UNSPECIFIED.);
#10566 = CARTESIAN_POINT('',(3.250000001061,-4.202055370328E-13,
    4.9212501));
#10567 = CARTESIAN_POINT('',(3.250000001061,0.221962840625,
    4.935057770096));
#10568 = CARTESIAN_POINT('',(3.231808827718,0.444050206767,
    4.948857910881));
#10569 = CARTESIAN_POINT('',(3.195388887213,0.664273536701,
    4.962659659217));
#10570 = CARTESIAN_POINT('',(3.141022133577,0.880743199145,
    4.976465757159));
#10571 = CARTESIAN_POINT('',(3.069216309543,1.091661012531,4.99027648407
    ));
#10572 = CARTESIAN_POINT('',(2.933567004721,1.403807490336,5.01144922578
    ));
#10573 = CARTESIAN_POINT('',(2.881685969907,1.51023111018,5.018808533601
    ));
#10574 = CARTESIAN_POINT('',(2.82517966155,1.614336964561,5.026168557788
    ));
#10575 = CARTESIAN_POINT('',(2.764178779192,1.715875400652,
    5.033529020968));
#10576 = CARTESIAN_POINT('',(2.698831954495,1.814606693907,
    5.040889631918));
#10577 = CARTESIAN_POINT('',(2.629305723668,1.910301392841,
    5.048250048319));
#10578 = PCURVE('',#9233,#10579);
#10579 = DEFINITIONAL_REPRESENTATION('',(#10580),#10593);
#10580 = B_SPLINE_CURVE_WITH_KNOTS('',6,(#10581,#10582,#10583,#10584,
    #10585,#10586,#10587,#10588,#10589,#10590,#10591,#10592),
  .UNSPECIFIED.,.F.,.F.,(7,5,7),(0.,0.652463965869,1.),.UNSPECIFIED.);
#10581 = CARTESIAN_POINT('',(0.,4.9212501));
#10582 = CARTESIAN_POINT('',(6.829625865391E-02,4.935057770096));
#10583 = CARTESIAN_POINT('',(0.136630787745,4.948857910881));
#10584 = CARTESIAN_POINT('',(0.204965446448,4.962659659217));
#10585 = CARTESIAN_POINT('',(0.273294282423,4.976465757159));
#10586 = CARTESIAN_POINT('',(0.341620552358,4.99027648407));
#10587 = CARTESIAN_POINT('',(0.446342741054,5.01144922578));
#10588 = CARTESIAN_POINT('',(0.482737607801,5.018808533601));
#10589 = CARTESIAN_POINT('',(0.519132395699,5.026168557788));
#10590 = CARTESIAN_POINT('',(0.55552740354,5.033529020968));
#10591 = CARTESIAN_POINT('',(0.591922848321,5.040889631918));
#10592 = CARTESIAN_POINT('',(0.628318273194,5.048250048319));
#10593 = ( GEOMETRIC_REPRESENTATION_CONTEXT(2) 
PARAMETRIC_REPRESENTATION_CONTEXT() REPRESENTATION_CONTEXT('2D SPACE',''
  ) );
#10594 = PCURVE('',#9613,#10595);
#10595 = DEFINITIONAL_REPRESENTATION('',(#10596),#10609);
#10596 = B_SPLINE_CURVE_WITH_KNOTS('',6,(#10597,#10598,#10599,#10600,
    #10601,#10602,#10603,#10604,#10605,#10606,#10607,#10608),
  .UNSPECIFIED.,.F.,.F.,(7,5,7),(0.,0.652463965869,1.),.UNSPECIFIED.);
#10597 = CARTESIAN_POINT('',(2.,0.));
#10598 = CARTESIAN_POINT('',(1.992513525204,1.087218117784E-02));
#10599 = CARTESIAN_POINT('',(1.989805742142,2.173843375622E-02));
#10600 = CARTESIAN_POINT('',(1.989876512603,3.260595211429E-02));
#10601 = CARTESIAN_POINT('',(1.991265311831,4.347689535156E-02));
#10602 = CARTESIAN_POINT('',(1.993129432587,5.435148343752E-02));
#10603 = CARTESIAN_POINT('',(1.995994238829,7.102293354125E-02));
#10604 = CARTESIAN_POINT('',(1.996991417529,7.68176640851E-02));
#10605 = CARTESIAN_POINT('',(1.997919532169,8.261295869486E-02));
#10606 = CARTESIAN_POINT('',(1.998739127902,8.840859896643E-02));
#10607 = CARTESIAN_POINT('',(1.999433453426,9.420435559007E-02));
#10608 = CARTESIAN_POINT('',(2.,9.999995902321E-02));
#10609 = ( GEOMETRIC_REPRESENTATION_CONTEXT(2) 
PARAMETRIC_REPRESENTATION_CONTEXT() REPRESENTATION_CONTEXT('2D SPACE',''
  ) );
#10610 = ORIENTED_EDGE('',*,*,#10238,.F.);
#10611 = ORIENTED_EDGE('',*,*,#10612,.T.);
#10612 = EDGE_CURVE('',#10185,#10151,#10613,.T.);
#10613 = SURFACE_CURVE('',#10614,(#10629,#10647),.PCURVE_S1.);
#10614 = B_SPLINE_CURVE_WITH_KNOTS('',5,(#10615,#10616,#10617,#10618,
    #10619,#10620,#10621,#10622,#10623,#10624,#10625,#10626,#10627,
    #10628),.UNSPECIFIED.,.F.,.F.,(6,4,4,6),(0.,0.334762946754,
    0.69435876837,1.),.UNSPECIFIED.);
#10615 = CARTESIAN_POINT('',(1.004304083949,3.090934050892,5.1752501764)
  );
#10616 = CARTESIAN_POINT('',(0.87420743081,3.133204962501,5.183754581404
    ));
#10617 = CARTESIAN_POINT('',(0.741886104526,3.168631393794,
    5.192259208571));
#10618 = CARTESIAN_POINT('',(0.607822328245,3.197056756156,
    5.200764182543));
#10619 = CARTESIAN_POINT('',(0.472510037759,3.218376324512,
    5.209269859552));
#10620 = CARTESIAN_POINT('',(0.190304373836,3.24774925597,5.226913455059
    ));
#10621 = CARTESIAN_POINT('',(4.329443911536E-02,3.254701409362,
    5.236051597947));
#10622 = CARTESIAN_POINT('',(-0.103950648136,3.253329033062,
    5.245190460625));
#10623 = CARTESIAN_POINT('',(-0.25080513985,3.243638028498,
    5.254330193724));
#10624 = CARTESIAN_POINT('',(-0.520602833165,3.210462668583,
    5.271239213733));
#10625 = CARTESIAN_POINT('',(-0.643828986312,3.189265909088,
    5.279008430905));
#10626 = CARTESIAN_POINT('',(-0.765940476411,3.162161924005,
    5.286777911741));
#10627 = CARTESIAN_POINT('',(-0.88656251417,3.129233897682,5.29454750161
    ));
#10628 = CARTESIAN_POINT('',(-1.005328570756,3.090600987643,
    5.302317044638));
#10629 = PCURVE('',#9233,#10630);
#10630 = DEFINITIONAL_REPRESENTATION('',(#10631),#10646);
#10631 = B_SPLINE_CURVE_WITH_KNOTS('',5,(#10632,#10633,#10634,#10635,
    #10636,#10637,#10638,#10639,#10640,#10641,#10642,#10643,#10644,
    #10645),.UNSPECIFIED.,.F.,.F.,(6,4,4,6),(0.,0.334762946754,
    0.69435876837,1.),.UNSPECIFIED.);
#10632 = CARTESIAN_POINT('',(1.25663743277,5.1752501764));
#10633 = CARTESIAN_POINT('',(1.298727186546,5.183754581404));
#10634 = CARTESIAN_POINT('',(1.340817166149,5.192259208571));
#10635 = CARTESIAN_POINT('',(1.382906707704,5.200764182543));
#10636 = CARTESIAN_POINT('',(1.424996659031,5.209269859552));
#10637 = CARTESIAN_POINT('',(1.512298247894,5.226913455059));
#10638 = CARTESIAN_POINT('',(1.557510481755,5.236051597947));
#10639 = CARTESIAN_POINT('',(1.602722051635,5.245190460625));
#10640 = CARTESIAN_POINT('',(1.647934185913,5.254330193724));
#10641 = CARTESIAN_POINT('',(1.731574101541,5.271239213733));
#10642 = CARTESIAN_POINT('',(1.770002282327,5.279008430905));
#10643 = CARTESIAN_POINT('',(1.808430433649,5.286777911741));
#10644 = CARTESIAN_POINT('',(1.846858544653,5.29454750161));
#10645 = CARTESIAN_POINT('',(1.885286687613,5.302317044638));
#10646 = ( GEOMETRIC_REPRESENTATION_CONTEXT(2) 
PARAMETRIC_REPRESENTATION_CONTEXT() REPRESENTATION_CONTEXT('2D SPACE',''
  ) );
#10647 = PCURVE('',#10208,#10648);
#10648 = DEFINITIONAL_REPRESENTATION('',(#10649),#10664);
#10649 = B_SPLINE_CURVE_WITH_KNOTS('',5,(#10650,#10651,#10652,#10653,
    #10654,#10655,#10656,#10657,#10658,#10659,#10660,#10661,#10662,
    #10663),.UNSPECIFIED.,.F.,.F.,(6,4,4,6),(0.,0.334762946754,
    0.69435876837,1.),.UNSPECIFIED.);
#10650 = CARTESIAN_POINT('',(2.,0.20000005913));
#10651 = CARTESIAN_POINT('',(1.999857129409,0.206696440963));
#10652 = CARTESIAN_POINT('',(1.99975181747,0.213392997728));
#10653 = CARTESIAN_POINT('',(1.999689610958,0.220089827565));
#10654 = CARTESIAN_POINT('',(1.999664775359,0.226787210975));
#10655 = CARTESIAN_POINT('',(1.999670796712,0.240679805732));
#10656 = CARTESIAN_POINT('',(1.9997059549,0.247875193766));
#10657 = CARTESIAN_POINT('',(1.999761191213,0.255071148562));
#10658 = CARTESIAN_POINT('',(1.999820201446,0.26226778873));
#10659 = CARTESIAN_POINT('',(1.999917262627,0.275581977591));
#10660 = CARTESIAN_POINT('',(1.999957180485,0.28169947137));
#10661 = CARTESIAN_POINT('',(1.999985689528,0.287817172759));
#10662 = CARTESIAN_POINT('',(1.999999747082,0.293934960003));
#10663 = CARTESIAN_POINT('',(2.,0.300052710364));
#10664 = ( GEOMETRIC_REPRESENTATION_CONTEXT(2) 
PARAMETRIC_REPRESENTATION_CONTEXT() REPRESENTATION_CONTEXT('2D SPACE',''
  ) );
#10665 = ORIENTED_EDGE('',*,*,#10150,.T.);
#10666 = ORIENTED_EDGE('',*,*,#10667,.T.);
#10667 = EDGE_CURVE('',#10097,#10041,#10668,.T.);
#10668 = SURFACE_CURVE('',#10669,(#10682,#10698),.PCURVE_S1.);
#10669 = B_SPLINE_CURVE_WITH_KNOTS('',6,(#10670,#10671,#10672,#10673,
    #10674,#10675,#10676,#10677,#10678,#10679,#10680,#10681),
  .UNSPECIFIED.,.F.,.F.,(7,5,7),(0.,0.640469313694,1.),.UNSPECIFIED.);
#10670 = CARTESIAN_POINT('',(-1.010784236898,3.088821009129,
    5.302674050905));
#10671 = CARTESIAN_POINT('',(-1.217257585813,3.021254774049,
    5.316189087636));
#10672 = CARTESIAN_POINT('',(-1.418323090934,2.937122474625,
    5.32970474001));
#10673 = CARTESIAN_POINT('',(-1.612292678271,2.836972663316,
    5.343218626831));
#10674 = CARTESIAN_POINT('',(-1.797597241328,2.72157552654,
    5.356731011276));
#10675 = CARTESIAN_POINT('',(-1.972771977133,2.591884935583,
    5.370242717804));
#10676 = CARTESIAN_POINT('',(-2.228380804906,2.368900930392,
    5.391336138349));
#10677 = CARTESIAN_POINT('',(-2.316670700551,2.284592600249,
    5.39891949192));
#10678 = CARTESIAN_POINT('',(-2.401117086283,2.196349927202,
    5.406502525944));
#10679 = CARTESIAN_POINT('',(-2.481502924922,2.104392967852,
    5.414085323849));
#10680 = CARTESIAN_POINT('',(-2.557628330395,2.008957440577,
    5.421667993642));
#10681 = CARTESIAN_POINT('',(-2.629310567732,1.910294725536,
    5.429250667908));
#10682 = PCURVE('',#9233,#10683);
#10683 = DEFINITIONAL_REPRESENTATION('',(#10684),#10697);
#10684 = B_SPLINE_CURVE_WITH_KNOTS('',6,(#10685,#10686,#10687,#10688,
    #10689,#10690,#10691,#10692,#10693,#10694,#10695,#10696),
  .UNSPECIFIED.,.F.,.F.,(7,5,7),(0.,0.640469313694,1.),.UNSPECIFIED.);
#10685 = CARTESIAN_POINT('',(1.88705244005,5.302674050905));
#10686 = CARTESIAN_POINT('',(1.953897798944,5.316189087636));
#10687 = CARTESIAN_POINT('',(2.020746988784,5.32970474001));
#10688 = CARTESIAN_POINT('',(2.087591756267,5.343218626831));
#10689 = CARTESIAN_POINT('',(2.154436587949,5.356731011276));
#10690 = CARTESIAN_POINT('',(2.221285956049,5.370242717804));
#10691 = CARTESIAN_POINT('',(2.325655685459,5.391336138349));
#10692 = CARTESIAN_POINT('',(2.363179915364,5.39891949192));
#10693 = CARTESIAN_POINT('',(2.400704199278,5.406502525944));
#10694 = CARTESIAN_POINT('',(2.438228488123,5.414085323849));
#10695 = CARTESIAN_POINT('',(2.475752739194,5.421667993642));
#10696 = CARTESIAN_POINT('',(2.51327691616,5.429250667908));
#10697 = ( GEOMETRIC_REPRESENTATION_CONTEXT(2) 
PARAMETRIC_REPRESENTATION_CONTEXT() REPRESENTATION_CONTEXT('2D SPACE',''
  ) );
#10698 = PCURVE('',#10120,#10699);
#10699 = DEFINITIONAL_REPRESENTATION('',(#10700),#10713);
#10700 = B_SPLINE_CURVE_WITH_KNOTS('',6,(#10701,#10702,#10703,#10704,
    #10705,#10706,#10707,#10708,#10709,#10710,#10711,#10712),
  .UNSPECIFIED.,.F.,.F.,(7,5,7),(0.,0.640469313694,1.),.UNSPECIFIED.);
#10701 = CARTESIAN_POINT('',(2.,0.300333817659));
#10702 = CARTESIAN_POINT('',(1.999999560286,0.310975578769));
#10703 = CARTESIAN_POINT('',(1.999959270148,0.321617824641));
#10704 = CARTESIAN_POINT('',(1.999882353243,0.332258680316));
#10705 = CARTESIAN_POINT('',(1.999798242041,0.342898353023));
#10706 = CARTESIAN_POINT('',(1.999747478152,0.353537491941));
#10707 = CARTESIAN_POINT('',(1.99974582402,0.37014648438));
#10708 = CARTESIAN_POINT('',(1.999760792738,0.376117628883));
#10709 = CARTESIAN_POINT('',(1.99979476036,0.382088521777));
#10710 = CARTESIAN_POINT('',(1.999848161601,0.388059228752));
#10711 = CARTESIAN_POINT('',(1.999918430415,0.394029834853));
#10712 = CARTESIAN_POINT('',(2.,0.400000444479));
#10713 = ( GEOMETRIC_REPRESENTATION_CONTEXT(2) 
PARAMETRIC_REPRESENTATION_CONTEXT() REPRESENTATION_CONTEXT('2D SPACE',''
  ) );
#10714 = ORIENTED_EDGE('',*,*,#10040,.T.);
#10715 = ORIENTED_EDGE('',*,*,#10006,.T.);
#10716 = ORIENTED_EDGE('',*,*,#9950,.F.);
#10717 = ORIENTED_EDGE('',*,*,#10718,.T.);
#10718 = EDGE_CURVE('',#9897,#9863,#10719,.T.);
#10719 = SURFACE_CURVE('',#10720,(#10738,#10759),.PCURVE_S1.);
#10720 = B_SPLINE_CURVE_WITH_KNOTS('',6,(#10721,#10722,#10723,#10724,
    #10725,#10726,#10727,#10728,#10729,#10730,#10731,#10732,#10733,
    #10734,#10735,#10736,#10737),.UNSPECIFIED.,.F.,.F.,(7,5,5,7),(0.,
    0.180676527574,0.404472050748,1.),.UNSPECIFIED.);
#10721 = CARTESIAN_POINT('',(-2.629310468038,-1.910294862754,
    5.68324954944));
#10722 = CARTESIAN_POINT('',(-2.593293263335,-1.959868577892,
    5.687059512951));
#10723 = CARTESIAN_POINT('',(-2.556154431263,-2.008627420672,
    5.690869473115));
#10724 = CARTESIAN_POINT('',(-2.517917052127,-2.056539625601,
    5.694679446075));
#10725 = CARTESIAN_POINT('',(-2.478605351909,-2.103574362817,
    5.698489447177));
#10726 = CARTESIAN_POINT('',(-2.438244702266,-2.149701738092,
    5.702299490976));
#10727 = CARTESIAN_POINT('',(-2.345602342127,-2.250868828428,
    5.710828983345));
#10728 = CARTESIAN_POINT('',(-2.292774301536,-2.305408393381,
    5.715548464484));
#10729 = CARTESIAN_POINT('',(-2.238427942699,-2.358456409183,
    5.720268059975));
#10730 = CARTESIAN_POINT('',(-2.182616107142,-2.409960325578,
    5.724987789907));
#10731 = CARTESIAN_POINT('',(-2.125394033968,-2.459870120555,
    5.729707669125));
#10732 = CARTESIAN_POINT('',(-1.910950041951,-2.636581665626,
    5.746987898685));
#10733 = CARTESIAN_POINT('',(-1.74549550325,-2.753406598736,
    5.759549776525));
#10734 = CARTESIAN_POINT('',(-1.5715527293,-2.857706114418,
    5.772112370282));
#10735 = CARTESIAN_POINT('',(-1.390311911965,-2.948734459355,
    5.784676182163));
#10736 = CARTESIAN_POINT('',(-1.203040246886,-3.025886128311,
    5.797241327189));
#10737 = CARTESIAN_POINT('',(-1.011090971748,-3.088720616509,
    5.809806075875));
#10738 = PCURVE('',#9233,#10739);
#10739 = DEFINITIONAL_REPRESENTATION('',(#10740),#10758);
#10740 = B_SPLINE_CURVE_WITH_KNOTS('',6,(#10741,#10742,#10743,#10744,
    #10745,#10746,#10747,#10748,#10749,#10750,#10751,#10752,#10753,
    #10754,#10755,#10756,#10757),.UNSPECIFIED.,.F.,.F.,(7,5,5,7),(0.,
    0.180676527574,0.404472050748,1.),.UNSPECIFIED.);
#10741 = CARTESIAN_POINT('',(3.769908443208,5.68324954944));
#10742 = CARTESIAN_POINT('',(3.788762707753,5.687059512951));
#10743 = CARTESIAN_POINT('',(3.807616975348,5.690869473115));
#10744 = CARTESIAN_POINT('',(3.826471244149,5.694679446075));
#10745 = CARTESIAN_POINT('',(3.845325512286,5.698489447177));
#10746 = CARTESIAN_POINT('',(3.864179777856,5.702299490976));
#10747 = CARTESIAN_POINT('',(3.906387925991,5.710828983345));
#10748 = CARTESIAN_POINT('',(3.929741820722,5.715548464484));
#10749 = CARTESIAN_POINT('',(3.953095715106,5.720268059975));
#10750 = CARTESIAN_POINT('',(3.976449601145,5.724987789907));
#10751 = CARTESIAN_POINT('',(3.999803470851,5.729707669125));
#10752 = CARTESIAN_POINT('',(4.085302740165,5.746987898685));
#10753 = CARTESIAN_POINT('',(4.147450779296,5.759549776525));
#10754 = CARTESIAN_POINT('',(4.20959564246,5.772112370282));
#10755 = CARTESIAN_POINT('',(4.271740444436,5.784676182163));
#10756 = CARTESIAN_POINT('',(4.333888323556,5.797241327189));
#10757 = CARTESIAN_POINT('',(4.396033560685,5.809806075875));
#10758 = ( GEOMETRIC_REPRESENTATION_CONTEXT(2) 
PARAMETRIC_REPRESENTATION_CONTEXT() REPRESENTATION_CONTEXT('2D SPACE',''
  ) );
#10759 = PCURVE('',#9920,#10760);
#10760 = DEFINITIONAL_REPRESENTATION('',(#10761),#10779);
#10761 = B_SPLINE_CURVE_WITH_KNOTS('',6,(#10762,#10763,#10764,#10765,
    #10766,#10767,#10768,#10769,#10770,#10771,#10772,#10773,#10774,
    #10775,#10776,#10777,#10778),.UNSPECIFIED.,.F.,.F.,(7,5,5,7),(0.,
    0.180676527574,0.404472050748,1.),.UNSPECIFIED.);
#10762 = CARTESIAN_POINT('',(2.,0.599999563799));
#10763 = CARTESIAN_POINT('',(1.999959014852,0.602999535084));
#10764 = CARTESIAN_POINT('',(1.999920865835,0.605999503734));
#10765 = CARTESIAN_POINT('',(1.999886279373,0.60899948246));
#10766 = CARTESIAN_POINT('',(1.999855780337,0.611999483346));
#10767 = CARTESIAN_POINT('',(1.999829692047,0.614999517852));
#10768 = CARTESIAN_POINT('',(1.999781436147,0.621715653618));
#10769 = CARTESIAN_POINT('',(1.999761709168,0.625431780524));
#10770 = CARTESIAN_POINT('',(1.999749135235,0.629147997471));
#10771 = CARTESIAN_POINT('',(1.999743512681,0.632864320277));
#10772 = CARTESIAN_POINT('',(1.999744258274,0.636580760632));
#10773 = CARTESIAN_POINT('',(1.999766769773,0.650187240699));
#10774 = CARTESIAN_POINT('',(1.999821490897,0.660078483169));
#10775 = CARTESIAN_POINT('',(1.999897973206,0.669970289356));
#10776 = CARTESIAN_POINT('',(1.999964627654,0.679863054699));
#10777 = CARTESIAN_POINT('',(1.999999545161,0.689756869766));
#10778 = CARTESIAN_POINT('',(2.,0.699650372756));
#10779 = ( GEOMETRIC_REPRESENTATION_CONTEXT(2) 
PARAMETRIC_REPRESENTATION_CONTEXT() REPRESENTATION_CONTEXT('2D SPACE',''
  ) );
#10780 = ORIENTED_EDGE('',*,*,#9862,.T.);
#10781 = ORIENTED_EDGE('',*,*,#10782,.F.);
#10782 = EDGE_CURVE('',#9774,#9809,#10783,.T.);
#10783 = SURFACE_CURVE('',#10784,(#10799,#10817),.PCURVE_S1.);
#10784 = B_SPLINE_CURVE_WITH_KNOTS('',5,(#10785,#10786,#10787,#10788,
    #10789,#10790,#10791,#10792,#10793,#10794,#10795,#10796,#10797,
    #10798),.UNSPECIFIED.,.F.,.F.,(6,4,4,6),(0.,0.334813050586,
    0.694456254575,1.),.UNSPECIFIED.);
#10785 = CARTESIAN_POINT('',(1.004302414797,-3.090934593231,
    5.937249917062));
#10786 = CARTESIAN_POINT('',(0.874206999683,-3.133205024912,
    5.928745594629));
#10787 = CARTESIAN_POINT('',(0.741886958257,-3.168631107739,
    5.920241050038));
#10788 = CARTESIAN_POINT('',(0.6078244997,-3.197056257918,5.91173615865)
  );
#10789 = CARTESIAN_POINT('',(0.472513545392,-3.218375753185,
    5.903230564246));
#10790 = CARTESIAN_POINT('',(0.190313276762,-3.247748550851,
    5.885587303669));
#10791 = CARTESIAN_POINT('',(4.330743264298E-02,-3.254700960762,
    5.876449413145));
#10792 = CARTESIAN_POINT('',(-0.103933580832,-3.253329302502,
    5.867310802863));
#10793 = CARTESIAN_POINT('',(-0.250784067362,-3.243639474137,
    5.858171322211));
#10794 = CARTESIAN_POINT('',(-0.520518711351,-3.210473985543,
    5.841266270226));
#10795 = CARTESIAN_POINT('',(-0.643686441679,-3.189291163589,
    5.833500769276));
#10796 = CARTESIAN_POINT('',(-0.765740808073,-3.162206732421,
    5.825735004571));
#10797 = CARTESIAN_POINT('',(-0.886307552295,-3.129303737788,
    5.817969130623));
#10798 = CARTESIAN_POINT('',(-1.005020649686,-3.090701133029,
    5.810203303798));
#10799 = PCURVE('',#9233,#10800);
#10800 = DEFINITIONAL_REPRESENTATION('',(#10801),#10816);
#10801 = B_SPLINE_CURVE_WITH_KNOTS('',5,(#10802,#10803,#10804,#10805,
    #10806,#10807,#10808,#10809,#10810,#10811,#10812,#10813,#10814,
    #10815),.UNSPECIFIED.,.F.,.F.,(6,4,4,6),(0.,0.334813050586,
    0.694456254575,1.),.UNSPECIFIED.);
#10802 = CARTESIAN_POINT('',(5.026547334394,5.937249917062));
#10803 = CARTESIAN_POINT('',(4.984457988538,5.928745594629));
#10804 = CARTESIAN_POINT('',(4.942368416863,5.920241050038));
#10805 = CARTESIAN_POINT('',(4.900279283217,5.91173615865));
#10806 = CARTESIAN_POINT('',(4.85818973982,5.903230564246));
#10807 = CARTESIAN_POINT('',(4.77088980639,5.885587303669));
#10808 = CARTESIAN_POINT('',(4.725678820072,5.876449413145));
#10809 = CARTESIAN_POINT('',(4.680468497655,5.867310802863));
#10810 = CARTESIAN_POINT('',(4.635257610928,5.858171322211));
#10811 = CARTESIAN_POINT('',(4.551637320759,5.841266270226));
#10812 = CARTESIAN_POINT('',(4.513227519251,5.833500769276));
#10813 = CARTESIAN_POINT('',(4.474817745938,5.825735004571));
#10814 = CARTESIAN_POINT('',(4.436408012202,5.817969130623));
#10815 = CARTESIAN_POINT('',(4.397998249407,5.810203303798));
#10816 = ( GEOMETRIC_REPRESENTATION_CONTEXT(2) 
PARAMETRIC_REPRESENTATION_CONTEXT() REPRESENTATION_CONTEXT('2D SPACE',''
  ) );
#10817 = PCURVE('',#9832,#10818);
#10818 = DEFINITIONAL_REPRESENTATION('',(#10819),#10834);
#10819 = B_SPLINE_CURVE_WITH_KNOTS('',5,(#10820,#10821,#10822,#10823,
    #10824,#10825,#10826,#10827,#10828,#10829,#10830,#10831,#10832,
    #10833),.UNSPECIFIED.,.F.,.F.,(6,4,4,6),(0.,0.334813050586,
    0.694456254575,1.),.UNSPECIFIED.);
#10820 = CARTESIAN_POINT('',(2.,0.799999854926));
#10821 = CARTESIAN_POINT('',(1.999857131091,0.79330353799));
#10822 = CARTESIAN_POINT('',(1.99975182015,0.786607046126));
#10823 = CARTESIAN_POINT('',(1.999689613731,0.779910281193));
#10824 = CARTESIAN_POINT('',(1.999664777563,0.773212962702));
#10825 = CARTESIAN_POINT('',(1.99967079699,0.75932063141));
#10826 = CARTESIAN_POINT('',(1.999705952621,0.752125441954));
#10827 = CARTESIAN_POINT('',(1.999761185913,0.744929685759));
#10828 = CARTESIAN_POINT('',(1.999820194084,0.737733244234));
#10829 = CARTESIAN_POINT('',(1.999917234012,0.724422179556));
#10830 = CARTESIAN_POINT('',(1.999957136443,0.718307611822));
#10831 = CARTESIAN_POINT('',(1.999985644811,0.712192836409));
#10832 = CARTESIAN_POINT('',(1.999999718715,0.706077974977));
#10833 = CARTESIAN_POINT('',(2.,0.699963150651));
#10834 = ( GEOMETRIC_REPRESENTATION_CONTEXT(2) 
PARAMETRIC_REPRESENTATION_CONTEXT() REPRESENTATION_CONTEXT('2D SPACE',''
  ) );
#10835 = ORIENTED_EDGE('',*,*,#9773,.F.);
#10836 = ORIENTED_EDGE('',*,*,#10837,.T.);
#10837 = EDGE_CURVE('',#9720,#9676,#10838,.T.);
#10838 = SURFACE_CURVE('',#10839,(#10852,#10868),.PCURVE_S1.);
#10839 = B_SPLINE_CURVE_WITH_KNOTS('',6,(#10840,#10841,#10842,#10843,
    #10844,#10845,#10846,#10847,#10848,#10849,#10850,#10851),
  .UNSPECIFIED.,.F.,.F.,(7,5,7),(0.,0.33977906897,1.),.UNSPECIFIED.);
#10840 = CARTESIAN_POINT('',(2.629306104223,-1.910300869051,
    6.064250192666));
#10841 = CARTESIAN_POINT('',(2.697280499342,-1.816742050693,
    6.071446325385));
#10842 = CARTESIAN_POINT('',(2.761259939927,-1.720280729142,
    6.078642640442));
#10843 = CARTESIAN_POINT('',(2.821088838347,-1.621131272565,
    6.085838822096));
#10844 = CARTESIAN_POINT('',(2.876627932286,-1.519517474511,
    6.093034598995));
#10845 = CARTESIAN_POINT('',(2.927754315316,-1.415672251622,
    6.100229709771));
#10846 = CARTESIAN_POINT('',(3.064923306636,-1.104190703924,
    6.121402758747));
#10847 = CARTESIAN_POINT('',(3.138421597337,-0.891033943142,
    6.135377909773));
#10848 = CARTESIAN_POINT('',(3.194082258798,-0.672126973526,
    6.149348301637));
#10849 = CARTESIAN_POINT('',(3.231373702525,-0.449330743511,
    6.163314167914));
#10850 = CARTESIAN_POINT('',(3.250000001799,-0.224601752403,
    6.17727827079));
#10851 = CARTESIAN_POINT('',(3.250000001799,-7.145395386488E-13,
    6.1912501));
#10852 = PCURVE('',#9233,#10853);
#10853 = DEFINITIONAL_REPRESENTATION('',(#10854),#10867);
#10854 = B_SPLINE_CURVE_WITH_KNOTS('',6,(#10855,#10856,#10857,#10858,
    #10859,#10860,#10861,#10862,#10863,#10864,#10865,#10866),
  .UNSPECIFIED.,.F.,.F.,(7,5,7),(0.,0.33977906897,1.),.UNSPECIFIED.);
#10855 = CARTESIAN_POINT('',(5.654867233198,6.064250192666));
#10856 = CARTESIAN_POINT('',(5.690450316586,6.071446325385));
#10857 = CARTESIAN_POINT('',(5.726033400454,6.078642640442));
#10858 = CARTESIAN_POINT('',(5.761616080639,6.085838822096));
#10859 = CARTESIAN_POINT('',(5.79719855304,6.093034598995));
#10860 = CARTESIAN_POINT('',(5.832781084046,6.100229709771));
#10861 = CARTESIAN_POINT('',(5.937503240752,6.121402758747));
#10862 = CARTESIAN_POINT('',(6.006641748878,6.135377909773));
#10863 = CARTESIAN_POINT('',(6.075782709005,6.149348301637));
#10864 = CARTESIAN_POINT('',(6.144929742186,6.163314167914));
#10865 = CARTESIAN_POINT('',(6.214077075671,6.17727827079));
#10866 = CARTESIAN_POINT('',(6.28318530718,6.1912501));
#10867 = ( GEOMETRIC_REPRESENTATION_CONTEXT(2) 
PARAMETRIC_REPRESENTATION_CONTEXT() REPRESENTATION_CONTEXT('2D SPACE',''
  ) );
#10868 = PCURVE('',#9743,#10869);
#10869 = DEFINITIONAL_REPRESENTATION('',(#10870),#10883);
#10870 = B_SPLINE_CURVE_WITH_KNOTS('',6,(#10871,#10872,#10873,#10874,
    #10875,#10876,#10877,#10878,#10879,#10880,#10881,#10882),
  .UNSPECIFIED.,.F.,.F.,(7,5,7),(0.,0.33977906897,1.),.UNSPECIFIED.);
#10871 = CARTESIAN_POINT('',(2.,0.90000007268));
#10872 = CARTESIAN_POINT('',(1.999446098169,0.905666318946));
#10873 = CARTESIAN_POINT('',(1.998770058341,0.911332708784));
#10874 = CARTESIAN_POINT('',(1.997974223883,0.916998993579));
#10875 = CARTESIAN_POINT('',(1.997073952802,0.922664959666));
#10876 = CARTESIAN_POINT('',(1.996105174126,0.928330401246));
#10877 = CARTESIAN_POINT('',(1.993240872213,0.945002093417));
#10878 = CARTESIAN_POINT('',(1.991332536912,0.956006149376));
#10879 = CARTESIAN_POINT('',(1.989880141773,0.967006457956));
#10880 = CARTESIAN_POINT('',(1.989742080719,0.978003203074));
#10881 = CARTESIAN_POINT('',(1.992424518657,0.988998559677));
#10882 = CARTESIAN_POINT('',(2.,1.));
#10883 = ( GEOMETRIC_REPRESENTATION_CONTEXT(2) 
PARAMETRIC_REPRESENTATION_CONTEXT() REPRESENTATION_CONTEXT('2D SPACE',''
  ) );
#10884 = ORIENTED_EDGE('',*,*,#10885,.T.);
#10885 = EDGE_CURVE('',#9676,#10886,#10888,.T.);
#10886 = VERTEX_POINT('',#10887);
#10887 = CARTESIAN_POINT('',(3.25,-7.960204194458E-16,8.));
#10888 = SEAM_CURVE('',#10889,(#10893,#10900),.PCURVE_S1.);
#10889 = LINE('',#10890,#10891);
#10890 = CARTESIAN_POINT('',(3.25,-7.960204194458E-16,0.));
#10891 = VECTOR('',#10892,1.);
#10892 = DIRECTION('',(0.,0.,1.));
#10893 = PCURVE('',#9233,#10894);
#10894 = DEFINITIONAL_REPRESENTATION('',(#10895),#10899);
#10895 = LINE('',#10896,#10897);
#10896 = CARTESIAN_POINT('',(6.28318530718,-0.));
#10897 = VECTOR('',#10898,1.);
#10898 = DIRECTION('',(0.,1.));
#10899 = ( GEOMETRIC_REPRESENTATION_CONTEXT(2) 
PARAMETRIC_REPRESENTATION_CONTEXT() REPRESENTATION_CONTEXT('2D SPACE',''
  ) );
#10900 = PCURVE('',#9233,#10901);
#10901 = DEFINITIONAL_REPRESENTATION('',(#10902),#10906);
#10902 = LINE('',#10903,#10904);
#10903 = CARTESIAN_POINT('',(0.,-0.));
#10904 = VECTOR('',#10905,1.);
#10905 = DIRECTION('',(0.,1.));
#10906 = ( GEOMETRIC_REPRESENTATION_CONTEXT(2) 
PARAMETRIC_REPRESENTATION_CONTEXT() REPRESENTATION_CONTEXT('2D SPACE',''
  ) );
#10907 = ORIENTED_EDGE('',*,*,#10908,.F.);
#10908 = EDGE_CURVE('',#10886,#10886,#10909,.T.);
#10909 = SURFACE_CURVE('',#10910,(#10915,#10922),.PCURVE_S1.);
#10910 = CIRCLE('',#10911,3.25);
#10911 = AXIS2_PLACEMENT_3D('',#10912,#10913,#10914);
#10912 = CARTESIAN_POINT('',(0.,0.,8.));
#10913 = DIRECTION('',(0.,0.,1.));
#10914 = DIRECTION('',(1.,0.,-0.));
#10915 = PCURVE('',#9233,#10916);
#10916 = DEFINITIONAL_REPRESENTATION('',(#10917),#10921);
#10917 = LINE('',#10918,#10919);
#10918 = CARTESIAN_POINT('',(0.,8.));
#10919 = VECTOR('',#10920,1.);
#10920 = DIRECTION('',(1.,0.));
#10921 = ( GEOMETRIC_REPRESENTATION_CONTEXT(2) 
PARAMETRIC_REPRESENTATION_CONTEXT() REPRESENTATION_CONTEXT('2D SPACE',''
  ) );
#10922 = PCURVE('',#10923,#10928);
#10923 = PLANE('',#10924);
#10924 = AXIS2_PLACEMENT_3D('',#10925,#10926,#10927);
#10925 = CARTESIAN_POINT('',(0.,0.,8.));
#10926 = DIRECTION('',(0.,0.,1.));
#10927 = DIRECTION('',(1.,0.,-0.));
#10928 = DEFINITIONAL_REPRESENTATION('',(#10929),#10933);
#10929 = CIRCLE('',#10930,3.25);
#10930 = AXIS2_PLACEMENT_2D('',#10931,#10932);
#10931 = CARTESIAN_POINT('',(0.,0.));
#10932 = DIRECTION('',(1.,0.));
#10933 = ( GEOMETRIC_REPRESENTATION_CONTEXT(2) 
PARAMETRIC_REPRESENTATION_CONTEXT() REPRESENTATION_CONTEXT('2D SPACE',''
  ) );
#10934 = ORIENTED_EDGE('',*,*,#10885,.F.);
#10935 = ADVANCED_FACE('',(#10936),#9293,.F.);
#10936 = FACE_BOUND('',#10937,.F.);
#10937 = EDGE_LOOP('',(#10938,#10939,#10940,#10982));
#10938 = ORIENTED_EDGE('',*,*,#9280,.T.);
#10939 = ORIENTED_EDGE('',*,*,#9326,.T.);
#10940 = ORIENTED_EDGE('',*,*,#10941,.F.);
#10941 = EDGE_CURVE('',#9645,#9327,#10942,.T.);
#10942 = SURFACE_CURVE('',#10943,(#10946,#10953),.PCURVE_S1.);
#10943 = B_SPLINE_CURVE_WITH_KNOTS('',1,(#10944,#10945),.UNSPECIFIED.,
  .F.,.F.,(2,2),(3.,4.),.PIECEWISE_BEZIER_KNOTS.);
#10944 = CARTESIAN_POINT('',(2.562592337315,-2.619628647832E-11,
    5.7943751004));
#10945 = CARTESIAN_POINT('',(2.56259233713,-2.612375567047E-11,
    5.4768751004));
#10946 = PCURVE('',#9293,#10947);
#10947 = DEFINITIONAL_REPRESENTATION('',(#10948),#10952);
#10948 = LINE('',#10949,#10950);
#10949 = CARTESIAN_POINT('',(0.,1.));
#10950 = VECTOR('',#10951,1.);
#10951 = DIRECTION('',(1.,0.));
#10952 = ( GEOMETRIC_REPRESENTATION_CONTEXT(2) 
PARAMETRIC_REPRESENTATION_CONTEXT() REPRESENTATION_CONTEXT('2D SPACE',''
  ) );
#10953 = PCURVE('',#10954,#10977);
#10954 = ( BOUNDED_SURFACE() B_SPLINE_SURFACE(1,6,(
    (#10955,#10956,#10957,#10958,#10959,#10960,#10961,#10962,#10963
      ,#10964,#10965)
    ,(#10966,#10967,#10968,#10969,#10970,#10971,#10972,#10973,#10974
      ,#10975,#10976
)),.UNSPECIFIED.,.F.,.F.,.F.) B_SPLINE_SURFACE_WITH_KNOTS((2,2),(7,4,7),
(3.,4.),(0.,0.5,1.),.UNSPECIFIED.) GEOMETRIC_REPRESENTATION_ITEM() 
RATIONAL_B_SPLINE_SURFACE((
    (1.,1.,1.,1.,1.,1.,1.,1.,1.,1.,1.)
,(1.,1.,1.,1.,1.,1.,1.,1.,1.,1.,1.
  ))) REPRESENTATION_ITEM('') SURFACE() );
#10955 = CARTESIAN_POINT('',(2.562592337341,-3.316333104032E-11,
    5.794375100511));
#10956 = CARTESIAN_POINT('',(2.562522222532,0.686793946658,
    5.848541767228));
#10957 = CARTESIAN_POINT('',(2.341952637272,1.373279361226,
    5.902708433904));
#10958 = CARTESIAN_POINT('',(1.899730026868,1.971797146509,
    5.956875101088));
#10959 = CARTESIAN_POINT('',(1.285634853126,2.391111622558,
    6.011041768111));
#10960 = CARTESIAN_POINT('',(-0.103255985721,2.781496099395,
    6.119375102495));
#10961 = CARTESIAN_POINT('',(-1.459379915008,2.28920991189,
    6.227708436854));
#10962 = CARTESIAN_POINT('',(-2.040695747276,1.825518834346,
    6.281875103853));
#10963 = CARTESIAN_POINT('',(-2.437325445026,1.195860784831,
    6.336041771002));
#10964 = CARTESIAN_POINT('',(-2.606390024735,0.494911190175,
    6.39020843764));
#10965 = CARTESIAN_POINT('',(-2.555539152853,-0.189997649717,
    6.444375104318));
#10966 = CARTESIAN_POINT('',(2.562592337104,-3.305452588347E-11,
    5.476875100511));
#10967 = CARTESIAN_POINT('',(2.562522222296,0.686793946658,
    5.531041767228));
#10968 = CARTESIAN_POINT('',(2.341952637036,1.373279361226,
    5.585208433904));
#10969 = CARTESIAN_POINT('',(1.899730026631,1.971797146509,
    5.639375101088));
#10970 = CARTESIAN_POINT('',(1.28563485289,2.391111622558,5.693541768111
    ));
#10971 = CARTESIAN_POINT('',(-0.103255985957,2.781496099395,
    5.801875102495));
#10972 = CARTESIAN_POINT('',(-1.459379915244,2.28920991189,
    5.910208436854));
#10973 = CARTESIAN_POINT('',(-2.040695747513,1.825518834346,
    5.964375103853));
#10974 = CARTESIAN_POINT('',(-2.437325445263,1.195860784831,
    6.018541771002));
#10975 = CARTESIAN_POINT('',(-2.606390024971,0.494911190175,
    6.07270843764));
#10976 = CARTESIAN_POINT('',(-2.555539153089,-0.189997649716,
    6.126875104318));
#10977 = DEFINITIONAL_REPRESENTATION('',(#10978),#10981);
#10978 = B_SPLINE_CURVE_WITH_KNOTS('',1,(#10979,#10980),.UNSPECIFIED.,
  .F.,.F.,(2,2),(3.,4.),.PIECEWISE_BEZIER_KNOTS.);
#10979 = CARTESIAN_POINT('',(3.,0.));
#10980 = CARTESIAN_POINT('',(4.,0.));
#10981 = ( GEOMETRIC_REPRESENTATION_CONTEXT(2) 
PARAMETRIC_REPRESENTATION_CONTEXT() REPRESENTATION_CONTEXT('2D SPACE',''
  ) );
#10982 = ORIENTED_EDGE('',*,*,#9644,.F.);
#10983 = ADVANCED_FACE('',(#10984),#9552,.F.);
#10984 = FACE_BOUND('',#10985,.F.);
#10985 = EDGE_LOOP('',(#10986,#10987,#10988,#11009));
#10986 = ORIENTED_EDGE('',*,*,#9539,.T.);
#10987 = ORIENTED_EDGE('',*,*,#10520,.T.);
#10988 = ORIENTED_EDGE('',*,*,#10989,.F.);
#10989 = EDGE_CURVE('',#10990,#10471,#10992,.T.);
#10990 = VERTEX_POINT('',#10991);
#10991 = CARTESIAN_POINT('',(-2.555539152733,-0.189997649592,
    6.126875105895));
#10992 = SURFACE_CURVE('',#10993,(#10996,#11003),.PCURVE_S1.);
#10993 = B_SPLINE_CURVE_WITH_KNOTS('',1,(#10994,#10995),.UNSPECIFIED.,
  .F.,.F.,(2,2),(4.,5.),.PIECEWISE_BEZIER_KNOTS.);
#10994 = CARTESIAN_POINT('',(-2.555539153089,-0.189997649716,
    6.126875104318));
#10995 = CARTESIAN_POINT('',(-3.24105482316,-0.240963946102,
    5.730000104828));
#10996 = PCURVE('',#9552,#10997);
#10997 = DEFINITIONAL_REPRESENTATION('',(#10998),#11002);
#10998 = LINE('',#10999,#11000);
#10999 = CARTESIAN_POINT('',(0.,1.));
#11000 = VECTOR('',#11001,1.);
#11001 = DIRECTION('',(1.,0.));
#11002 = ( GEOMETRIC_REPRESENTATION_CONTEXT(2) 
PARAMETRIC_REPRESENTATION_CONTEXT() REPRESENTATION_CONTEXT('2D SPACE',''
  ) );
#11003 = PCURVE('',#10496,#11004);
#11004 = DEFINITIONAL_REPRESENTATION('',(#11005),#11008);
#11005 = B_SPLINE_CURVE_WITH_KNOTS('',1,(#11006,#11007),.UNSPECIFIED.,
  .F.,.F.,(2,2),(4.,5.),.PIECEWISE_BEZIER_KNOTS.);
#11006 = CARTESIAN_POINT('',(4.,0.));
#11007 = CARTESIAN_POINT('',(5.,0.));
#11008 = ( GEOMETRIC_REPRESENTATION_CONTEXT(2) 
PARAMETRIC_REPRESENTATION_CONTEXT() REPRESENTATION_CONTEXT('2D SPACE',''
  ) );
#11009 = ORIENTED_EDGE('',*,*,#11010,.F.);
#11010 = EDGE_CURVE('',#9327,#10990,#11011,.T.);
#11011 = SURFACE_CURVE('',#11012,(#11024,#11031),.PCURVE_S1.);
#11012 = ( BOUNDED_CURVE() B_SPLINE_CURVE(6,(#11013,#11014,#11015,#11016
    ,#11017,#11018,#11019,#11020,#11021,#11022,#11023),.UNSPECIFIED.,.F.
,.F.) B_SPLINE_CURVE_WITH_KNOTS((7,4,7),(0.,0.5,1.),.UNSPECIFIED.) CURVE
() GEOMETRIC_REPRESENTATION_ITEM() RATIONAL_B_SPLINE_CURVE((1.,1.,1.,1.,
1.,1.,1.,1.,1.,1.,1.)) REPRESENTATION_ITEM('') );
#11013 = CARTESIAN_POINT('',(2.562592337104,-3.305452588347E-11,
    5.476875100511));
#11014 = CARTESIAN_POINT('',(2.562522222296,0.686793946658,
    5.531041767228));
#11015 = CARTESIAN_POINT('',(2.341952637036,1.373279361226,
    5.585208433904));
#11016 = CARTESIAN_POINT('',(1.899730026631,1.971797146509,
    5.639375101088));
#11017 = CARTESIAN_POINT('',(1.28563485289,2.391111622558,5.693541768111
    ));
#11018 = CARTESIAN_POINT('',(-0.103255985957,2.781496099395,
    5.801875102495));
#11019 = CARTESIAN_POINT('',(-1.459379915244,2.28920991189,
    5.910208436854));
#11020 = CARTESIAN_POINT('',(-2.040695747513,1.825518834346,
    5.964375103853));
#11021 = CARTESIAN_POINT('',(-2.437325445263,1.195860784831,
    6.018541771002));
#11022 = CARTESIAN_POINT('',(-2.606390024971,0.494911190175,
    6.07270843764));
#11023 = CARTESIAN_POINT('',(-2.555539153089,-0.189997649716,
    6.126875104318));
#11024 = PCURVE('',#9552,#11025);
#11025 = DEFINITIONAL_REPRESENTATION('',(#11026),#11030);
#11026 = LINE('',#11027,#11028);
#11027 = CARTESIAN_POINT('',(4.,0.));
#11028 = VECTOR('',#11029,1.);
#11029 = DIRECTION('',(0.,1.));
#11030 = ( GEOMETRIC_REPRESENTATION_CONTEXT(2) 
PARAMETRIC_REPRESENTATION_CONTEXT() REPRESENTATION_CONTEXT('2D SPACE',''
  ) );
#11031 = PCURVE('',#10954,#11032);
#11032 = DEFINITIONAL_REPRESENTATION('',(#11033),#11037);
#11033 = LINE('',#11034,#11035);
#11034 = CARTESIAN_POINT('',(4.,0.));
#11035 = VECTOR('',#11036,1.);
#11036 = DIRECTION('',(0.,1.));
#11037 = ( GEOMETRIC_REPRESENTATION_CONTEXT(2) 
PARAMETRIC_REPRESENTATION_CONTEXT() REPRESENTATION_CONTEXT('2D SPACE',''
  ) );
#11038 = ADVANCED_FACE('',(#11039),#9613,.F.);
#11039 = FACE_BOUND('',#11040,.F.);
#11040 = EDGE_LOOP('',(#11041,#11042));
#11041 = ORIENTED_EDGE('',*,*,#10563,.F.);
#11042 = ORIENTED_EDGE('',*,*,#9589,.T.);
#11043 = ADVANCED_FACE('',(#11044),#10208,.F.);
#11044 = FACE_BOUND('',#11045,.F.);
#11045 = EDGE_LOOP('',(#11046,#11047));
#11046 = ORIENTED_EDGE('',*,*,#10612,.F.);
#11047 = ORIENTED_EDGE('',*,*,#10184,.T.);
#11048 = ADVANCED_FACE('',(#11049),#10120,.F.);
#11049 = FACE_BOUND('',#11050,.F.);
#11050 = EDGE_LOOP('',(#11051,#11052));
#11051 = ORIENTED_EDGE('',*,*,#10667,.F.);
#11052 = ORIENTED_EDGE('',*,*,#10096,.T.);
#11053 = ADVANCED_FACE('',(#11054),#9920,.F.);
#11054 = FACE_BOUND('',#11055,.F.);
#11055 = EDGE_LOOP('',(#11056,#11057));
#11056 = ORIENTED_EDGE('',*,*,#9896,.T.);
#11057 = ORIENTED_EDGE('',*,*,#10718,.F.);
#11058 = ADVANCED_FACE('',(#11059),#9832,.F.);
#11059 = FACE_BOUND('',#11060,.F.);
#11060 = EDGE_LOOP('',(#11061,#11062));
#11061 = ORIENTED_EDGE('',*,*,#9808,.T.);
#11062 = ORIENTED_EDGE('',*,*,#10782,.T.);
#11063 = ADVANCED_FACE('',(#11064),#9743,.F.);
#11064 = FACE_BOUND('',#11065,.F.);
#11065 = EDGE_LOOP('',(#11066,#11067));
#11066 = ORIENTED_EDGE('',*,*,#9719,.T.);
#11067 = ORIENTED_EDGE('',*,*,#10837,.F.);
#11068 = ADVANCED_FACE('',(#11069),#9690,.F.);
#11069 = FACE_BOUND('',#11070,.F.);
#11070 = EDGE_LOOP('',(#11071,#11072,#11103,#11122));
#11071 = ORIENTED_EDGE('',*,*,#9675,.T.);
#11072 = ORIENTED_EDGE('',*,*,#11073,.T.);
#11073 = EDGE_CURVE('',#9645,#11074,#11076,.T.);
#11074 = VERTEX_POINT('',#11075);
#11075 = CARTESIAN_POINT('',(-2.555539153224,-0.189997649646,
    6.444375105895));
#11076 = SURFACE_CURVE('',#11077,(#11089,#11096),.PCURVE_S1.);
#11077 = ( BOUNDED_CURVE() B_SPLINE_CURVE(6,(#11078,#11079,#11080,#11081
    ,#11082,#11083,#11084,#11085,#11086,#11087,#11088),.UNSPECIFIED.,.F.
,.F.) B_SPLINE_CURVE_WITH_KNOTS((7,4,7),(0.,0.5,1.),.UNSPECIFIED.) CURVE
() GEOMETRIC_REPRESENTATION_ITEM() RATIONAL_B_SPLINE_CURVE((1.,1.,1.,1.,
1.,1.,1.,1.,1.,1.,1.)) REPRESENTATION_ITEM('') );
#11078 = CARTESIAN_POINT('',(2.562592337341,-3.316333104032E-11,
    5.794375100511));
#11079 = CARTESIAN_POINT('',(2.562522222532,0.686793946658,
    5.848541767228));
#11080 = CARTESIAN_POINT('',(2.341952637272,1.373279361226,
    5.902708433904));
#11081 = CARTESIAN_POINT('',(1.899730026868,1.971797146509,
    5.956875101088));
#11082 = CARTESIAN_POINT('',(1.285634853126,2.391111622558,
    6.011041768111));
#11083 = CARTESIAN_POINT('',(-0.103255985721,2.781496099395,
    6.119375102495));
#11084 = CARTESIAN_POINT('',(-1.459379915008,2.28920991189,
    6.227708436854));
#11085 = CARTESIAN_POINT('',(-2.040695747276,1.825518834346,
    6.281875103853));
#11086 = CARTESIAN_POINT('',(-2.437325445026,1.195860784831,
    6.336041771002));
#11087 = CARTESIAN_POINT('',(-2.606390024735,0.494911190175,
    6.39020843764));
#11088 = CARTESIAN_POINT('',(-2.555539152853,-0.189997649717,
    6.444375104318));
#11089 = PCURVE('',#9690,#11090);
#11090 = DEFINITIONAL_REPRESENTATION('',(#11091),#11095);
#11091 = LINE('',#11092,#11093);
#11092 = CARTESIAN_POINT('',(3.,0.));
#11093 = VECTOR('',#11094,1.);
#11094 = DIRECTION('',(0.,1.));
#11095 = ( GEOMETRIC_REPRESENTATION_CONTEXT(2) 
PARAMETRIC_REPRESENTATION_CONTEXT() REPRESENTATION_CONTEXT('2D SPACE',''
  ) );
#11096 = PCURVE('',#10954,#11097);
#11097 = DEFINITIONAL_REPRESENTATION('',(#11098),#11102);
#11098 = LINE('',#11099,#11100);
#11099 = CARTESIAN_POINT('',(3.,0.));
#11100 = VECTOR('',#11101,1.);
#11101 = DIRECTION('',(0.,1.));
#11102 = ( GEOMETRIC_REPRESENTATION_CONTEXT(2) 
PARAMETRIC_REPRESENTATION_CONTEXT() REPRESENTATION_CONTEXT('2D SPACE',''
  ) );
#11103 = ORIENTED_EDGE('',*,*,#11104,.F.);
#11104 = EDGE_CURVE('',#10351,#11074,#11105,.T.);
#11105 = SURFACE_CURVE('',#11106,(#11109,#11116),.PCURVE_S1.);
#11106 = B_SPLINE_CURVE_WITH_KNOTS('',1,(#11107,#11108),.UNSPECIFIED.,
  .F.,.F.,(2,2),(2.,3.),.PIECEWISE_BEZIER_KNOTS.);
#11107 = CARTESIAN_POINT('',(-3.241054822333,-0.240963946102,
    6.841250104828));
#11108 = CARTESIAN_POINT('',(-2.555539152853,-0.189997649717,
    6.444375104318));
#11109 = PCURVE('',#9690,#11110);
#11110 = DEFINITIONAL_REPRESENTATION('',(#11111),#11115);
#11111 = LINE('',#11112,#11113);
#11112 = CARTESIAN_POINT('',(0.,1.));
#11113 = VECTOR('',#11114,1.);
#11114 = DIRECTION('',(1.,0.));
#11115 = ( GEOMETRIC_REPRESENTATION_CONTEXT(2) 
PARAMETRIC_REPRESENTATION_CONTEXT() REPRESENTATION_CONTEXT('2D SPACE',''
  ) );
#11116 = PCURVE('',#10420,#11117);
#11117 = DEFINITIONAL_REPRESENTATION('',(#11118),#11121);
#11118 = B_SPLINE_CURVE_WITH_KNOTS('',1,(#11119,#11120),.UNSPECIFIED.,
  .F.,.F.,(2,2),(2.,3.),.PIECEWISE_BEZIER_KNOTS.);
#11119 = CARTESIAN_POINT('',(2.,0.));
#11120 = CARTESIAN_POINT('',(3.,0.));
#11121 = ( GEOMETRIC_REPRESENTATION_CONTEXT(2) 
PARAMETRIC_REPRESENTATION_CONTEXT() REPRESENTATION_CONTEXT('2D SPACE',''
  ) );
#11122 = ORIENTED_EDGE('',*,*,#10350,.F.);
#11123 = ADVANCED_FACE('',(#11124),#10420,.F.);
#11124 = FACE_BOUND('',#11125,.F.);
#11125 = EDGE_LOOP('',(#11126,#11127,#11172,#11191));
#11126 = ORIENTED_EDGE('',*,*,#11104,.T.);
#11127 = ORIENTED_EDGE('',*,*,#11128,.T.);
#11128 = EDGE_CURVE('',#11074,#11129,#11131,.T.);
#11129 = VERTEX_POINT('',#11130);
#11130 = CARTESIAN_POINT('',(0.236330647801,-3.17873521764,
    6.617556935333));
#11131 = SURFACE_CURVE('',#11132,(#11141,#11148),.PCURVE_S1.);
#11132 = ( BOUNDED_CURVE() B_SPLINE_CURVE(7,(#11133,#11134,#11135,#11136
    ,#11137,#11138,#11139,#11140),.UNSPECIFIED.,.F.,.F.) 
B_SPLINE_CURVE_WITH_KNOTS((8,8),(0.,1.),.PIECEWISE_BEZIER_KNOTS.) CURVE(
) GEOMETRIC_REPRESENTATION_ITEM() RATIONAL_B_SPLINE_CURVE((1.,1.,1.,1.,
1.,1.,1.,1.)) REPRESENTATION_ITEM('') );
#11133 = CARTESIAN_POINT('',(-2.555539153594,-0.189997649575,
    6.444375107472));
#11134 = CARTESIAN_POINT('',(-2.602455799596,-0.776597975956,
    6.469393385753));
#11135 = CARTESIAN_POINT('',(-2.492138010383,-1.39761334067,
    6.494333512967));
#11136 = CARTESIAN_POINT('',(-2.20733268066,-2.001984468863,
    6.519186127296));
#11137 = CARTESIAN_POINT('',(-1.751592792168,-2.529312999392,
    6.54394247473));
#11138 = CARTESIAN_POINT('',(-1.156537784413,-2.922142175646,
    6.568594486252));
#11139 = CARTESIAN_POINT('',(-0.474339048259,-3.143204089957,
    6.593134836248));
#11140 = CARTESIAN_POINT('',(0.236330647801,-3.17873521764,
    6.617556935333));
#11141 = PCURVE('',#10420,#11142);
#11142 = DEFINITIONAL_REPRESENTATION('',(#11143),#11147);
#11143 = LINE('',#11144,#11145);
#11144 = CARTESIAN_POINT('',(3.,0.));
#11145 = VECTOR('',#11146,1.);
#11146 = DIRECTION('',(0.,1.));
#11147 = ( GEOMETRIC_REPRESENTATION_CONTEXT(2) 
PARAMETRIC_REPRESENTATION_CONTEXT() REPRESENTATION_CONTEXT('2D SPACE',''
  ) );
#11148 = PCURVE('',#11149,#11166);
#11149 = ( BOUNDED_SURFACE() B_SPLINE_SURFACE(1,7,(
    (#11150,#11151,#11152,#11153,#11154,#11155,#11156,#11157)
    ,(#11158,#11159,#11160,#11161,#11162,#11163,#11164,#11165
)),.UNSPECIFIED.,.F.,.F.,.F.) B_SPLINE_SURFACE_WITH_KNOTS((2,2),(8,8),(
    3.,4.),(0.,1.),.PIECEWISE_BEZIER_KNOTS.) 
GEOMETRIC_REPRESENTATION_ITEM() RATIONAL_B_SPLINE_SURFACE((
    (1.,1.,1.,1.,1.,1.,1.,1.)
,(1.,1.,1.,1.,1.,1.,1.,1.))) REPRESENTATION_ITEM('') SURFACE() );
#11150 = CARTESIAN_POINT('',(-2.555539153594,-0.189997649575,
    6.444375107472));
#11151 = CARTESIAN_POINT('',(-2.602455799596,-0.776597975956,
    6.469393385753));
#11152 = CARTESIAN_POINT('',(-2.492138010383,-1.39761334067,
    6.494333512967));
#11153 = CARTESIAN_POINT('',(-2.20733268066,-2.001984468863,
    6.519186127296));
#11154 = CARTESIAN_POINT('',(-1.751592792168,-2.529312999392,
    6.54394247473));
#11155 = CARTESIAN_POINT('',(-1.156537784413,-2.922142175646,
    6.568594486252));
#11156 = CARTESIAN_POINT('',(-0.474339048259,-3.143204089957,
    6.593134836248));
#11157 = CARTESIAN_POINT('',(0.236330647801,-3.17873521764,
    6.617556935333));
#11158 = CARTESIAN_POINT('',(-2.555539152378,-0.189997649467,
    6.126875107472));
#11159 = CARTESIAN_POINT('',(-2.602455798539,-0.776597975862,
    6.193590517059));
#11160 = CARTESIAN_POINT('',(-2.492138009485,-1.39761334059,
    6.260097521746));
#11161 = CARTESIAN_POINT('',(-2.207332679921,-2.001984468797,
    6.326371160246));
#11162 = CARTESIAN_POINT('',(-1.751592791587,-2.52931299934,
    6.392388081908));
#11163 = CARTESIAN_POINT('',(-1.15653778399,-2.922142175609,
    6.458126777506));
#11164 = CARTESIAN_POINT('',(-0.474339047992,-3.143204089933,
    6.523567705717));
#11165 = CARTESIAN_POINT('',(0.236330647912,-3.17873521763,6.58869329897
    ));
#11166 = DEFINITIONAL_REPRESENTATION('',(#11167),#11171);
#11167 = LINE('',#11168,#11169);
#11168 = CARTESIAN_POINT('',(3.,0.));
#11169 = VECTOR('',#11170,1.);
#11170 = DIRECTION('',(0.,1.));
#11171 = ( GEOMETRIC_REPRESENTATION_CONTEXT(2) 
PARAMETRIC_REPRESENTATION_CONTEXT() REPRESENTATION_CONTEXT('2D SPACE',''
  ) );
#11172 = ORIENTED_EDGE('',*,*,#11173,.F.);
#11173 = EDGE_CURVE('',#10395,#11129,#11174,.T.);
#11174 = SURFACE_CURVE('',#11175,(#11178,#11185),.PCURVE_S1.);
#11175 = B_SPLINE_CURVE_WITH_KNOTS('',1,(#11176,#11177),.UNSPECIFIED.,
  .F.,.F.,(2,2),(2.,3.),.PIECEWISE_BEZIER_KNOTS.);
#11176 = CARTESIAN_POINT('',(0.240963947352,-3.241054823994,
    6.653636480784));
#11177 = CARTESIAN_POINT('',(0.236330647801,-3.17873521764,
    6.617556935333));
#11178 = PCURVE('',#10420,#11179);
#11179 = DEFINITIONAL_REPRESENTATION('',(#11180),#11184);
#11180 = LINE('',#11181,#11182);
#11181 = CARTESIAN_POINT('',(0.,1.));
#11182 = VECTOR('',#11183,1.);
#11183 = DIRECTION('',(1.,0.));
#11184 = ( GEOMETRIC_REPRESENTATION_CONTEXT(2) 
PARAMETRIC_REPRESENTATION_CONTEXT() REPRESENTATION_CONTEXT('2D SPACE',''
  ) );
#11185 = PCURVE('',#10459,#11186);
#11186 = DEFINITIONAL_REPRESENTATION('',(#11187),#11190);
#11187 = B_SPLINE_CURVE_WITH_KNOTS('',1,(#11188,#11189),.UNSPECIFIED.,
  .F.,.F.,(2,2),(2.,3.),.PIECEWISE_BEZIER_KNOTS.);
#11188 = CARTESIAN_POINT('',(7.751157330603E-02,6.729135116522E-02));
#11189 = CARTESIAN_POINT('',(0.103565526157,0.));
#11190 = ( GEOMETRIC_REPRESENTATION_CONTEXT(2) 
PARAMETRIC_REPRESENTATION_CONTEXT() REPRESENTATION_CONTEXT('2D SPACE',''
  ) );
#11191 = ORIENTED_EDGE('',*,*,#10394,.F.);
#11192 = ADVANCED_FACE('',(#11193),#10459,.T.);
#11193 = FACE_BOUND('',#11194,.T.);
#11194 = EDGE_LOOP('',(#11195,#11196,#11217,#11236));
#11195 = ORIENTED_EDGE('',*,*,#10444,.F.);
#11196 = ORIENTED_EDGE('',*,*,#11197,.F.);
#11197 = EDGE_CURVE('',#11198,#10445,#11200,.T.);
#11198 = VERTEX_POINT('',#11199);
#11199 = CARTESIAN_POINT('',(0.236330647912,-3.17873521763,6.58869329897
    ));
#11200 = SURFACE_CURVE('',#11201,(#11204,#11210),.PCURVE_S1.);
#11201 = B_SPLINE_CURVE_WITH_KNOTS('',1,(#11202,#11203),.UNSPECIFIED.,
  .F.,.F.,(2,2),(4.,5.),.PIECEWISE_BEZIER_KNOTS.);
#11202 = CARTESIAN_POINT('',(0.236330647912,-3.17873521763,6.58869329897
    ));
#11203 = CARTESIAN_POINT('',(0.240963947739,-3.24105482396,
    6.552613753512));
#11204 = PCURVE('',#10459,#11205);
#11205 = DEFINITIONAL_REPRESENTATION('',(#11206),#11209);
#11206 = B_SPLINE_CURVE_WITH_KNOTS('',1,(#11207,#11208),.UNSPECIFIED.,
  .F.,.F.,(2,2),(4.,5.),.PIECEWISE_BEZIER_KNOTS.);
#11207 = CARTESIAN_POINT('',(8.546590890216E-02,-2.248362424839E-02));
#11208 = CARTESIAN_POINT('',(1.416291291237E-02,-1.140133370415E-02));
#11209 = ( GEOMETRIC_REPRESENTATION_CONTEXT(2) 
PARAMETRIC_REPRESENTATION_CONTEXT() REPRESENTATION_CONTEXT('2D SPACE',''
  ) );
#11210 = PCURVE('',#10496,#11211);
#11211 = DEFINITIONAL_REPRESENTATION('',(#11212),#11216);
#11212 = LINE('',#11213,#11214);
#11213 = CARTESIAN_POINT('',(0.,1.));
#11214 = VECTOR('',#11215,1.);
#11215 = DIRECTION('',(1.,0.));
#11216 = ( GEOMETRIC_REPRESENTATION_CONTEXT(2) 
PARAMETRIC_REPRESENTATION_CONTEXT() REPRESENTATION_CONTEXT('2D SPACE',''
  ) );
#11217 = ORIENTED_EDGE('',*,*,#11218,.F.);
#11218 = EDGE_CURVE('',#11129,#11198,#11219,.T.);
#11219 = SURFACE_CURVE('',#11220,(#11223,#11229),.PCURVE_S1.);
#11220 = B_SPLINE_CURVE_WITH_KNOTS('',1,(#11221,#11222),.UNSPECIFIED.,
  .F.,.F.,(2,2),(3.,4.),.PIECEWISE_BEZIER_KNOTS.);
#11221 = CARTESIAN_POINT('',(0.236330647801,-3.17873521764,
    6.617556935333));
#11222 = CARTESIAN_POINT('',(0.236330647912,-3.17873521763,6.58869329897
    ));
#11223 = PCURVE('',#10459,#11224);
#11224 = DEFINITIONAL_REPRESENTATION('',(#11225),#11228);
#11225 = B_SPLINE_CURVE_WITH_KNOTS('',1,(#11226,#11227),.UNSPECIFIED.,
  .F.,.F.,(2,2),(3.,4.),.PIECEWISE_BEZIER_KNOTS.);
#11226 = CARTESIAN_POINT('',(0.103565526157,0.));
#11227 = CARTESIAN_POINT('',(8.546590890216E-02,-2.248362424839E-02));
#11228 = ( GEOMETRIC_REPRESENTATION_CONTEXT(2) 
PARAMETRIC_REPRESENTATION_CONTEXT() REPRESENTATION_CONTEXT('2D SPACE',''
  ) );
#11229 = PCURVE('',#11149,#11230);
#11230 = DEFINITIONAL_REPRESENTATION('',(#11231),#11235);
#11231 = LINE('',#11232,#11233);
#11232 = CARTESIAN_POINT('',(0.,1.));
#11233 = VECTOR('',#11234,1.);
#11234 = DIRECTION('',(1.,0.));
#11235 = ( GEOMETRIC_REPRESENTATION_CONTEXT(2) 
PARAMETRIC_REPRESENTATION_CONTEXT() REPRESENTATION_CONTEXT('2D SPACE',''
  ) );
#11236 = ORIENTED_EDGE('',*,*,#11173,.F.);
#11237 = ADVANCED_FACE('',(#11238),#10496,.F.);
#11238 = FACE_BOUND('',#11239,.F.);
#11239 = EDGE_LOOP('',(#11240,#11241,#11242,#11243));
#11240 = ORIENTED_EDGE('',*,*,#10989,.T.);
#11241 = ORIENTED_EDGE('',*,*,#10470,.T.);
#11242 = ORIENTED_EDGE('',*,*,#11197,.F.);
#11243 = ORIENTED_EDGE('',*,*,#11244,.F.);
#11244 = EDGE_CURVE('',#10990,#11198,#11245,.T.);
#11245 = SURFACE_CURVE('',#11246,(#11255,#11262),.PCURVE_S1.);
#11246 = ( BOUNDED_CURVE() B_SPLINE_CURVE(7,(#11247,#11248,#11249,#11250
    ,#11251,#11252,#11253,#11254),.UNSPECIFIED.,.F.,.F.) 
B_SPLINE_CURVE_WITH_KNOTS((8,8),(0.,1.),.PIECEWISE_BEZIER_KNOTS.) CURVE(
) GEOMETRIC_REPRESENTATION_ITEM() RATIONAL_B_SPLINE_CURVE((1.,1.,1.,1.,
1.,1.,1.,1.)) REPRESENTATION_ITEM('') );
#11247 = CARTESIAN_POINT('',(-2.555539152378,-0.189997649467,
    6.126875107472));
#11248 = CARTESIAN_POINT('',(-2.602455798539,-0.776597975862,
    6.193590517059));
#11249 = CARTESIAN_POINT('',(-2.492138009485,-1.39761334059,
    6.260097521746));
#11250 = CARTESIAN_POINT('',(-2.207332679921,-2.001984468797,
    6.326371160246));
#11251 = CARTESIAN_POINT('',(-1.751592791587,-2.52931299934,
    6.392388081908));
#11252 = CARTESIAN_POINT('',(-1.15653778399,-2.922142175609,
    6.458126777506));
#11253 = CARTESIAN_POINT('',(-0.474339047992,-3.143204089933,
    6.523567705717));
#11254 = CARTESIAN_POINT('',(0.236330647912,-3.17873521763,6.58869329897
    ));
#11255 = PCURVE('',#10496,#11256);
#11256 = DEFINITIONAL_REPRESENTATION('',(#11257),#11261);
#11257 = LINE('',#11258,#11259);
#11258 = CARTESIAN_POINT('',(4.,0.));
#11259 = VECTOR('',#11260,1.);
#11260 = DIRECTION('',(0.,1.));
#11261 = ( GEOMETRIC_REPRESENTATION_CONTEXT(2) 
PARAMETRIC_REPRESENTATION_CONTEXT() REPRESENTATION_CONTEXT('2D SPACE',''
  ) );
#11262 = PCURVE('',#11149,#11263);
#11263 = DEFINITIONAL_REPRESENTATION('',(#11264),#11268);
#11264 = LINE('',#11265,#11266);
#11265 = CARTESIAN_POINT('',(4.,0.));
#11266 = VECTOR('',#11267,1.);
#11267 = DIRECTION('',(0.,1.));
#11268 = ( GEOMETRIC_REPRESENTATION_CONTEXT(2) 
PARAMETRIC_REPRESENTATION_CONTEXT() REPRESENTATION_CONTEXT('2D SPACE',''
  ) );
#11269 = ADVANCED_FACE('',(#11270),#10923,.F.);
#11270 = FACE_BOUND('',#11271,.F.);
#11271 = EDGE_LOOP('',(#11272));
#11272 = ORIENTED_EDGE('',*,*,#10908,.T.);
#11273 = ADVANCED_FACE('',(#11274),#10954,.F.);
#11274 = FACE_BOUND('',#11275,.F.);
#11275 = EDGE_LOOP('',(#11276,#11277,#11278,#11297));
#11276 = ORIENTED_EDGE('',*,*,#10941,.T.);
#11277 = ORIENTED_EDGE('',*,*,#11010,.T.);
#11278 = ORIENTED_EDGE('',*,*,#11279,.F.);
#11279 = EDGE_CURVE('',#11074,#10990,#11280,.T.);
#11280 = SURFACE_CURVE('',#11281,(#11284,#11291),.PCURVE_S1.);
#11281 = B_SPLINE_CURVE_WITH_KNOTS('',1,(#11282,#11283),.UNSPECIFIED.,
  .F.,.F.,(2,2),(3.,4.),.PIECEWISE_BEZIER_KNOTS.);
#11282 = CARTESIAN_POINT('',(-2.555539152853,-0.189997649717,
    6.444375104318));
#11283 = CARTESIAN_POINT('',(-2.555539153089,-0.189997649716,
    6.126875104318));
#11284 = PCURVE('',#10954,#11285);
#11285 = DEFINITIONAL_REPRESENTATION('',(#11286),#11290);
#11286 = LINE('',#11287,#11288);
#11287 = CARTESIAN_POINT('',(0.,1.));
#11288 = VECTOR('',#11289,1.);
#11289 = DIRECTION('',(1.,0.));
#11290 = ( GEOMETRIC_REPRESENTATION_CONTEXT(2) 
PARAMETRIC_REPRESENTATION_CONTEXT() REPRESENTATION_CONTEXT('2D SPACE',''
  ) );
#11291 = PCURVE('',#11149,#11292);
#11292 = DEFINITIONAL_REPRESENTATION('',(#11293),#11296);
#11293 = B_SPLINE_CURVE_WITH_KNOTS('',1,(#11294,#11295),.UNSPECIFIED.,
  .F.,.F.,(2,2),(3.,4.),.PIECEWISE_BEZIER_KNOTS.);
#11294 = CARTESIAN_POINT('',(3.,0.));
#11295 = CARTESIAN_POINT('',(4.,0.));
#11296 = ( GEOMETRIC_REPRESENTATION_CONTEXT(2) 
PARAMETRIC_REPRESENTATION_CONTEXT() REPRESENTATION_CONTEXT('2D SPACE',''
  ) );
#11297 = ORIENTED_EDGE('',*,*,#11073,.F.);
#11298 = ADVANCED_FACE('',(#11299),#11149,.F.);
#11299 = FACE_BOUND('',#11300,.F.);
#11300 = EDGE_LOOP('',(#11301,#11302,#11303,#11304));
#11301 = ORIENTED_EDGE('',*,*,#11279,.T.);
#11302 = ORIENTED_EDGE('',*,*,#11244,.T.);
#11303 = ORIENTED_EDGE('',*,*,#11218,.F.);
#11304 = ORIENTED_EDGE('',*,*,#11128,.F.);
#11305 = ( GEOMETRIC_REPRESENTATION_CONTEXT(3) 
GLOBAL_UNCERTAINTY_ASSIGNED_CONTEXT((#11309)) 
GLOBAL_UNIT_ASSIGNED_CONTEXT((#11306,#11307,#11308)) 
REPRESENTATION_CONTEXT('Context #1',
  '3D Context with UNIT and UNCERTAINTY') );
#11306 = ( LENGTH_UNIT() NAMED_UNIT(*) SI_UNIT(.MILLI.,.METRE.) );
#11307 = ( NAMED_UNIT(*) PLANE_ANGLE_UNIT() SI_UNIT($,.RADIAN.) );
#11308 = ( NAMED_UNIT(*) SI_UNIT($,.STERADIAN.) SOLID_ANGLE_UNIT() );
#11309 = UNCERTAINTY_MEASURE_WITH_UNIT(LENGTH_MEASURE(1.E-05),#11306,
  'distance_accuracy_value','confusion accuracy');
#11310 = PRODUCT_RELATED_PRODUCT_CATEGORY('part',$,(#7));
ENDSEC;
END-ISO-10303-21;
